method,file,group,snr_in,snr_out,ssnr_in,ssnr_out,pesq_nb,pesq_wb,stoi,si_sdr
noisy,p232_001,high,15.478143175658591,15.478143175658591,6.76163176073041,6.76163176073041,3.728126049041748,2.9237451553344727,0.8965728630334986,15.475977824050279
noisy,p232_002,mid,11.314868438515354,11.314868438515354,6.16787037656566,6.16787037656566,3.560476303100586,3.0593268871307373,0.9695397220283709,11.324060003893964
noisy,p232_003,mid,6.719148613320238,6.719148613320238,1.8017472035388342,1.8017472035388342,3.502143621444702,2.8065359592437744,0.9717256058081365,6.736222853090458
noisy,p232_005,low,1.8546827150956735,1.8546827150956735,-0.16645663084208548,-0.16645663084208548,2.110119342803955,1.32767915725708,0.8819815210372395,1.857518462140126
noisy,p232_006,high,16.857150803045947,16.857150803045947,10.583334487105049,10.583334487105049,2.8776867389678955,2.1933305263519287,0.9650808048697812,16.849343225273763
noisy,p232_007,mid,11.813771415956893,11.813771415956893,6.01249040905986,6.01249040905986,2.3160784244537354,1.5506441593170166,0.9369818020812223,11.809272091877903
noisy,p232_009,mid,6.788503370430386,6.788503370430386,3.3343673957546325,3.3343673957546325,2.6636056900024414,1.8038394451141357,0.9609183791012802,6.771864128295572
noisy,p232_010,low,0.9066936168060327,0.9066936168060327,-4.257409955820757,-4.257409955820757,1.6864533424377441,1.2188353538513184,0.7850100755491836,0.8820952527564662
noisy,p232_011,high,16.80851183214259,16.80851183214259,9.712284950287906,9.712284950287906,3.437560558319092,2.7237372398376465,0.9653089894754378,16.804927012794774
noisy,p232_012,mid,11.899547131884843,11.899547131884843,5.946006265924582,5.946006265924582,3.191218614578247,2.0366244316101074,0.9653863367640879,11.90734670061568
noisy,p232_013,mid,6.7993187540295725,6.7993187540295725,0.9457219260197094,0.9457219260197094,2.1709423065185547,1.4126819372177124,0.9442681586299383,6.8051955088386045
noisy,p232_014,low,1.9937545450060483,1.9937545450060483,-1.3078113863063514,-1.3078113863063514,2.2119598388671875,1.2670838832855225,0.9106872354647632,1.9292281251553307
noisy,p232_015,high,16.952566714241165,16.952566714241165,12.06420933737392,12.06420933737392,4.090278625488281,3.627394437789917,0.9946360514257163,16.951424761100306
noisy,p232_016,mid,11.993816376941611,11.993816376941611,7.68018333247171,7.68018333247171,3.967303514480591,3.3555612564086914,0.9903461688290245,11.996652554870785
noisy,p232_017,mid,6.436223794677417,6.436223794677417,1.1254763990014154,1.1254763990014154,3.5079426765441895,2.763068437576294,0.9927897886485825,6.442628203591104
noisy,p232_019,low,2.05202120766863,2.05202120766863,-0.4817869421034928,-0.4817869421034928,3.0238382816314697,2.1898159980773926,0.9794963669100923,2.062624655057164
noisy,p232_020,high,16.239052020647037,16.239052020647037,8.525427979186547,8.525427979186547,3.4502463340759277,2.8894894123077393,0.9618204946422284,16.239715333329666
noisy,p232_021,mid,11.91520498819386,11.91520498819386,8.192230154682823,8.192230154682823,3.2211854457855225,2.591409683227539,0.9763255918211153,11.918909045629151
noisy,p232_022,mid,7.010128622490606,7.010128622490606,3.3511775685009866,3.3511775685009866,2.4825637340545654,1.6432673931121826,0.9699676918934362,6.9953138989299575
noisy,p232_023,low,1.975597133592271,1.975597133592271,-1.404250576707713,-1.404250576707713,2.1745831966400146,1.306990146636963,0.9372925584050706,1.993700162896944
noisy,p232_024,high,16.804554579919447,16.804554579919447,12.381128370655501,12.381128370655501,4.287528991699219,3.799553394317627,0.9973607576625472,16.8091387704916
noisy,p232_025,mid,10.63833546702772,10.63833546702772,2.0479282874631735,2.0479282874631735,3.704634666442871,2.9150795936584473,0.9738168082812667,10.641481099239742
noisy,p232_027,mid,6.707315105384194,6.707315105384194,2.4808984771947755,2.4808984771947755,3.6685523986816406,2.907381057739258,0.9867242605031136,6.7127016447659695
noisy,p232_028,low,0.21379736377215422,0.21379736377215422,-4.734614912454818,-4.734614912454818,2.0369553565979004,1.4433374404907227,0.8047337685806382,0.20444762005451111
noisy,p232_029,high,16.499056520506077,16.499056520506077,6.715958163072995,6.715958163072995,2.538067102432251,1.76833176612854,0.9735114920973411,16.520144622975316
noisy,p232_030,mid,11.7221696627976,11.7221696627976,6.6267607470605085,6.6267607470605085,2.8624753952026367,1.965556025505066,0.9901328199298556,11.72085439126594
noisy,p232_031,mid,5.534739998961802,5.534739998961802,-1.2538811075072966,-1.2538811075072966,2.546525239944458,1.5489916801452637,0.7951152677102314,5.562746715227388
noisy,p232_032,low,1.7380253836068134,1.7380253836068134,-1.8207158228084943,-1.8207158228084943,1.5284698009490967,1.11017644405365,0.7706265074029276,1.542893270314848
noisy,p232_033,mid,14.94594265231197,14.94594265231197,3.144327417663852,3.144327417663852,3.51330304145813,2.4612059593200684,0.8464586230595722,14.967889784918176
noisy,p232_034,mid,10.135034478735363,10.135034478735363,1.4049551040630262,1.4049551040630262,2.3792431354522705,1.4315223693847656,0.8631429120450422,10.074340907240945
noisy,p232_035,mid,6.651044785913879,6.651044785913879,1.832597734303441,1.832597734303441,2.626777410507202,1.5324363708496094,0.9698927615713234,6.638441820934725
noisy,p232_036,low,1.4849481256358747,1.4849481256358747,-2.7539650359267607,-2.7539650359267607,1.7811706066131592,1.1504957675933838,0.8186654896990254,1.580484893219116
noisy,p232_037,high,16.568257948848167,16.568257948848167,10.582391697114234,10.582391697114234,4.106191158294678,3.642890691757202,0.9991373215030159,16.56908099498333
noisy,p232_038,mid,10.95000106571957,10.95000106571957,2.8615003327783106,2.8615003327783106,3.775484800338745,2.8295857906341553,0.9471566642664272,10.953418283438939
noisy,p232_039,low,4.424833539765899,4.424833539765899,-3.910373183297428,-3.910373183297428,3.295785427093506,2.1300950050354004,0.7698169967723002,4.433947290983991
noisy,p232_040,low,0.5144927894750544,0.5144927894750544,-2.8883489204583643,-2.8883489204583643,2.949659824371338,2.4773685932159424,0.9909138455808771,0.4831514572755425
noisy,p232_041,high,15.8302599533922,15.8302599533922,5.599998217791084,5.599998217791084,3.0744893550872803,2.26051926612854,0.9036643662657144,15.825923458749724
noisy,p232_042,mid,11.242292028164085,11.242292028164085,4.842938976472098,4.842938976472098,3.303820848464966,2.9455175399780273,0.9982020984120147,11.237033643217757
noisy,p232_043,mid,5.842319289834076,5.842319289834076,-1.778469495886671,-1.778469495886671,2.1968564987182617,1.601264476776123,0.8529364689704493,5.880739332746274
noisy,p232_044,low,-0.16832474639331726,-0.16832474639331726,-4.398926965431922,-4.398926965431922,1.8657821416854858,1.1205222606658936,0.790942281991365,-0.2668754344892766
noisy,p232_045,mid,14.375762550428924,14.375762550428924,3.285426213519644,3.285426213519644,4.280801773071289,3.7594916820526123,0.963322900357487,14.37992656694847
noisy,p232_046,mid,9.9272578306204,9.9272578306204,-0.6075520734585211,-0.6075520734585211,2.931269407272339,2.0272202491760254,0.8255109198561256,9.90266271391557
noisy,p232_047,mid,5.701990973358938,5.701990973358938,-2.2495159561841387,-2.2495159561841387,2.8802528381347656,2.2941267490386963,0.9404215807602723,5.740898691494063
noisy,p232_048,low,-0.6700592158933245,-0.6700592158933245,-5.17619883134678,-5.17619883134678,2.8718504905700684,1.8567655086517334,0.7019280149996303,-0.6509720895181635
noisy,p232_049,high,16.45011767729699,16.45011767729699,10.675544990887799,10.675544990887799,3.452476978302002,2.7022790908813477,0.9964962437216954,16.448679050183998
noisy,p232_050,mid,10.500093341844032,10.500093341844032,1.0876179126338343,1.0876179126338343,2.7361531257629395,1.6523243188858032,0.9110366858795711,10.478921558012917
noisy,p232_051,mid,5.142898417342757,5.142898417342757,-3.424468054836418,-3.424468054836418,1.6955091953277588,1.4112536907196045,0.8736656734653947,5.1587490795731
noisy,p232_052,low,1.1820050130212798,1.1820050130212798,-3.2734522471014804,-3.2734522471014804,1.6279425621032715,1.1538662910461426,0.7323310261664612,1.2282001446929656
noisy,p232_053,high,15.469257763697446,15.469257763697446,5.826312509457594,5.826312509457594,3.1654391288757324,2.402517080307007,0.9620144874478178,15.454975700020873
noisy,p232_054,mid,11.711591299388642,11.711591299388642,4.8549012092180295,4.8549012092180295,2.964564323425293,2.023020029067993,0.9767202880092519,11.7122017101759
noisy,p232_055,mid,5.271980029993268,5.271980029993268,-1.6153665798950956,-1.6153665798950956,3.1434121131896973,1.8307180404663086,0.8750282139083649,5.3031975505692
noisy,p232_056,low,0.5889679341923114,0.5889679341923114,-4.142809477932212,-4.142809477932212,1.9327144622802734,1.267457365989685,0.8113638945356065,0.5092690850942124
noisy,p232_057,high,16.07944909894978,16.07944909894978,7.461364529821506,7.461364529821506,3.829195976257324,3.01113224029541,0.9779536476432772,16.084495637600373
noisy,p232_058,mid,11.737444100180403,11.737444100180403,8.035026865561662,8.035026865561662,3.836460828781128,3.336390495300293,0.971545642719058,11.73277321150405
noisy,p232_059,low,4.690482116164279,4.690482116164279,-3.216716865450228,-3.216716865450228,3.383594274520874,2.260869026184082,0.7975789380236447,4.7154929986368295
noisy,p232_060,low,0.09649512643968934,0.09649512643968934,-4.145686572498152,-4.145686572498152,3.1804091930389404,2.21726655960083,0.8466917857978064,0.1015209201062047
noisy,p232_061,high,16.568240052229775,16.568240052229775,8.459649203641712,8.459649203641712,3.174454927444458,2.814793109893799,0.9930370515750905,16.560654255007165
noisy,p232_062,mid,11.398477353318183,11.398477353318183,3.7331738958583753,3.7331738958583753,2.8182592391967773,1.9988410472869873,0.9758529243460657,11.403410471388472
noisy,p232_063,mid,5.446013534272679,5.446013534272679,-0.7587678087674772,-0.7587678087674772,2.601499080657959,1.919929027557373,0.9825384310999515,5.453642993239094
noisy,p232_064,low,0.8810715214857596,0.8810715214857596,-4.141750572105143,-4.141750572105143,2.0379555225372314,1.3196215629577637,0.941665846945626,0.9843804475949501
noisy,p232_065,high,15.203076703245044,15.203076703245044,4.521135335742883,4.521135335742883,3.2648303508758545,2.3436801433563232,0.929326181454188,15.248188001109549
noisy,p232_066,mid,11.474704298276164,11.474704298276164,6.5212827908089865,6.5212827908089865,3.2980258464813232,2.650602102279663,0.9736593217015109,11.477901339064777
noisy,p232_067,mid,6.279873929943785,6.279873929943785,0.6468437132672267,0.6468437132672267,3.301237106323242,2.5829954147338867,0.9637497732853985,6.273782044417626
noisy,p232_068,low,1.355301859092335,1.355301859092335,-1.1608505113809109,-1.1608505113809109,3.261934757232666,1.9826250076293945,0.9541585335490663,1.3415445506752106
noisy,p232_069,high,16.36325010641325,16.36325010641325,8.874341815427707,8.874341815427707,2.9247801303863525,2.320556163787842,0.9782678609846185,16.368671699289813
noisy,p232_070,mid,11.27739654707912,11.27739654707912,4.622485973200154,4.622485973200154,2.6149044036865234,1.9169882535934448,0.9201439595937176,11.276634369911466
noisy,p232_071,mid,6.194990125042872,6.194990125042872,1.7643415214157834,1.7643415214157834,2.260556936264038,1.5043275356292725,0.8773126279222483,6.185192901281217
noisy,p232_072,low,0.882892186597829,0.882892186597829,-3.0680590895876025,-3.0680590895876025,1.6666038036346436,1.1532580852508545,0.7469857236057318,0.6800445189516308
noisy,p232_073,high,15.43246281120257,15.43246281120257,2.31073223843043,2.31073223843043,3.0411605834960938,2.404508590698242,0.9968239959515566,15.44636860959576
noisy,p232_074,mid,11.220078781819243,11.220078781819243,1.9075605248323502,1.9075605248323502,3.184962511062622,2.2038002014160156,0.925378591466014,11.245428857714778
noisy,p232_075,mid,6.21158112060594,6.21158112060594,-0.4419628949693139,-0.4419628949693139,2.3859167098999023,1.4834847450256348,0.9684524907255438,6.296683208853576
noisy,p232_076,low,0.8183809639355315,0.8183809639355315,-3.417052808920441,-3.417052808920441,2.1690361499786377,1.1921409368515015,0.8272468065512976,0.785793924321766
noisy,p232_077,high,15.133797582132491,15.133797582132491,5.009166402816261,5.009166402816261,4.09781551361084,3.153710126876831,0.8994559707548592,15.133052903403923
noisy,p232_078,mid,11.050493547825564,11.050493547825564,3.385371886136685,3.385371886136685,3.8975250720977783,3.3076672554016113,0.9978766050121924,11.040093241175793
noisy,p232_079,mid,5.906648542170593,5.906648542170593,1.089599286939879,1.089599286939879,3.8666703701019287,2.7179794311523438,0.9479974099338775,5.8853904491783915
noisy,p232_080,low,-0.7084165621259059,-0.7084165621259059,-5.457355650791562,-5.457355650791562,2.732687473297119,1.615478515625,0.9464677500509773,-0.7331695452694926
noisy,p232_081,high,15.7419667576657,15.7419667576657,7.743680559837646,7.743680559837646,3.2692322731018066,2.5212509632110596,0.9365903078819153,15.74254177005801
noisy,p232_082,mid,10.286033398998187,10.286033398998187,0.18063313659420427,0.18063313659420427,2.2598917484283447,1.4671257734298706,0.8422099277554594,10.291839786730904
noisy,p232_083,mid,5.423723203455582,5.423723203455582,0.39716607076597765,0.39716607076597765,2.444417953491211,1.8597204685211182,0.8908979532237591,5.449230714197967
noisy,p232_084,low,-0.3059274093520855,-0.3059274093520855,-3.871234086092423,-3.871234086092423,2.0204036235809326,1.2103368043899536,0.871212879782823,-0.40916074644595407
noisy,p232_085,high,15.836123529394792,15.836123529394792,7.040960423549436,7.040960423549436,4.245851516723633,3.8066985607147217,0.9968026633362701,15.830015678717174
noisy,p232_086,mid,10.723775296935834,10.723775296935834,3.081479013090971,3.081479013090971,3.8331565856933594,3.0887465476989746,0.9783855492953303,10.736115393298881
noisy,p232_087,mid,5.796226717942164,5.796226717942164,0.15572651753630865,0.15572651753630865,3.8088510036468506,3.110496759414673,0.9448486687131279,5.782467647675342
noisy,p232_088,low,1.456020667829045,1.456020667829045,-1.1252376721180708,-1.1252376721180708,3.130537748336792,2.1191515922546387,0.9347700441191399,1.4912158632808357
noisy,p232_089,high,16.21915630739612,16.21915630739612,7.331988514778394,7.331988514778394,2.95436954498291,1.9436994791030884,0.9043519642918263,16.20086368620955
noisy,p232_090,mid,11.398379617999367,11.398379617999367,4.801581208625869,4.801581208625869,2.4791855812072754,1.8185439109802246,0.965345329475495,11.399693652027626
noisy,p232_091,mid,5.280443493226226,5.280443493226226,-0.972059418163667,-0.972059418163667,2.2778749465942383,1.487004280090332,0.9177259339169676,5.170290066166134
noisy,p232_092,low,0.5620798484616649,0.5620798484616649,-3.6486393045251693,-3.6486393045251693,2.081373453140259,1.4015787839889526,0.8439000734575023,0.49844610608133566
noisy,p232_093,high,16.096022492351974,16.096022492351974,7.104713150667237,7.104713150667237,3.00913405418396,2.285740852355957,0.9226384347636521,16.12402601672103
noisy,p232_094,mid,11.490006162780347,11.490006162780347,4.200047450790601,4.200047450790601,2.5594077110290527,1.7614909410476685,0.9511776093963694,11.462711445075032
noisy,p232_095,mid,7.439109500392424,7.439109500392424,2.6901262367378744,2.6901262367378744,1.7000070810317993,1.1062172651290894,0.8851663996389254,7.397549949844482
noisy,p232_096,low,0.8413553704039041,0.8413553704039041,-4.414304697583549,-4.414304697583549,1.6982076168060303,1.1421560049057007,0.7892469911948969,0.6978657255481847
noisy,p232_097,high,16.3644918227414,16.3644918227414,8.194074563582912,8.194074563582912,3.2401249408721924,2.569145441055298,0.9957131446630895,16.369968148356918
noisy,p232_098,mid,11.114011928132912,11.114011928132912,4.03178555183647,4.03178555183647,3.213649272918701,2.192751407623291,0.9365634630440939,11.11834351080875
noisy,p232_099,mid,6.375333047633324,6.375333047633324,1.9968406356188477,1.9968406356188477,3.4730145931243896,2.9602763652801514,0.9860049552819408,6.3823930611296955
noisy,p232_100,low,0.2559964386777005,0.2559964386777005,-4.21313804551275,-4.21313804551275,3.3427820205688477,2.1848886013031006,0.8768447254817319,0.2727913777058789
noisy,p232_101,high,15.759480056097704,15.759480056097704,4.787243191310367,4.787243191310367,3.131702184677124,2.7746825218200684,0.9929118989246528,15.756397985783961
noisy,p232_102,mid,10.750743238766452,10.750743238766452,2.5896855472823237,2.5896855472823237,3.2708189487457275,2.3299450874328613,0.90096187853143,10.732900387471753
noisy,p232_103,mid,6.653319183879876,6.653319183879876,1.7560774815712485,1.7560774815712485,2.2123477458953857,1.5253303050994873,0.9132595958722386,6.666131686047376
noisy,p232_104,low,1.273775746046616,1.273775746046616,-2.020780396973793,-2.020780396973793,2.3622164726257324,1.289352297782898,0.9255452228008865,1.2674312473680223
noisy,p232_105,high,15.429730015209643,15.429730015209643,5.5057142034913005,5.5057142034913005,4.2558135986328125,3.5556299686431885,0.9635817139707442,15.40387940038971
noisy,p232_106,mid,11.152456569808093,11.152456569808093,4.183856031482502,4.183856031482502,4.052842617034912,3.3448805809020996,0.9843398303079143,11.142345736126675
noisy,p232_107,mid,6.195830303790057,6.195830303790057,0.5813308326698028,0.5813308326698028,3.8876898288726807,2.955658197402954,0.9647259052828999,6.186803528926714
noisy,p232_108,low,0.4609489314468247,0.4609489314468247,-5.064426590893881,-5.064426590893881,2.709855794906616,1.8631792068481445,0.9204100778497278,0.47064917958784014
noisy,p232_109,high,16.60339602341139,16.60339602341139,9.844523141588166,9.844523141588166,3.0423696041107178,2.3190529346466064,0.9730335227926291,16.606085948572204
noisy,p232_110,mid,10.950392828301664,10.950392828301664,2.5293863756102213,2.5293863756102213,2.0408453941345215,1.3997684717178345,0.9211943819751559,10.987956662778569
noisy,p232_112,mid,5.400221810958726,5.400221810958726,0.0040983283504499955,0.0040983283504499955,2.578958749771118,1.8261659145355225,0.9032871788539805,5.354364488656254
noisy,p232_113,low,-0.2162371493095648,-0.2162371493095648,-4.863982565596019,-4.863982565596019,1.8431265354156494,1.2613550424575806,0.6869792851324741,-0.2586722492062745
noisy,p232_114,high,16.835240798247256,16.835240798247256,9.53883082965631,9.53883082965631,3.391282320022583,2.2561862468719482,0.950848921715844,16.83833806794633
noisy,p232_115,mid,11.416770654919146,11.416770654919146,4.736577500610868,4.736577500610868,2.887678623199463,2.074014902114868,0.9435594802952469,11.410635715697525
noisy,p232_116,mid,6.006708813089588,6.006708813089588,-0.7827039915792295,-0.7827039915792295,2.465672492980957,1.6103885173797607,0.9250835246103393,6.008628276806962
noisy,p232_117,low,1.7208154608387936,1.7208154608387936,-1.9342719830173583,-1.9342719830173583,1.8792005777359009,1.1356308460235596,0.8875579625906053,1.7429329004300143
noisy,p232_118,high,16.33650306851513,16.33650306851513,8.220259390254633,8.220259390254633,3.8313701152801514,3.3010003566741943,0.9886266272170595,16.34185062050086
noisy,p232_119,mid,11.219717644644069,11.219717644644069,4.5715383427770355,4.5715383427770355,3.6821136474609375,2.854685068130493,0.9459265147184837,11.234457441863427
noisy,p232_120,low,4.952655601179238,4.952655601179238,-1.2985987530443568,-1.2985987530443568,3.4343955516815186,2.691732406616211,0.9144912109193922,4.931746175412199
noisy,p232_121,low,1.5250594602647571,1.5250594602647571,0.1752889960526791,0.1752889960526791,3.3390746116638184,1.4188432693481445,0.9612421392509474,1.481663924935905
noisy,p232_123,high,16.69124123832897,16.69124123832897,9.56692465668555,9.56692465668555,3.433493137359619,2.8343799114227295,0.9725988386770849,16.690251160956493
noisy,p232_124,mid,10.070422248448219,10.070422248448219,1.654147127861109,1.654147127861109,2.6156227588653564,2.112149238586426,0.9091387783383613,10.075111192549342
noisy,p232_125,mid,5.334158544498855,5.334158544498855,-1.3880767446931919,-1.3880767446931919,2.4760639667510986,1.7534080743789673,0.8431553194044427,5.3593778275787365
noisy,p232_126,low,0.9020065535568017,0.9020065535568017,-3.1560178936015126,-3.1560178936015126,2.014972686767578,1.3850338459014893,0.8932894364240128,1.0335511310218177
noisy,p232_127,high,15.732943904165024,15.732943904165024,6.213868605319623,6.213868605319623,4.175480365753174,3.7120728492736816,0.9950395248844053,15.73788626051282
noisy,p232_128,mid,11.143908653175336,11.143908653175336,2.5694167273067854,2.5694167273067854,2.6620354652404785,2.0049288272857666,0.9865201442567326,11.129164404163362
noisy,p232_129,mid,6.652450581300993,6.652450581300993,5.619545116088509,5.619545116088509,3.175672769546509,2.497980833053589,0.9806830026932605,6.640396138541286
noisy,p232_130,low,1.235702270305818,1.235702270305818,-3.049302212644077,-3.049302212644077,2.258779525756836,1.6915357112884521,0.9752822529674054,1.2597003230940533
noisy,p232_131,high,16.49187891769592,16.49187891769592,8.176022484136434,8.176022484136434,3.023327112197876,2.3282012939453125,0.9759769793010225,16.484468626625212
noisy,p232_132,mid,10.691262629271314,10.691262629271314,3.0691223641609975,3.0691223641609975,2.398071765899658,1.9780490398406982,0.8524719695884461,10.719172670957684
noisy,p232_133,mid,6.231469313143037,6.231469313143037,-0.4272930551424368,-0.4272930551424368,1.7416045665740967,1.1865359544754028,0.8671712788275893,6.253788434669621
noisy,p232_134,low,0.482558878555408,0.482558878555408,-5.103919640525353,-5.103919640525353,1.8842153549194336,1.2230926752090454,0.7727177605967838,0.38574417607009165
noisy,p232_135,high,15.572231562874112,15.572231562874112,4.471578040941366,4.471578040941366,3.5532214641571045,2.642000198364258,0.9381981774360946,15.558515838991864
noisy,p232_136,mid,10.08796659786833,10.08796659786833,-1.480305297608803,-1.480305297608803,2.4628190994262695,1.5428667068481445,0.7761775785695367,10.07158163312425
noisy,p232_137,mid,5.260138996259015,5.260138996259015,-3.065622188573401,-3.065622188573401,2.4674110412597656,1.7381924390792847,0.9208561243466965,5.258620789464567
noisy,p232_138,low,0.36343016025511926,0.36343016025511926,-3.900810223973358,-3.900810223973358,2.3991403579711914,1.5200576782226562,0.7667287865947838,0.30571447221169423
noisy,p232_139,high,15.993149384920645,15.993149384920645,6.837032259103696,6.837032259103696,4.12675666809082,3.466481924057007,0.9998149522946156,15.992234293003174
noisy,p232_140,mid,10.186734563563824,10.186734563563824,1.7687114160353423,1.7687114160353423,3.998169422149658,2.8179333209991455,0.8577306378159323,10.195153874336542
noisy,p232_141,mid,5.453138236120191,5.453138236120191,1.0719047062079643,1.0719047062079643,3.511716365814209,2.7237355709075928,0.8319249581578008,5.450196178735913
noisy,p232_142,low,1.8747151358336454,1.8747151358336454,-1.4140244990897,-1.4140244990897,2.8786096572875977,1.9361697435379028,0.9086941735237233,1.796138628072482
noisy,p232_143,high,15.279891491583712,15.279891491583712,3.9996169591731205,3.9996169591731205,3.162179708480835,2.6259799003601074,0.9485293198571487,15.267041255185248
noisy,p232_144,mid,11.10028481530204,11.10028481530204,4.464962540504058,4.464962540504058,3.4050917625427246,2.3749849796295166,0.9604389841271266,11.061493087848316
noisy,p232_145,mid,6.094378530026451,6.094378530026451,0.3760016981345121,0.3760016981345121,2.326333522796631,1.6266039609909058,0.8522584819136689,6.083719014714964
noisy,p232_146,low,0.8509034815401499,0.8509034815401499,-3.1230522448360984,-3.1230522448360984,2.546863079071045,1.8804961442947388,0.8610291890853403,0.9522696980456771
noisy,p232_147,high,16.355905616908696,16.355905616908696,9.980687155661995,9.980687155661995,4.356561660766602,3.9675137996673584,0.9885734294904599,16.34554962644773
noisy,p232_148,mid,11.609525384008382,11.609525384008382,5.784712783958264,5.784712783958264,3.6985585689544678,3.2870984077453613,0.9994154137524742,11.612002045709168
noisy,p232_150,mid,5.875025768201533,5.875025768201533,-1.2578138548265005,-1.2578138548265005,3.8649849891662598,3.303396463394165,0.9792042438612907,5.87532154121846
noisy,p232_151,low,1.3397424459434748,1.3397424459434748,-3.5029906576053804,-3.5029906576053804,2.3929452896118164,1.4354115724563599,0.9662612459586201,1.3287272211882841
noisy,p232_152,high,15.59960636824087,15.59960636824087,3.8230437423277537,3.8230437423277537,2.6516034603118896,1.8854283094406128,0.9643324701228025,15.582723287558206
noisy,p232_153,mid,10.778347164480307,10.778347164480307,1.9703391509429344,1.9703391509429344,2.4113876819610596,1.6579265594482422,0.8587578984007849,10.789746531725042
noisy,p232_154,mid,6.14427317552236,6.14427317552236,-1.380704274385985,-1.380704274385985,1.6835836172103882,1.2621773481369019,0.8817964295966322,6.241239965840012
noisy,p232_155,low,1.2517055702183382,1.2517055702183382,-2.7959065007760926,-2.7959065007760926,1.5218586921691895,1.1418095827102661,0.7428672785133981,1.1962274974927392
noisy,p232_156,high,15.936732239234026,15.936732239234026,7.4496482538819855,7.4496482538819855,2.9728713035583496,2.3413097858428955,0.9071691963790987,15.968498553856943
noisy,p232_158,mid,11.557342271932322,11.557342271932322,4.8993842884759875,4.8993842884759875,2.5908772945404053,1.6690702438354492,0.9620589296567461,11.581281250234987
noisy,p232_159,mid,5.680717280305997,5.680717280305997,-2.173910477380437,-2.173910477380437,2.6246438026428223,1.6527984142303467,0.9746970347713148,5.636075808475636
noisy,p232_160,low,2.4284410416616993,2.4284410416616993,-1.504463407119681,-1.504463407119681,1.6309852600097656,1.085161805152893,0.8035653352083699,2.368464859383728
noisy,p232_161,high,16.36985088844687,16.36985088844687,8.837228241627345,8.837228241627345,3.6991100311279297,3.393519401550293,0.988389748559701,16.36846638310871
noisy,p232_162,mid,10.202589926055431,10.202589926055431,0.9989135938885558,0.9989135938885558,4.05521297454834,1.4935448169708252,0.949317254071697,10.207969582083534
noisy,p232_163,mid,6.010576109207579,6.010576109207579,0.8713406279862068,0.8713406279862068,3.511573076248169,2.784191131591797,0.9470226221848955,6.01248050216909
noisy,p232_164,low,1.1715926792088764,1.1715926792088764,-2.6956355114849484,-2.6956355114849484,2.673485040664673,1.8183494806289673,0.9083258162542573,1.2154086213906368
noisy,p232_165,high,15.47497790290577,15.47497790290577,4.0876588681546435,4.0876588681546435,2.8303096294403076,2.349990129470825,0.9699143116857941,15.45041208240084
noisy,p232_167,mid,11.327007447357737,11.327007447357737,4.972064083027344,4.972064083027344,3.456254720687866,2.7579643726348877,0.9946054678868782,11.317743613902
noisy,p232_169,mid,6.595540081806953,6.595540081806953,2.0495391073206997,2.0495391073206997,2.480084180831909,1.706873893737793,0.9785084100181733,6.603201258719117
noisy,p232_170,low,0.7226472150156302,0.7226472150156302,-3.292436324441023,-3.292436324441023,1.9850889444351196,1.2867317199707031,0.7199656474314217,0.6374039687269146
noisy,p232_171,high,15.778042996222919,15.778042996222919,5.1169051715394005,5.1169051715394005,3.558012008666992,2.805098295211792,0.9666210400823618,15.769560008563479
noisy,p232_172,mid,10.866934773638608,10.866934773638608,4.03015345322312,4.03015345322312,4.2737627029418945,3.7774832248687744,0.9803231309733702,10.8718106551033
noisy,p232_173,mid,5.931247108741703,5.931247108741703,-1.756334379691123,-1.756334379691123,2.8660202026367188,2.1222705841064453,0.9133448686035913,5.958796169367886
noisy,p232_174,low,0.939758238668617,0.939758238668617,-4.023656632441952,-4.023656632441952,2.2380897998809814,1.5638856887817383,0.8859186014543566,0.9516323426332923
noisy,p232_175,high,16.547849991567723,16.547849991567723,9.125908638749436,9.125908638749436,3.036055088043213,2.373077392578125,0.9903152653063078,16.545996072319657
noisy,p232_176,mid,11.454512322988048,11.454512322988048,3.046301581173135,3.046301581173135,2.174652099609375,1.461829662322998,0.9243112357949633,11.46711736595858
noisy,p232_177,mid,5.3079828196006895,5.3079828196006895,-3.176826384536903,-3.176826384536903,1.8894915580749512,1.3360564708709717,0.7924841639989544,5.437397642898768
noisy,p232_178,low,0.8920313956687852,0.8920313956687852,-3.4609205987419247,-3.4609205987419247,1.8404812812805176,1.2461302280426025,0.7849640220758681,0.891057497689197
noisy,p232_179,high,16.642105940238125,16.642105940238125,7.745218047455707,7.745218047455707,2.7470028400421143,2.027153253555298,0.970262222363533,16.643613376695463
noisy,p232_180,mid,11.478055337938924,11.478055337938924,3.7075045413828516,3.7075045413828516,3.0896382331848145,2.0825111865997314,0.972243119264611,11.490265352833045
noisy,p232_181,mid,5.765798266392097,5.765798266392097,-2.062332142655531,-2.062332142655531,2.4831702709198,1.7405427694320679,0.9755596241828721,5.741366096113673
noisy,p232_182,low,1.3970121381898544,1.3970121381898544,-3.635559975412534,-3.635559975412534,2.1027259826660156,1.2946078777313232,0.9171925000200188,1.345149462078414
noisy,p232_183,mid,14.92422952829516,14.92422952829516,3.866766879743057,3.866766879743057,4.0408101081848145,3.047717332839966,0.9662397016273576,14.926196619951124
noisy,p232_184,mid,10.933556151627222,10.933556151627222,4.7368782781956424,4.7368782781956424,3.2528414726257324,2.6552398204803467,0.9808674239503168,10.92382893013407
noisy,p232_185,mid,6.320286190654473,6.320286190654473,1.5017245182031773,1.5017245182031773,3.0332889556884766,2.3556065559387207,0.9959312882978664,6.338658500792809
noisy,p232_186,low,0.23779432384853252,0.23779432384853252,-4.581224687226656,-4.581224687226656,2.1859116554260254,1.391921043395996,0.8638756475548474,0.20994713934378184
noisy,p232_187,mid,14.931361027285437,14.931361027285437,2.9994805082047162,2.9994805082047162,3.2589645385742188,2.1870603561401367,0.7450929212770635,14.92677851086224
noisy,p232_188,mid,11.252020215556374,11.252020215556374,3.7619089142460957,3.7619089142460957,3.10268497467041,2.380929708480835,0.9160855752427759,11.249082161535863
noisy,p232_189,mid,6.162218354148903,6.162218354148903,0.39772339775534865,0.39772339775534865,2.1066699028015137,1.6906673908233643,0.8586899147705112,6.103385653125479
noisy,p232_190,low,0.6578289811849785,0.6578289811849785,-3.830904008066478,-3.830904008066478,2.463927745819092,1.4830341339111328,0.9693325807182628,0.7154619724618395
noisy,p232_191,high,15.60244354097665,15.60244354097665,3.183223442676456,3.183223442676456,3.737785816192627,3.1876957416534424,0.9593129330937975,15.602337451909818
noisy,p232_193,mid,10.975855648414337,10.975855648414337,2.7257631689094777,2.7257631689094777,2.935826301574707,2.393354892730713,0.9649336237206056,10.990519593531822
noisy,p232_194,mid,6.63753665477195,6.63753665477195,1.073476893718494,1.073476893718494,2.8756766319274902,2.1188888549804688,0.9747778963202668,6.64703400599369
noisy,p232_195,low,1.020516007766522,1.020516007766522,-2.1765402873959165,-2.1765402873959165,3.642561197280884,2.6442906856536865,0.9559275715390475,1.047155647208993
noisy,p232_196,high,15.17493427075584,15.17493427075584,4.980760908852832,4.980760908852832,3.2067360877990723,2.2988955974578857,0.9847695913370413,15.189416852326332
noisy,p232_197,mid,11.381493295608818,11.381493295608818,5.469999750672372,5.469999750672372,2.9460010528564453,2.2229089736938477,0.9659446700232726,11.383765786019113
noisy,p232_198,mid,5.593028511387018,5.593028511387018,-2.4951167958739147,-2.4951167958739147,2.2343177795410156,1.4406718015670776,0.9571168065686001,5.572108943266157
noisy,p232_199,low,1.194461022600229,1.194461022600229,-3.898104511959003,-3.898104511959003,1.827117681503296,1.1693687438964844,0.848182904422124,1.2035041294035886
noisy,p232_200,high,16.367681746756325,16.367681746756325,7.667515241328378,7.667515241328378,3.4369306564331055,2.520192861557007,0.984631819372092,16.365055957361626
noisy,p232_201,mid,11.408150863611727,11.408150863611727,3.440498915210832,3.440498915210832,3.0692903995513916,2.2070016860961914,0.9875141333752626,11.42010360055452
noisy,p232_202,mid,7.007292992889504,7.007292992889504,1.4924735282796882,1.4924735282796882,2.453904867172241,1.5509865283966064,0.9042985220654595,7.014177360635882
noisy,p232_203,low,1.5111001046737624,1.5111001046737624,-3.5076223002533613,-3.5076223002533613,1.5880035161972046,1.1093899011611938,0.8434107078734758,1.5823955429030572
noisy,p232_204,high,16.53942907381467,16.53942907381467,8.710701329880244,8.710701329880244,4.3161492347717285,3.698821783065796,0.9996653519989936,16.538343050038456
noisy,p232_205,mid,10.597488641384821,10.597488641384821,3.2104453775196045,3.2104453775196045,4.283785343170166,3.6595358848571777,0.9765723010852875,10.60151745626799
noisy,p232_206,mid,6.3251255301995855,6.3251255301995855,0.7924642589843447,0.7924642589843447,3.567706823348999,2.6517727375030518,0.957287217971207,6.332138405563386
noisy,p232_207,low,0.25500161335699056,0.25500161335699056,-3.8645560873831877,-3.8645560873831877,2.5699195861816406,1.717179536819458,0.873870374531813,0.2940220712611991
noisy,p232_208,mid,14.640845242348998,14.640845242348998,5.131529235285027,5.131529235285027,3.1509735584259033,2.8827991485595703,0.7746254546884931,14.656495375038807
noisy,p232_209,mid,9.966396230607684,9.966396230607684,2.7765941066955695,2.7765941066955695,3.634031295776367,2.453721046447754,0.8114196847726199,9.97258731816633
noisy,p232_210,mid,5.202012817498575,5.202012817498575,-0.13138796712145215,-0.13138796712145215,2.667245626449585,2.0052013397216797,0.9695615655532299,5.185915956256503
noisy,p232_211,low,-0.5041967452151148,-0.5041967452151148,-5.710095801008875,-5.710095801008875,2.388773202896118,1.217024803161621,0.782933897171109,-0.5527769017034241
noisy,p232_213,mid,14.880649140388481,14.880649140388481,3.690702166190197,3.690702166190197,4.227143287658691,3.3596584796905518,0.9633924732736736,14.874138208421975
noisy,p232_214,mid,10.688882116574,10.688882116574,1.529046405932762,1.529046405932762,3.272041082382202,2.580479383468628,0.9915935527450419,10.651240320116607
noisy,p232_215,mid,5.645091161842388,5.645091161842388,-0.32289878003919953,-0.32289878003919953,3.072556972503662,2.5722150802612305,0.9954912186986136,5.679451797600899
noisy,p232_216,low,1.3579140366687636,1.3579140366687636,-2.468359159044886,-2.468359159044886,2.6229536533355713,1.7078442573547363,0.9712481151703107,1.4284953185323026
noisy,p232_217,high,15.14110951978427,15.14110951978427,6.587529811149563,6.587529811149563,3.434605121612549,2.6840453147888184,0.890374495100589,15.138879454876422
noisy,p232_218,mid,10.892582935368953,10.892582935368953,4.534447720835284,4.534447720835284,3.0443778038024902,1.8855711221694946,0.921070400952081,10.888061404069767
noisy,p232_219,mid,6.622261159395062,6.622261159395062,1.657218640221577,1.657218640221577,2.1738979816436768,1.5028233528137207,0.9201991636094452,6.6198929154397845
noisy,p232_220,low,1.6712183012319068,1.6712183012319068,-1.152938965430798,-1.152938965430798,2.2132303714752197,1.2726389169692993,0.9237661210519357,1.6696819887909367
noisy,p232_221,high,17.00944937515036,17.00944937515036,7.961053466238761,7.961053466238761,2.8528008460998535,1.9114010334014893,0.9893421306883503,17.00128354931444
noisy,p232_223,mid,10.664430306090463,10.664430306090463,1.6152885996160764,1.6152885996160764,2.5484354496002197,1.9084746837615967,0.9033738880600496,10.693365270409615
noisy,p232_224,mid,5.8476635922609175,5.8476635922609175,-2.3951929995964387,-2.3951929995964387,2.527907371520996,1.6548861265182495,0.8986616254011134,5.8202321742300835
noisy,p232_225,low,0.5175142224489166,0.5175142224489166,-4.420767661242714,-4.420767661242714,2.0520858764648438,1.2838917970657349,0.8644091605342412,0.7051661633612989
noisy,p232_226,high,16.112292095764328,16.112292095764328,8.261569449120266,8.261569449120266,4.151414394378662,3.467055559158325,0.9817007368620633,16.105540822991916
noisy,p232_227,mid,11.563715829962284,11.563715829962284,4.9843799087318725,4.9843799087318725,3.5076394081115723,2.8620567321777344,0.9989203049751489,11.569044601501215
noisy,p232_228,mid,5.391277181475549,5.391277181475549,-2.375968876313545,-2.375968876313545,3.401324510574341,2.590254068374634,0.9695713640353516,5.393294724293444
noisy,p232_229,low,0.21523818435836561,0.21523818435836561,-2.696228533860709,-2.696228533860709,2.9791438579559326,2.380502939224243,0.9655139661638583,0.2725469013062395
noisy,p232_230,high,15.861949843067546,15.861949843067546,5.715677431573306,5.715677431573306,2.8835079669952393,2.234971046447754,0.8932487625310331,15.855160862159604
noisy,p232_231,mid,10.803059637751764,10.803059637751764,2.200932083120607,2.200932083120607,3.288142204284668,2.3917014598846436,0.9962175414069973,10.809544406877684
noisy,p232_232,mid,6.366790097352767,6.366790097352767,0.14118951651984096,0.14118951651984096,2.3303918838500977,1.6768474578857422,0.9468559862583514,6.353769948797111
noisy,p232_234,low,-0.0003182764690964203,-0.0003182764690964203,-5.111439238416704,-5.111439238416704,2.5775678157806396,1.3488917350769043,0.8083710202292212,0.13619972887995185
noisy,p232_235,high,16.734081801327925,16.734081801327925,10.399204474307346,10.399204474307346,3.7639870643615723,3.137073278427124,0.9976795919384657,16.734342846637986
noisy,p232_236,mid,10.013811211606704,10.013811211606704,-0.18991056718119037,-0.18991056718119037,3.800201892852783,2.8614978790283203,0.9227214013454345,10.018408788638775
noisy,p232_237,mid,6.3127028343356,6.3127028343356,0.5109975812697313,0.5109975812697313,3.706326723098755,2.9912731647491455,0.9955509844371758,6.316390002914947
noisy,p232_238,low,0.4687611239357541,0.4687611239357541,-3.665662090839382,-3.665662090839382,3.9477694034576416,3.2744131088256836,0.9992424771622702,0.49550978054021344
noisy,p232_239,high,15.60999581572853,15.60999581572853,4.0605761624531915,4.0605761624531915,2.9346134662628174,1.7394468784332275,0.9832805310768,15.579992347958761
noisy,p232_240,mid,11.496915938663378,11.496915938663378,5.701979989098508,5.701979989098508,3.0046892166137695,2.211630344390869,0.9760213348675909,11.508348633679919
noisy,p232_241,mid,5.138210054385883,5.138210054385883,-3.085681292155393,-3.085681292155393,1.910023808479309,1.3560500144958496,0.8353826601903428,5.0741536571068435
noisy,p232_242,low,0.5476895775362746,0.5476895775362746,-5.265815952212909,-5.265815952212909,1.6065007448196411,1.2547252178192139,0.7651576570963261,0.49986744797062765
noisy,p232_243,high,15.7777181224326,15.7777181224326,5.195927980385622,5.195927980385622,3.4870219230651855,2.6285409927368164,0.9941390424117478,15.78581376434528
noisy,p232_244,mid,11.369641863416307,11.369641863416307,2.9382919594680703,2.9382919594680703,2.784583330154419,1.8804020881652832,0.9655286382567932,11.422133120357813
noisy,p232_245,mid,5.347917465554239,5.347917465554239,-2.293325662092811,-2.293325662092811,2.5661966800689697,1.7042484283447266,0.8754819604041716,5.392226399210056
noisy,p232_246,low,1.0522371833825475,1.0522371833825475,-4.150515974201628,-4.150515974201628,2.0850753784179688,1.3037874698638916,0.8849344696253927,1.0147900414732436
noisy,p232_247,high,15.228620400036377,15.228620400036377,4.4997870827859385,4.4997870827859385,3.8832597732543945,3.1893327236175537,0.9561526991587629,15.229857078023345
noisy,p232_248,mid,11.607352421480247,11.607352421480247,6.617444642598253,6.617444642598253,3.5748555660247803,3.0526065826416016,0.97112429128738,11.617392697496282
noisy,p232_249,mid,6.167504089565307,6.167504089565307,-0.3666898986644578,-0.3666898986644578,3.1281521320343018,2.1623969078063965,0.9954891537842634,6.15819394289208
noisy,p232_250,low,1.23784516896793,1.23784516896793,-1.8341138546800286,-1.8341138546800286,2.920177698135376,2.158939838409424,0.9478873556104561,1.2323468257055223
noisy,p232_251,high,16.28746650543051,16.28746650543051,8.512609773221401,8.512609773221401,3.4330456256866455,2.836794376373291,0.9755255280162312,16.290938478430917
noisy,p232_252,mid,10.96800883411687,10.96800883411687,3.2525405437098427,3.2525405437098427,3.077831268310547,2.35961651802063,0.9677762158207189,10.963033588882066
noisy,p232_253,mid,6.351085784990884,6.351085784990884,0.43838628982955447,0.43838628982955447,2.3913912773132324,1.5202691555023193,0.9054224850415763,6.37177634142027
noisy,p232_254,low,1.3948547513105356,1.3948547513105356,-2.1989247203466933,-2.1989247203466933,2.3643555641174316,1.2959033250808716,0.9025391638631393,1.3210404961670565
noisy,p232_255,high,15.738461981907614,15.738461981907614,7.001621465413632,7.001621465413632,3.667386054992676,3.0633645057678223,0.9721672222216937,15.737308112095086
noisy,p232_256,mid,10.90014311250114,10.90014311250114,4.533506950923204,4.533506950923204,3.528157949447632,2.8800811767578125,0.9564793050867227,10.897908873784722
noisy,p232_257,mid,5.311923067511347,5.311923067511347,-2.954122626014451,-2.954122626014451,2.83404803276062,2.327254295349121,0.9969769175553271,5.340050128135141
noisy,p232_258,low,1.364480749688064,1.364480749688064,-2.6348797525681005,-2.6348797525681005,2.483004331588745,1.7080391645431519,0.9485447280583622,1.4093051832757721
noisy,p232_259,high,16.56657573172079,16.56657573172079,8.766675314889492,8.766675314889492,3.1739535331726074,2.5505266189575195,0.9875380413280022,16.57448437804606
noisy,p232_260,mid,10.894767982030277,10.894767982030277,3.2663454415646114,3.2663454415646114,2.5772433280944824,1.7508831024169922,0.9833101056708797,10.891785919006374
noisy,p232_261,mid,6.608309875161179,6.608309875161179,0.9227355825471861,0.9227355825471861,2.0667264461517334,1.289894700050354,0.8771016198201828,6.482208053733752
noisy,p232_263,low,1.5023535557966716,1.5023535557966716,-1.8643022175950716,-1.8643022175950716,1.6260992288589478,1.1383682489395142,0.7855212503736638,1.5612859475620002
noisy,p232_264,high,16.625867597250846,16.625867597250846,9.544738242858921,9.544738242858921,3.539290428161621,2.7098398208618164,0.9942281444899486,16.634380201331894
noisy,p232_265,mid,10.836717138416978,10.836717138416978,0.9965066753548361,0.9965066753548361,2.6319265365600586,1.7858699560165405,0.9428776124345587,10.78554360877238
noisy,p232_266,mid,6.267990945438248,6.267990945438248,-0.446591658675395,-0.446591658675395,2.8302745819091797,1.81850266456604,0.9282396292000954,6.234743556584678
noisy,p232_267,low,1.6868559450145748,1.6868559450145748,-2.7699281217302945,-2.7699281217302945,1.9957573413848877,1.1977218389511108,0.8835838566467253,1.730702341570757
noisy,p232_268,high,15.95142980985911,15.95142980985911,8.059037539355163,8.059037539355163,4.169548034667969,3.6633059978485107,0.9889333364428798,15.94880111603244
noisy,p232_269,mid,11.496829496766132,11.496829496766132,6.855699853043975,6.855699853043975,3.756805419921875,3.1138358116149902,0.988025806739693,11.49366035015885
noisy,p232_270,mid,6.506053628508122,6.506053628508122,1.7635210962502488,1.7635210962502488,3.3736681938171387,2.801534414291382,0.9711560444418917,6.503089485219114
noisy,p232_271,low,1.4370112062592713,1.4370112062592713,-2.780037209818682,-2.780037209818682,3.15231990814209,2.3398542404174805,0.967037695243871,1.439580335462261
noisy,p232_272,high,15.94185398806162,15.94185398806162,11.411488591241858,11.411488591241858,3.4378678798675537,2.8672657012939453,0.9163623096110213,15.937170214703546
noisy,p232_273,mid,10.73712805853178,10.73712805853178,2.6001139093967014,2.6001139093967014,2.7504913806915283,2.1327524185180664,0.9519864069132395,10.72590795092879
noisy,p232_274,mid,6.44064795007723,6.44064795007723,1.5403616628575187,1.5403616628575187,2.414839744567871,1.6630405187606812,0.8949117691475381,6.426019740105277
noisy,p232_275,low,1.504246638908147,1.504246638908147,-1.65823817342964,-1.65823817342964,1.9983679056167603,1.3023769855499268,0.8982455610199452,1.5174125499749764
noisy,p232_276,high,16.310271247806256,16.310271247806256,7.782768166695012,7.782768166695012,3.691687822341919,3.2252471446990967,0.994813095629755,16.314824419210076
noisy,p232_277,mid,11.4794002688917,11.4794002688917,3.4559481277785378,3.4559481277785378,3.274798631668091,2.3305258750915527,0.9496214000272324,11.478124759833179
noisy,p232_278,mid,5.561987921046127,5.561987921046127,-1.4355062309100677,-1.4355062309100677,3.8839375972747803,3.2230422496795654,0.9865537218108701,5.568815654998637
noisy,p232_279,low,0.8535602481441584,0.8535602481441584,-4.016143135153897,-4.016143135153897,1.718517541885376,1.234811544418335,0.7915772214345941,0.8695035308539116
noisy,p232_280,high,16.32995607307356,16.32995607307356,6.936971381545505,6.936971381545505,2.3623788356781006,1.6723172664642334,0.9115427791772653,16.30368633721156
noisy,p232_281,mid,9.83646440369818,9.83646440369818,-1.3024337437074387,-1.3024337437074387,2.2494537830352783,1.6164987087249756,0.80856780507435,9.788713689126512
noisy,p232_282,mid,6.6754021771484116,6.6754021771484116,4.835905925517762,4.835905925517762,2.944359540939331,2.0511770248413086,0.9580246591395263,6.645158564978857
noisy,p232_283,low,0.39040858306695403,0.39040858306695403,-4.477141777489743,-4.477141777489743,1.7555932998657227,1.2430837154388428,0.7623847133822411,0.46716679900656505
noisy,p232_284,high,16.397398852250284,16.397398852250284,5.219496413879144,5.219496413879144,3.4012343883514404,2.601325273513794,0.993889132980984,16.377423772207504
noisy,p232_285,mid,10.51394353198178,10.51394353198178,1.4534638709406575,1.4534638709406575,2.997251510620117,2.1427204608917236,0.9271352307208145,10.528381968639833
noisy,p232_286,mid,6.007627046939463,6.007627046939463,-1.712143829374973,-1.712143829374973,2.4414703845977783,1.5661718845367432,0.9110301693953704,5.950858874005396
noisy,p232_287,low,0.8012496317643681,0.8012496317643681,-3.959937228151246,-3.959937228151246,2.086019515991211,1.3370187282562256,0.8903699185876783,0.8561217946325556
noisy,p232_288,high,15.450282970306263,15.450282970306263,4.823562042457406,4.823562042457406,4.19337797164917,3.434070348739624,0.9876720634730899,15.456846425517988
noisy,p232_289,mid,11.479622497990347,11.479622497990347,4.351833377888839,4.351833377888839,3.9675803184509277,3.4088428020477295,0.999407371877853,11.478138084373262
noisy,p232_290,low,4.76496524666147,4.76496524666147,-2.506279612291927,-2.506279612291927,3.6652157306671143,2.8887269496917725,0.9952629567475304,4.773955097384041
noisy,p232_291,low,0.5749149288128906,0.5749149288128906,-4.904596700306384,-4.904596700306384,3.089928388595581,2.1907739639282227,0.9977565475003944,0.5670958662012546
noisy,p232_292,high,15.134856661013817,15.134856661013817,3.303929529558159,3.303929529558159,3.247201442718506,2.781970739364624,0.9939396581685292,15.13108552783149
noisy,p232_293,mid,11.612271136151387,11.612271136151387,4.6744816827180795,4.6744816827180795,2.701235294342041,1.9671015739440918,0.9565713142843569,11.621479524297381
noisy,p232_294,mid,6.520389009265245,6.520389009265245,1.405168570823618,1.405168570823618,2.623324394226074,1.6952857971191406,0.9316746339286169,6.5037530389166225
noisy,p232_295,low,1.4393578150975044,1.4393578150975044,-1.4996635349114191,-1.4996635349114191,2.0426487922668457,1.3324391841888428,0.878086672805803,1.465916580950046
noisy,p232_296,high,16.00064657189552,16.00064657189552,6.6116077951746846,6.6116077951746846,3.6711668968200684,2.9775357246398926,0.9550496466984486,16.002222346083258
noisy,p232_297,mid,11.000175844957615,11.000175844957615,3.5540633994909143,3.5540633994909143,3.933987617492676,3.2710187435150146,0.9415456363012229,11.003620742800013
noisy,p232_298,mid,5.14754997596861,5.14754997596861,-2.5784292996909306,-2.5784292996909306,2.7905077934265137,2.108717679977417,0.9441851343318073,5.194489138147512
noisy,p232_299,low,0.33189553512138215,0.33189553512138215,-3.5464605182740225,-3.5464605182740225,3.216820240020752,2.481889009475708,0.9066700580962405,0.28482248665676757
noisy,p232_300,high,15.23886074735281,15.23886074735281,1.947893163262469,1.947893163262469,2.8630287647247314,2.2549867630004883,0.8897185190566631,15.25618108083986
noisy,p232_301,mid,10.29157344272199,10.29157344272199,1.4849025329175427,1.4849025329175427,2.837771415710449,1.9186784029006958,0.970300988871876,10.292480713552902
noisy,p232_302,mid,5.318424510314177,5.318424510314177,-2.799535241978996,-2.799535241978996,2.025517702102661,1.2708990573883057,0.7116863088537284,5.29410322600444
noisy,p232_303,low,1.6232975069818603,1.6232975069818603,-2.6855762880375433,-2.6855762880375433,1.7835708856582642,1.1649909019470215,0.80768174950895,1.7417565354426525
noisy,p232_305,high,15.956917550968967,15.956917550968967,3.595935411836612,3.595935411836612,2.823338747024536,2.05570912361145,0.9372131635310907,15.953333502745542
noisy,p232_306,mid,10.7815293374472,10.7815293374472,1.1113642379525512,1.1113642379525512,2.6190741062164307,1.565842866897583,0.8574287675666488,10.779481202356568
noisy,p232_307,mid,7.110062084664767,7.110062084664767,-0.6443762870594334,-0.6443762870594334,1.7953426837921143,1.1899749040603638,0.8896687638293513,7.142815536125793
noisy,p232_308,low,0.49230072960260246,0.49230072960260246,-3.7809924859580977,-3.7809924859580977,2.0343754291534424,1.3525561094284058,0.7989147159718876,0.31998571795989134
noisy,p232_309,high,16.2432446995501,16.2432446995501,10.282694500776968,10.282694500776968,4.132862091064453,3.6466548442840576,0.9821392115039508,16.24266950891457
noisy,p232_310,mid,10.015005387205525,10.015005387205525,1.4100373419775762,1.4100373419775762,3.6310884952545166,2.5936615467071533,0.9402604372061314,10.009397611674412
noisy,p232_311,mid,5.669837182673447,5.669837182673447,0.5815756372908695,0.5815756372908695,3.3585636615753174,2.748605251312256,0.9578485957271848,5.682509488556988
noisy,p232_312,low,1.3814192476146383,1.3814192476146383,-1.0880418050017024,-1.0880418050017024,3.0610852241516113,2.035154104232788,0.9590690945150852,1.3824576942681732
noisy,p232_313,high,15.948424788118738,15.948424788118738,6.05831601917236,6.05831601917236,3.281848430633545,2.6709277629852295,0.9533962278928715,15.950371965146743
noisy,p232_314,mid,10.60782095992215,10.60782095992215,0.9820250590532006,0.9820250590532006,2.3346800804138184,1.686347246170044,0.9235211454484792,10.619429940021252
noisy,p232_315,mid,5.111344103010906,5.111344103010906,-1.6948352427094568,-1.6948352427094568,2.6313467025756836,1.9053754806518555,0.8641322861807977,5.10142554790802
noisy,p232_316,low,0.3191680697655762,0.3191680697655762,-4.84055579102942,-4.84055579102942,1.7503015995025635,1.1448299884796143,0.7608128099643368,0.3846188841493017
noisy,p232_317,high,15.9845739852556,15.9845739852556,6.585144578282711,6.585144578282711,3.8535315990448,3.2771759033203125,0.9938074284758995,15.992449719686421
noisy,p232_318,mid,11.177310523407613,11.177310523407613,4.2411887195783695,4.2411887195783695,3.4832091331481934,2.8180267810821533,0.9912007864816131,11.182050186082419
noisy,p232_319,mid,6.219884611922353,6.219884611922353,1.5627516656915492,1.5627516656915492,3.689502716064453,3.03513765335083,0.9712290578344657,6.235303597229164
noisy,p232_320,low,0.7944646395362109,0.7944646395362109,-1.9573002157943675,-1.9573002157943675,2.9022157192230225,1.9027254581451416,0.9128825013481372,0.8374491282189995
noisy,p232_321,high,16.293907832385138,16.293907832385138,9.31808112150177,9.31808112150177,3.0677571296691895,2.3592424392700195,0.9911175576086815,16.30491906713067
noisy,p232_322,mid,11.380697418920596,11.380697418920596,1.8591477148985958,1.8591477148985958,2.4717109203338623,1.580885410308838,0.9210615400629737,11.374967207653196
noisy,p232_323,mid,6.047092119444032,6.047092119444032,-0.2085398932225369,-0.2085398932225369,2.0511186122894287,1.3433916568756104,0.9253910951285185,6.020463429161298
noisy,p232_324,low,1.297579943528628,1.297579943528628,-1.4815594695835803,-1.4815594695835803,1.830833911895752,1.2840856313705444,0.8969209527171197,1.2766742740444428
noisy,p232_325,high,15.385803503045034,15.385803503045034,1.9441463972071917,1.9441463972071917,3.2517971992492676,2.2428033351898193,0.9749785174381714,15.374215393643503
noisy,p232_326,mid,10.448061209932941,10.448061209932941,0.805803839439039,0.805803839439039,2.5190939903259277,1.954784870147705,0.8499137569772891,10.456487291086185
noisy,p232_327,mid,6.207547018166463,6.207547018166463,-0.3845131652292232,-0.3845131652292232,2.4434142112731934,1.5816807746887207,0.9585903924850884,6.233881378801906
noisy,p232_328,low,1.3929258724669669,1.3929258724669669,-3.444396993263189,-3.444396993263189,1.9952045679092407,1.2298493385314941,0.835607215534583,1.2956173357518113
noisy,p232_329,high,15.801514836362973,15.801514836362973,5.51214752694868,5.51214752694868,4.088724613189697,3.210373640060425,0.9995608727446447,15.804202305401297
noisy,p232_330,mid,10.354135336951106,10.354135336951106,1.6947988636793845,1.6947988636793845,3.50252628326416,2.64970064163208,0.9751626931201267,10.369200107098546
noisy,p232_331,mid,5.8813979722824,5.8813979722824,13.40485784064526,13.40485784064526,4.3017778396606445,2.971344232559204,0.9808663478187518,5.885073292389615
noisy,p232_332,low,0.6314649529509495,0.6314649529509495,-3.2628374494268444,-3.2628374494268444,2.9834389686584473,2.241691827774048,0.9965509602221023,0.6439923827032735
noisy,p232_333,high,15.559645949956016,15.559645949956016,5.335125238044597,5.335125238044597,3.3925719261169434,2.821061849594116,0.9258995400539317,15.562379051702957
noisy,p232_334,mid,11.488184818372977,11.488184818372977,4.014514400807401,4.014514400807401,2.7242541313171387,2.1090738773345947,0.9789497011424202,11.494865626961614
noisy,p232_335,mid,5.853604054514799,5.853604054514799,-0.3208256683938258,-0.3208256683938258,1.9144647121429443,1.3957359790802002,0.9047485225527462,5.86133265144481
noisy,p232_336,low,0.9650299583603434,0.9650299583603434,-3.672354900024504,-3.672354900024504,2.0456464290618896,1.290349006652832,0.8766262842990354,0.8497039130629392
noisy,p232_337,high,16.42478872373083,16.42478872373083,8.423964067309882,8.423964067309882,3.809887409210205,3.413639545440674,0.9971891023864818,16.424007112104807
noisy,p232_338,mid,11.122374743711713,11.122374743711713,3.538300740049755,3.538300740049755,3.0969369411468506,2.4933202266693115,0.9933950908555299,11.081093574611604
noisy,p232_339,low,4.683189393002377,4.683189393002377,-2.78339186447716,-2.78339186447716,3.3479762077331543,3.0254876613616943,0.9970361486927141,4.670442632044207
noisy,p232_340,low,-0.16547378609871485,-0.16547378609871485,-5.00513789788219,-5.00513789788219,2.8153443336486816,1.9637105464935303,0.9543607857179852,-0.18611030995559666
noisy,p232_341,high,16.315832040035772,16.315832040035772,4.697955697192648,4.697955697192648,2.377537488937378,1.761803150177002,0.9389104325240639,16.339264561426493
noisy,p232_342,mid,11.403176843884157,11.403176843884157,4.445367959369113,4.445367959369113,1.8867883682250977,1.2958163022994995,0.8895090395028661,11.413842096661025
noisy,p232_343,mid,6.195354248036712,6.195354248036712,-0.45843497943131767,-0.45843497943131767,2.0260062217712402,1.2944839000701904,0.877310748964505,6.181346896396473
noisy,p232_344,low,0.2774296254643565,0.2774296254643565,-4.172783508234479,-4.172783508234479,1.9261237382888794,1.1915700435638428,0.7931335995786659,0.29442794571760084
noisy,p232_346,high,15.873497545377987,15.873497545377987,4.983499745015087,4.983499745015087,3.4543402194976807,2.6577529907226562,0.9526895457096636,15.870246418172131
noisy,p232_347,mid,11.682051093936048,11.682051093936048,3.6237427549399532,3.6237427549399532,2.8516359329223633,1.9129879474639893,0.9869709197799178,11.69502310280317
noisy,p232_348,mid,6.391279612437584,6.391279612437584,0.8199823833931449,0.8199823833931449,2.417025566101074,1.456551194190979,0.9202525444911148,6.374767802745697
noisy,p232_349,low,1.3739941516228218,1.3739941516228218,-2.465135449779217,-2.465135449779217,2.215891122817993,1.2700552940368652,0.9134606642829728,1.4051509178413757
noisy,p232_350,high,15.374719954951077,15.374719954951077,12.80524788419709,12.80524788419709,4.509883880615234,4.297907829284668,0.9914604698805306,15.37333345294828
noisy,p232_351,mid,10.518916753792777,10.518916753792777,1.8161646402142195,1.8161646402142195,3.829054117202759,3.2015130519866943,0.9738309799329985,10.531239831651789
noisy,p232_352,mid,5.668635212752902,5.668635212752902,-0.7850492143082158,-0.7850492143082158,3.282177448272705,2.7581799030303955,0.9869321693098911,5.717064192802499
noisy,p232_353,low,1.0392723629633493,1.0392723629633493,-2.988603059981014,-2.988603059981014,2.9299981594085693,2.229583978652954,0.9923777509714544,1.0508481458869032
noisy,p232_354,high,15.442755341422053,15.442755341422053,7.1139984013798845,7.1139984013798845,3.5566999912261963,2.779608726501465,0.8696041876533472,15.425865301790871
noisy,p232_355,mid,11.518176995542825,11.518176995542825,5.632528979902881,5.632528979902881,3.041642904281616,2.0515739917755127,0.9800286069864426,11.518842581761175
noisy,p232_356,mid,6.489416082447173,6.489416082447173,0.8837952531414124,0.8837952531414124,2.3678126335144043,1.5351636409759521,0.937903624766925,6.511550775090673
noisy,p232_357,low,1.0682890681433002,1.0682890681433002,-1.5709676952371072,-1.5709676952371072,2.975867748260498,1.5537347793579102,0.9576604999871594,1.0682011627182633
noisy,p232_358,high,15.528011907122616,15.528011907122616,5.197507730207687,5.197507730207687,3.2785191535949707,2.948482036590576,0.9070345990808858,15.524260597956758
noisy,p232_359,mid,9.948213846058753,9.948213846058753,2.157430884099105,2.157430884099105,4.049752712249756,3.165971517562866,0.8855819463281512,9.980567930697767
noisy,p232_360,mid,6.356183382557894,6.356183382557894,2.018775596375779,2.018775596375779,2.7256503105163574,1.8968980312347412,0.9316959598125737,6.349625509922716
noisy,p232_361,low,0.4729473252980636,0.4729473252980636,-3.745496099276584,-3.745496099276584,3.2910752296447754,2.6245226860046387,0.9974551013297221,0.4595871024229386
noisy,p232_362,high,16.388243015189612,16.388243015189612,8.156053853276768,8.156053853276768,2.7879467010498047,1.9986070394515991,0.9904601317481103,16.391495951938925
noisy,p232_363,mid,11.607192856849116,11.607192856849116,4.450983942476145,4.450983942476145,2.5710220336914062,1.8913979530334473,0.9723543113131465,11.604737774679336
noisy,p232_364,mid,6.098070304992474,6.098070304992474,0.7471730568543815,0.7471730568543815,2.3583824634552,1.5705671310424805,0.9701755970883073,6.107336536030232
noisy,p232_365,low,0.8992064756110939,0.8992064756110939,-3.179970576484785,-3.179970576484785,2.161909818649292,1.4525609016418457,0.8603742410398617,0.9280826495636972
noisy,p232_366,high,15.853018844442479,15.853018844442479,5.646838164263947,5.646838164263947,3.1068403720855713,2.266894817352295,0.992189447829129,15.827682804914168
noisy,p232_367,mid,10.63986892438146,10.63986892438146,1.7766118457085447,1.7766118457085447,2.8839876651763916,1.8468022346496582,0.8789572083967148,10.638355574854641
noisy,p232_368,mid,5.9121698371960605,5.9121698371960605,-0.35642750610392493,-0.35642750610392493,2.9837090969085693,2.0067789554595947,0.8881475049209964,5.867377266547921
noisy,p232_369,low,1.6771211276487838,1.6771211276487838,-1.912958455779693,-1.912958455779693,2.371875047683716,1.3214191198349,0.9444581380543469,1.6517499410907408
noisy,p232_370,high,15.334036619684943,15.334036619684943,5.84859578721063,5.84859578721063,3.846449613571167,3.0056333541870117,0.9750940312546784,15.331307268367802
noisy,p232_371,mid,10.540559076413414,10.540559076413414,2.561979906740875,2.561979906740875,3.6135141849517822,2.7525320053100586,0.9987276172693745,10.54359606874473
noisy,p232_372,mid,6.589255523258482,6.589255523258482,1.4617583556372875,1.4617583556372875,2.964799642562866,2.1556243896484375,0.9240538108099301,6.582676780174692
noisy,p232_373,low,1.5637973022502014,1.5637973022502014,-0.9894233291084372,-0.9894233291084372,3.3319544792175293,2.626272201538086,0.9969169353498853,1.548440637596099
noisy,p232_374,high,16.436273281928624,16.436273281928624,7.2019812712054145,7.2019812712054145,2.7150681018829346,2.2993650436401367,0.9864824097422122,16.43479205473883
noisy,p232_375,mid,11.177091587022343,11.177091587022343,3.1690431529913186,3.1690431529913186,2.7371857166290283,2.1477391719818115,0.9866926786537544,11.22055644899537
noisy,p232_377,mid,6.411168074204858,6.411168074204858,0.88483896137461,0.88483896137461,2.4543516635894775,1.8937902450561523,0.9754122417906429,6.413348127659892
noisy,p232_378,low,1.5478935665210747,1.5478935665210747,-1.905290811766407,-1.905290811766407,2.3087127208709717,1.3550519943237305,0.9541379054031138,1.6007751780963264
noisy,p232_379,high,16.267381489498927,16.267381489498927,6.93345770722334,6.93345770722334,3.751302480697632,3.067087411880493,0.9804988718323274,16.264436384651304
noisy,p232_380,mid,11.465479537602068,11.465479537602068,5.454375571461728,5.454375571461728,3.0960965156555176,2.2510008811950684,0.9770244216386148,11.464024972815727
noisy,p232_381,mid,5.852098666792518,5.852098666792518,-0.6426126798233103,-0.6426126798233103,2.8324668407440186,2.211223602294922,0.9482976273955418,5.835461502376363
noisy,p232_382,low,0.7320750112940079,0.7320750112940079,-2.4784260386649177,-2.4784260386649177,3.6331663131713867,3.017814874649048,0.9235123369716642,0.7332254695940598
noisy,p232_383,high,15.446015915440865,15.446015915440865,2.6309351899492714,2.6309351899492714,2.6041998863220215,1.7927236557006836,0.9895894262679962,15.410571147910275
noisy,p232_384,mid,10.591631045880705,10.591631045880705,2.3138679643616844,2.3138679643616844,2.685497522354126,1.8528295755386353,0.8551059149406042,10.590788334209329
noisy,p232_385,mid,6.430224938004856,6.430224938004856,0.5929629854119839,0.5929629854119839,2.497072458267212,1.673865556716919,0.8784908425851133,6.40693870061296
noisy,p232_386,low,1.1125589583617839,1.1125589583617839,-4.01039405900015,-4.01039405900015,1.8781723976135254,1.2094144821166992,0.7414171473283472,0.9962107027474841
noisy,p232_387,high,16.521619543627732,16.521619543627732,7.728773684102639,7.728773684102639,3.3524394035339355,2.5946593284606934,0.9842819212125274,16.545010594915613
noisy,p232_388,mid,11.77369312367706,11.77369312367706,3.672036684001628,3.672036684001628,2.4540531635284424,1.4778193235397339,0.8374661189669006,11.766077023821463
noisy,p232_389,mid,6.588814408621044,6.588814408621044,-0.9661070683241638,-0.9661070683241638,2.0768539905548096,1.2518422603607178,0.9240843130896774,6.5938703805560195
noisy,p232_390,low,0.753659304455535,0.753659304455535,-2.907444443918065,-2.907444443918065,2.296114683151245,1.3134675025939941,0.890610736231821,0.7225251871461402
noisy,p232_391,high,15.53904395330479,15.53904395330479,5.947739665721107,5.947739665721107,4.1034321784973145,3.5259323120117188,0.9921288383678855,15.543174091038402
noisy,p232_392,mid,11.575014283741416,11.575014283741416,5.470096727179794,5.470096727179794,4.018356800079346,3.4556312561035156,0.9675536476417326,11.566620177879408
noisy,p232_393,mid,6.56721047943667,6.56721047943667,0.5941461321721883,0.5941461321721883,3.3065037727355957,2.8385074138641357,0.9989381556780537,6.557984135923389
noisy,p232_394,low,1.536730570682538,1.536730570682538,-1.8834396897453667,-1.8834396897453667,3.0772271156311035,2.314941167831421,0.9971676886137927,1.5267298067957666
noisy,p232_396,high,15.657975675463291,15.657975675463291,6.352284279545458,6.352284279545458,2.790207862854004,2.16509747505188,0.9499123470068828,15.659956724585617
noisy,p232_397,mid,11.494459868852935,11.494459868852935,5.168241162265467,5.168241162265467,3.182709217071533,2.4839160442352295,0.9966634730067832,11.493500763085018
noisy,p232_398,mid,6.484919496750878,6.484919496750878,1.3045677716552229,1.3045677716552229,2.6353697776794434,1.7237534523010254,0.9591827970180486,6.487410936849011
noisy,p232_399,low,1.0834091749957953,1.0834091749957953,-2.9069917402520353,-2.9069917402520353,2.239576578140259,1.3575712442398071,0.8812092226675269,1.0535739107878763
noisy,p232_400,high,16.332819408279807,16.332819408279807,8.229288264030446,8.229288264030446,3.740332841873169,3.1427958011627197,0.9995962071994564,16.331608211141102
noisy,p232_402,mid,5.664201808719315,5.664201808719315,-1.2160624583971338,-1.2160624583971338,2.636435031890869,1.863464117050171,0.9538639746684553,5.733081246591687
noisy,p232_403,mid,11.691135570248463,11.691135570248463,2.8835731264470965,2.8835731264470965,2.5241198539733887,1.3673248291015625,0.9370899875932595,11.696940655169463
noisy,p232_404,high,15.60325104351649,15.60325104351649,3.990519240390355,3.990519240390355,2.94549298286438,2.249532461166382,0.9816421465382321,15.58033544220155
noisy,p232_405,mid,6.267943033547011,6.267943033547011,3.612509397801537,3.612509397801537,2.9145352840423584,1.8831613063812256,0.969802963164821,6.241613737270278
noisy,p232_407,low,0.27900769681193976,0.27900769681193976,-3.576093005958568,-3.576093005958568,1.8579274415969849,1.2229262590408325,0.7523302125686602,0.2730844045315575
noisy,p232_409,low,1.32202903847927,1.32202903847927,-3.598600447933705,-3.598600447933705,1.9372360706329346,1.2718329429626465,0.8780013568044529,1.3275433286395604
noisy,p232_410,mid,6.557975027284999,6.557975027284999,2.587996413820941,2.587996413820941,2.8933279514312744,2.063710927963257,0.9489364080856802,6.544168290237823
noisy,p232_411,mid,14.661089949975384,14.661089949975384,3.575234788488119,3.575234788488119,3.4809727668762207,2.821448802947998,0.9720592540512941,14.659597115584802
noisy,p232_412,mid,11.653411393936334,11.653411393936334,5.931327460744346,5.931327460744346,2.499809980392456,1.789588451385498,0.9388965663736917,11.651502404364537
noisy,p232_413,mid,10.97830770496329,10.97830770496329,2.9970892700244476,2.9970892700244476,3.8021957874298096,3.1692867279052734,0.9994799118428861,10.98816638910689
noisy,p232_414,low,0.48591680430958434,0.48591680430958434,-2.7680110843617878,-2.7680110843617878,2.354041814804077,1.4429080486297607,0.8577295583694594,0.5649941487540849
noisy,p232_415,low,1.0506995844962128,1.0506995844962128,-3.754746019501775,-3.754746019501775,1.6055841445922852,1.1262680292129517,0.823634112054196,0.964718492466591
noisy,p257_001,high,16.197803188124475,16.197803188124475,8.593199442164584,8.593199442164584,3.9286091327667236,2.761638879776001,0.9767230976528711,16.220293012960397
noisy,p257_002,mid,11.328616620309313,11.328616620309313,4.845956953568364,4.845956953568364,3.3715226650238037,2.4444193840026855,0.9882641798603571,11.329004503536153
noisy,p257_003,mid,7.010393662681972,7.010393662681972,2.108726472983697,2.108726472983697,2.6999876499176025,1.7708041667938232,0.9499304090549814,7.005436545962232
noisy,p257_004,low,1.4200154733545647,1.4200154733545647,-4.581068057048657,-4.581068057048657,2.6015841960906982,1.6480534076690674,0.9677963010867769,1.4497612175042627
noisy,p257_006,high,16.897870955714986,16.897870955714986,11.284658560733254,11.284658560733254,3.010749578475952,2.175987720489502,0.9683614911066178,16.898503465810446
noisy,p257_007,mid,11.67391898123716,11.67391898123716,4.177218364296229,4.177218364296229,1.9462004899978638,1.3852061033248901,0.9180938847085934,11.65761229512978
noisy,p257_008,mid,7.107941783957068,7.107941783957068,2.011509934981018,2.011509934981018,1.871530532836914,1.2479596138000488,0.9044928732922121,7.071994424443064
noisy,p257_009,low,1.712833982849403,1.712833982849403,-2.5791886094168803,-2.5791886094168803,1.5622665882110596,1.0844653844833374,0.7985248675685747,1.7532731347710973
noisy,p257_010,high,16.239661082616966,16.239661082616966,5.938514296403984,5.938514296403984,3.2047903537750244,2.477806806564331,0.9731638414033028,16.25898041842755
noisy,p257_011,mid,11.95645001433751,11.95645001433751,8.719696281875192,8.719696281875192,3.4304146766662598,2.634950876235962,0.9861005498279988,11.957915787885483
noisy,p257_012,mid,6.772656560307392,6.772656560307392,0.9029140836489795,0.9029140836489795,2.929666757583618,1.5891201496124268,0.9614442381319193,6.72891555747647
noisy,p257_013,low,1.7913696407221402,1.7913696407221402,-2.8587457877521136,-2.8587457877521136,1.7177300453186035,1.1180071830749512,0.8799746140582069,1.727117712403698
noisy,p257_014,high,16.519408340728468,16.519408340728468,11.267723707457144,11.267723707457144,3.7700600624084473,3.3222405910491943,0.9943744994597594,16.531667198582788
noisy,p257_015,mid,11.887531797182032,11.887531797182032,7.296843642391421,7.296843642391421,4.013040542602539,3.379814624786377,0.9960529911232826,11.887791495150937
noisy,p257_016,mid,6.995410204794538,6.995410204794538,1.6420479319691548,1.6420479319691548,3.2895336151123047,2.298293352127075,0.988602022426758,6.982248107646275
noisy,p257_017,low,1.6286663123487557,1.6286663123487557,-2.6681757823267893,-2.6681757823267893,2.8531813621520996,1.5339505672454834,0.9697341930949636,1.597386686905694
noisy,p257_018,high,16.839619324394302,16.839619324394302,9.928881562935391,9.928881562935391,3.6687285900115967,2.784351110458374,0.9883885798440669,16.838260394608927
noisy,p257_019,mid,12.053879534604022,12.053879534604022,6.032295500959367,6.032295500959367,3.0320653915405273,1.9784841537475586,0.982919817802907,12.060077435037826
noisy,p257_020,mid,6.387439647658354,6.387439647658354,0.1851875400185846,0.1851875400185846,2.4159882068634033,1.3313037157058716,0.9445858153809118,6.383307084346278
noisy,p257_022,low,1.8955042465822012,1.8955042465822012,-1.1029936000868816,-1.1029936000868816,2.584712028503418,1.3661376237869263,0.9399375527618848,1.8471324358149108
noisy,p257_023,high,17.093130909292274,17.093130909292274,12.643035178380961,12.643035178380961,3.66099214553833,3.1131112575531006,0.9951174826032243,17.10406313292048
noisy,p257_024,mid,11.890572785451557,11.890572785451557,8.476979294663682,8.476979294663682,3.9509496688842773,3.4525585174560547,0.995354110347778,11.900102107235305
noisy,p257_025,mid,6.103761603196569,6.103761603196569,0.05997067909023033,0.05997067909023033,3.573683500289917,2.6497418880462646,0.9805256774298979,6.08629917819449
noisy,p257_026,low,0.557650698552471,0.557650698552471,-5.065634777443324,-5.065634777443324,3.207688093185425,1.4663010835647583,0.9232612982197766,0.5525021590840508
noisy,p257_027,high,16.695558169728983,16.695558169728983,10.40017752460502,10.40017752460502,3.2307374477386475,1.3685914278030396,0.9770506855249889,16.69495055477458
noisy,p257_028,mid,11.32892941749158,11.32892941749158,2.8181487845152153,2.8181487845152153,2.521716594696045,1.612241268157959,0.928047993986392,11.376704931250554
noisy,p257_029,mid,5.777558256951959,5.777558256951959,-2.509324053075921,-2.509324053075921,2.2314932346343994,1.1583163738250732,0.8779031325561142,5.785740703769765
noisy,p257_030,low,1.4588718594874386,1.4588718594874386,-3.005603331354404,-3.005603331354404,2.3369321823120117,1.1686800718307495,0.9198751221411947,1.4323019902164849
noisy,p257_031,high,15.152199285620163,15.152199285620163,5.80687114048076,5.80687114048076,3.277243137359619,2.2503840923309326,0.8550612150247829,15.165695859382993
noisy,p257_032,mid,11.072928945791132,11.072928945791132,0.6807752014541684,0.6807752014541684,2.7199831008911133,1.8163573741912842,0.9605592422374407,11.08380420083397
noisy,p257_033,mid,5.7618765831303085,5.7618765831303085,-2.5590526590979765,-2.5590526590979765,2.206533432006836,1.1828899383544922,0.9033146144041899,5.606933093780961
noisy,p257_034,low,0.7949124949611013,0.7949124949611013,-4.297224195273157,-4.297224195273157,2.191833257675171,1.2522389888763428,0.8877686302033052,0.8648936848849559
noisy,p257_035,high,16.412045310962583,16.412045310962583,8.358126108069847,8.358126108069847,3.894378900527954,3.2368016242980957,0.9984561419847758,16.4191654187415
noisy,p257_036,mid,10.088058401011843,10.088058401011843,-0.1533290634930363,-0.1533290634930363,3.7357099056243896,1.411439299583435,0.9815716764148151,10.072546518346332
noisy,p257_037,mid,5.498526837487946,5.498526837487946,-1.6802244276235214,-1.6802244276235214,3.2000088691711426,1.6309294700622559,0.9472576659688481,5.5111723840812505
noisy,p257_038,low,2.0352640017866017,2.0352640017866017,-1.0106260397491778,-1.0106260397491778,3.334336519241333,2.081056833267212,0.9809341360241478,2.0145349882221613
noisy,p257_039,high,16.317540309385773,16.317540309385773,9.32337148132138,9.32337148132138,3.700103521347046,2.5159995555877686,0.9820325826256643,16.299399779383343
noisy,p257_040,mid,11.247602837151769,11.247602837151769,3.241487451213652,3.241487451213652,2.732943058013916,1.6283248662948608,0.967050717510992,11.24354657140124
noisy,p257_041,mid,7.207677066923113,7.207677066923113,0.3093383862643367,0.3093383862643367,2.7607345581054688,1.1269443035125732,0.9040546368512641,7.347524634578836
noisy,p257_042,low,-0.6922250472664349,-0.6922250472664349,-5.439934458354101,-5.439934458354101,2.5146467685699463,1.0449504852294922,0.7387942520451374,-0.6618067502242608
noisy,p257_043,high,15.684107318202717,15.684107318202717,6.3594192941909435,6.3594192941909435,3.7272186279296875,1.801956057548523,0.9724020065588691,15.688141350531184
noisy,p257_044,mid,10.363274669038162,10.363274669038162,2.7616943665990723,2.7616943665990723,3.2535815238952637,2.6474320888519287,0.9852159658797495,10.421629039757505
noisy,p257_045,low,4.732722038412213,4.732722038412213,-3.73514720118245,-3.73514720118245,3.4292538166046143,1.6358246803283691,0.9686969136054936,4.802495174011615
noisy,p257_046,low,2.2900212540871463,2.2900212540871463,-1.6786258682708057,-1.6786258682708057,3.6266860961914062,2.5534236431121826,0.8877748525271242,2.1160283076004314
noisy,p257_047,high,16.113205495835924,16.113205495835924,6.047260645005551,6.047260645005551,3.0324137210845947,1.2927234172821045,0.9551280678655036,16.121463437837512
noisy,p257_048,mid,10.982170586268463,10.982170586268463,1.584151220576644,1.584151220576644,2.8519585132598877,1.4138240814208984,0.93666984871862,10.988458074062306
noisy,p257_049,mid,6.832905834817568,6.832905834817568,1.8834553123261777,1.8834553123261777,2.2507195472717285,1.247837781906128,0.9382864402913718,6.859391471542748
noisy,p257_050,low,0.29748539691863135,0.29748539691863135,-4.840869366203103,-4.840869366203103,1.744593620300293,1.0309009552001953,0.639657202341034,0.18249837967228483
noisy,p257_051,high,16.904748450619017,16.904748450619017,8.850384557356097,8.850384557356097,3.270202159881592,2.4464282989501953,0.9919619852429156,16.90749448586775
noisy,p257_052,mid,10.727246987475276,10.727246987475276,0.8752327454885086,0.8752327454885086,3.3834543228149414,2.1497020721435547,0.948925298732991,10.70266067118295
noisy,p257_053,mid,5.9344372904870255,5.9344372904870255,-2.875197984844109,-2.875197984844109,2.123502254486084,1.0803203582763672,0.8912384600271495,5.918749381518879
noisy,p257_054,low,1.085227680539321,1.085227680539321,-5.524310099862158,-5.524310099862158,1.9591339826583862,1.0817553997039795,0.811821324670349,0.974873778890254
noisy,p257_055,high,16.066215769687496,16.066215769687496,7.397566696867757,7.397566696867757,4.15600061416626,3.45682430267334,0.9957961547240837,16.06874120412264
noisy,p257_056,mid,10.12883245578587,10.12883245578587,1.23607006150595,1.23607006150595,3.6452579498291016,2.7340753078460693,0.9752650502699985,10.105613566132124
noisy,p257_057,mid,6.453209055437135,6.453209055437135,-1.2651373818282097,-1.2651373818282097,3.4212405681610107,2.272716522216797,0.9862199665515261,6.443605337043136
noisy,p257_058,low,0.42575971749553665,0.42575971749553665,-3.888182661409008,-3.888182661409008,2.785198211669922,1.2181835174560547,0.9662822386631246,0.42963698776286646
noisy,p257_059,high,16.698233903891655,16.698233903891655,7.429820137776959,7.429820137776959,2.954617500305176,1.7409744262695312,0.9815983619915568,16.688816036086937
noisy,p257_060,mid,10.392000498452242,10.392000498452242,0.8256020062932304,0.8256020062932304,2.9559762477874756,1.676925778388977,0.931367735010715,10.404567291031736
noisy,p257_061,mid,5.325114938678199,5.325114938678199,-2.98183154743121,-2.98183154743121,2.336484432220459,1.2674192190170288,0.8731064647980793,5.325258539748337
noisy,p257_062,low,1.1625259835893067,1.1625259835893067,-4.484793718615441,-4.484793718615441,2.108548164367676,1.1654303073883057,0.8697512998204321,1.143897072183222
noisy,p257_063,high,15.633968195194479,15.633968195194479,5.683160550638234,5.683160550638234,3.199676513671875,2.0356454849243164,0.9225643517389561,15.622944913006458
noisy,p257_064,mid,10.201620672902408,10.201620672902408,-0.8467330512079851,-0.8467330512079851,3.3584022521972656,1.2878087759017944,0.9519662527918954,10.195223327254826
noisy,p257_065,mid,6.1321865640438915,6.1321865640438915,-1.1950139624840987,-1.1950139624840987,3.4070403575897217,1.6811800003051758,0.9621326852509563,6.118876360103908
noisy,p257_066,low,0.6607432352399825,0.6607432352399825,-3.7230738836051884,-3.7230738836051884,3.1629385948181152,1.4080274105072021,0.9163537067863171,0.7435018222578567
noisy,p257_067,high,15.483402692441672,15.483402692441672,5.533812062138447,5.533812062138447,2.912728786468506,1.1043635606765747,0.9304664446365051,15.470164311789922
noisy,p257_068,mid,9.974395622964863,9.974395622964863,1.0262543066307956,1.0262543066307956,2.957392930984497,1.6178925037384033,0.9352313342359238,9.94123308775491
noisy,p257_069,mid,6.884953139103973,6.884953139103973,-1.7466269772632788,-1.7466269772632788,1.775519609451294,1.1686328649520874,0.7562038969944876,6.834020283973292
noisy,p257_070,low,1.5572791095355019,1.5572791095355019,-4.808389327325144,-4.808389327325144,1.3724794387817383,1.0888354778289795,0.6983064407901947,1.581303645647507
noisy,p257_071,high,16.712059922006453,16.712059922006453,7.84357848583135,7.84357848583135,3.06469464302063,2.2201926708221436,0.9759282564819415,16.73040838513376
noisy,p257_072,mid,10.715131024780518,10.715131024780518,1.8813883863485852,1.8813883863485852,2.3439295291900635,1.4648077487945557,0.9144340575113152,10.713084176383589
noisy,p257_073,mid,6.216924948761497,6.216924948761497,-1.8137896766059487,-1.8137896766059487,2.549245595932007,1.3172051906585693,0.9289565870469749,6.244917671591374
noisy,p257_074,low,0.5920862208926404,0.5920862208926404,-5.314162791808987,-5.314162791808987,2.3393714427948,1.1671180725097656,0.8897639864904068,0.6458807647471558
noisy,p257_075,high,15.345675061528684,15.345675061528684,5.843941589790619,5.843941589790619,4.147903919219971,3.3758203983306885,0.9915716987169642,15.345913534993759
noisy,p257_076,mid,10.66168573345281,10.66168573345281,1.9282915429686838,1.9282915429686838,3.366398572921753,2.5836596488952637,0.9668482990129581,10.658430087860005
noisy,p257_077,mid,5.554817423037683,5.554817423037683,-1.0136609257364566,-1.0136609257364566,3.2668144702911377,1.969365119934082,0.9694994961256826,5.587472539916705
noisy,p257_078,low,1.4310499929114084,1.4310499929114084,-2.6627459327366467,-2.6627459327366467,3.0701379776000977,1.178987979888916,0.9814253262988566,1.4239603388894615
noisy,p257_079,high,16.376993071127483,16.376993071127483,8.017646822093806,8.017646822093806,3.3435916900634766,1.9934873580932617,0.9722016075441205,16.36824278139126
noisy,p257_080,mid,11.553481744144245,11.553481744144245,3.4597930810456488,3.4597930810456488,2.998192071914673,1.3470561504364014,0.9707600603685668,11.539566916727582
noisy,p257_081,mid,5.050570261980047,5.050570261980047,-3.3940029708276076,-3.3940029708276076,2.472447633743286,1.1664767265319824,0.7586840196542318,5.042191344587525
noisy,p257_082,low,0.935497444621573,0.935497444621573,-3.7694396760596676,-3.7694396760596676,2.1227147579193115,1.1442652940750122,0.8711997121203299,0.9662002405043524
noisy,p257_083,high,16.047476866576,16.047476866576,9.354464372854352,9.354464372854352,4.31382417678833,4.020486354827881,0.9981492724134507,16.059504869723465
noisy,p257_084,mid,11.29778553940952,11.29778553940952,5.0356616996269175,5.0356616996269175,3.6856634616851807,2.539440393447876,0.9838288455469432,11.360619947309296
noisy,p257_085,mid,6.767265911363821,6.767265911363821,0.9753592603589117,0.9753592603589117,3.1017537117004395,1.3929572105407715,0.9560724362966082,6.7096976146797775
noisy,p257_086,low,1.4178280818607316,1.4178280818607316,-3.0882930138967546,-3.0882930138967546,3.7391915321350098,1.3564352989196777,0.9300136152173355,1.3574001169809502
noisy,p257_087,high,16.056946632438653,16.056946632438653,5.612974941752428,5.612974941752428,2.3401029109954834,1.697371482849121,0.8758747147814812,16.0750014938793
noisy,p257_088,mid,11.64224936377648,11.64224936377648,4.3948169648938515,4.3948169648938515,2.3972744941711426,1.315004825592041,0.9470456502973345,11.646466805369148
noisy,p257_089,mid,6.453346667432296,6.453346667432296,0.3188713499526375,0.3188713499526375,2.1162455081939697,1.2352381944656372,0.9112324591570458,6.463040603553107
noisy,p257_090,low,0.25448007826241514,0.25448007826241514,-5.901658795460046,-5.901658795460046,1.4459075927734375,1.054314374923706,0.6637008675381715,0.18688381614353072
noisy,p257_091,high,15.795392652818261,15.795392652818261,5.4581754245928815,5.4581754245928815,3.2170534133911133,1.7725398540496826,0.9448470937428696,15.819678238646546
noisy,p257_092,mid,9.694311620791753,9.694311620791753,-0.7516623994097396,-0.7516623994097396,2.8065719604492188,1.504793405532837,0.7935482985069314,9.638858874528088
noisy,p257_093,low,4.626007086000875,4.626007086000875,-5.481704776028024,-5.481704776028024,2.5795860290527344,1.1722064018249512,0.856608489769453,4.58378622636099
noisy,p257_094,low,-0.606677132658243,-0.606677132658243,-5.867828527587479,-5.867828527587479,1.859510064125061,1.0540030002593994,0.6835290499398223,-0.669298189259018
noisy,p257_095,high,16.55426375969894,16.55426375969894,11.166773695501298,11.166773695501298,4.2780866622924805,3.637638568878174,0.9971947841368988,16.552808436116784
noisy,p257_096,mid,10.233395764131586,10.233395764131586,1.8643002599534395,1.8643002599534395,3.6201164722442627,2.666210412979126,0.9273197338938469,10.22317391473317
noisy,p257_097,mid,6.004033912838734,6.004033912838734,-0.8250040876634641,-0.8250040876634641,3.391369104385376,2.2559502124786377,0.9709706233247913,6.005472643341062
noisy,p257_098,low,-0.7404525013354436,-0.7404525013354436,-5.553548251433906,-5.553548251433906,3.0348501205444336,1.1331230401992798,0.769177835747027,-0.7194806211349318
noisy,p257_099,high,15.805948599116403,15.805948599116403,6.791172782658416,6.791172782658416,3.750804901123047,2.6183948516845703,0.9803830620569075,15.80607953557432
noisy,p257_100,mid,10.123043300541003,10.123043300541003,3.0024774559135246,3.0024774559135246,3.0367414951324463,1.2697492837905884,0.8749932391662228,10.105034398522456
noisy,p257_101,mid,6.418764357867355,6.418764357867355,-0.311479286206613,-0.311479286206613,2.9072980880737305,1.2935103178024292,0.9245252026307419,6.44155798416818
noisy,p257_102,low,1.2622699439161633,1.2622699439161633,-2.754962204303472,-2.754962204303472,1.7404098510742188,1.0988507270812988,0.8548363280118175,1.222073683973164
noisy,p257_103,high,15.869949217415929,15.869949217415929,4.256622713359049,4.256622713359049,3.5549674034118652,2.8095786571502686,0.9820266208003525,15.879649549805414
noisy,p257_104,mid,10.97252493996579,10.97252493996579,3.5673098097813676,3.5673098097813676,4.205872058868408,2.992065668106079,0.9399646639629511,10.948810935438688
noisy,p257_105,mid,5.900063819454745,5.900063819454745,1.694381749490936,1.694381749490936,3.428091049194336,1.5271265506744385,0.8974642736069085,5.843579374882202
noisy,p257_106,low,1.452708254374527,1.452708254374527,-1.8416393211091557,-1.8416393211091557,3.0999879837036133,1.4782040119171143,0.9551653823136446,1.523309524663779
noisy,p257_107,high,15.814028628034137,15.814028628034137,7.403615156504147,7.403615156504147,2.9603095054626465,1.9632407426834106,0.9274547018130672,15.818209281914923
noisy,p257_108,mid,10.710722943235215,10.710722943235215,1.2235281779744487,1.2235281779744487,2.5448975563049316,1.0899723768234253,0.9326438346139134,10.697800852640128
noisy,p257_109,mid,6.414865025440555,6.414865025440555,2.2740786109522446,2.2740786109522446,2.315478563308716,1.3676133155822754,0.9561302237669186,6.4952074237917765
noisy,p257_110,low,2.039526249619029,2.039526249619029,-2.182747543888293,-2.182747543888293,2.089212656021118,1.0620633363723755,0.7610448828060685,2.2587257219006944
noisy,p257_111,high,16.68445126475391,16.68445126475391,7.491528601465,7.491528601465,2.891803026199341,1.7716665267944336,0.9313268550382895,16.690996086278165
noisy,p257_112,mid,11.007320640612729,11.007320640612729,2.358344874062379,2.358344874062379,2.710638999938965,1.4963958263397217,0.9304914965458819,11.013196089263976
noisy,p257_113,mid,5.743516335931801,5.743516335931801,-2.0870787058202946,-2.0870787058202946,2.953636646270752,1.2249473333358765,0.8543012636039016,5.826144775900703
noisy,p257_114,low,0.9199466710905027,0.9199466710905027,-5.520369254339103,-5.520369254339103,1.7193256616592407,1.055595874786377,0.7606299081817219,0.8332755070067198
noisy,p257_115,high,16.14317122958642,16.14317122958642,8.336600181294589,8.336600181294589,3.870614767074585,3.08821964263916,0.9919932532395104,16.140122804460894
noisy,p257_116,mid,11.74081209360317,11.74081209360317,5.959494940312756,5.959494940312756,3.89629864692688,1.739955186843872,0.9969801411807888,11.751675661038538
noisy,p257_117,mid,6.4466057785704765,6.4466057785704765,-0.719665513842263,-0.719665513842263,3.1335155963897705,1.938016414642334,0.9724672461309983,6.4679666019401605
noisy,p257_118,low,1.6683996131869148,1.6683996131869148,-1.6205014809488427,-1.6205014809488427,2.7982707023620605,1.6152124404907227,0.9883023325861603,1.6809925231222742
noisy,p257_119,high,16.260427431569873,16.260427431569873,8.240196942243243,8.240196942243243,3.7109179496765137,2.6943306922912598,0.9286394328159349,16.244205252425207
noisy,p257_120,mid,10.057516310565758,10.057516310565758,0.14600829138892502,0.14600829138892502,2.1716392040252686,1.118715524673462,0.870144681889796,10.025007140698554
noisy,p257_121,mid,6.59899212903745,6.59899212903745,0.287005358285762,0.287005358285762,2.4651057720184326,1.2908761501312256,0.9328037036290867,6.566361498757231
noisy,p257_122,low,0.18678355130444899,0.18678355130444899,-5.119997820144311,-5.119997820144311,2.1792149543762207,1.0835707187652588,0.8741157226265461,0.3597398199398575
noisy,p257_123,high,15.701741729559203,15.701741729559203,7.068089350036753,7.068089350036753,4.329986572265625,3.742501735687256,0.9981510199685875,15.709404823452024
noisy,p257_124,mid,10.258629837143458,10.258629837143458,1.446599091987387,1.446599091987387,3.709217071533203,2.31254243850708,0.934267002935603,10.274277779763201
noisy,p257_125,mid,5.009577828638534,5.009577828638534,-3.061275076524051,-3.061275076524051,3.125774383544922,1.1784613132476807,0.8055338028466079,4.914112758311423
noisy,p257_126,low,0.2225297987222285,0.2225297987222285,-5.340296891534159,-5.340296891534159,3.300891160964966,1.340644359588623,0.886886327995845,0.2582194467479732
noisy,p257_127,high,16.338693553752293,16.338693553752293,9.649292734349656,9.649292734349656,3.1466786861419678,2.2321300506591797,0.949642961744222,16.350711646099562
noisy,p257_128,mid,11.34871587855078,11.34871587855078,3.9868667724330558,3.9868667724330558,2.7071454524993896,1.6667423248291016,0.9504187810002075,11.316289422915782
noisy,p257_129,mid,6.359505792418641,6.359505792418641,-0.9071372553582276,-0.9071372553582276,1.858672857284546,1.1735612154006958,0.7420600490069466,6.373507757364921
noisy,p257_130,low,1.214853060740746,1.214853060740746,-3.6496019854020982,-3.6496019854020982,1.621744155883789,1.0967696905136108,0.7565540693139711,1.1752602080152197
noisy,p257_131,high,15.203534201464084,15.203534201464084,3.2973515859659335,3.2973515859659335,3.1150851249694824,2.376741409301758,0.9499136879627834,15.201349884202585
noisy,p257_132,mid,11.678629257302894,11.678629257302894,2.575198884065687,2.575198884065687,3.2105252742767334,1.219285249710083,0.9491104588235502,11.682301309579499
noisy,p257_133,mid,5.8052384690011705,5.8052384690011705,-1.8470762100492288,-1.8470762100492288,2.3622889518737793,1.2054765224456787,0.8946105371228579,5.807104244167284
noisy,p257_135,low,1.5833936630197019,1.5833936630197019,-3.5288341099217035,-3.5288341099217035,1.8152670860290527,1.1489970684051514,0.8938063021088678,1.5826006677808584
noisy,p257_136,high,16.036393628239065,16.036393628239065,9.414470203492087,9.414470203492087,4.214570999145508,3.5214083194732666,0.9956766623845325,16.032966038684318
noisy,p257_137,mid,10.881615314972382,10.881615314972382,2.889405464357707,2.889405464357707,3.7355751991271973,2.287087917327881,0.9375660679257871,10.881751870732309
noisy,p257_138,mid,5.738544684001252,5.738544684001252,-1.3462431026613966,-1.3462431026613966,3.3407464027404785,1.3249472379684448,0.9400989532710845,5.7405528009654
noisy,p257_139,low,0.10369841418299472,0.10369841418299472,-3.7797924489105394,-3.7797924489105394,2.8279130458831787,1.189473271369934,0.8244053155217379,0.14440047775419732
noisy,p257_140,high,15.506780227062196,15.506780227062196,5.390820244459309,5.390820244459309,3.3909175395965576,1.841225266456604,0.8319193882803657,15.518615202692454
noisy,p257_141,mid,10.965654618981384,10.965654618981384,1.01815487023181,1.01815487023181,2.9456582069396973,1.4779770374298096,0.9518400023098043,10.943317300416744
noisy,p257_142,mid,6.473482787194391,6.473482787194391,0.09944245881001597,0.09944245881001597,2.5717031955718994,1.2057260274887085,0.9075894524859976,6.471232251375762
noisy,p257_143,low,1.2856452188942566,1.2856452188942566,-3.1797087770395205,-3.1797087770395205,1.8094745874404907,1.0676597356796265,0.7576417960472187,1.3096423194096292
noisy,p257_144,high,17.05822545932672,17.05822545932672,12.84368777186733,12.84368777186733,3.9909350872039795,3.546398639678955,0.9966797227213752,17.077608007750975
noisy,p257_145,mid,11.978250508168953,11.978250508168953,5.443032511070576,5.443032511070576,3.5963315963745117,2.398859977722168,0.9745960598871986,12.002877734261306
noisy,p257_146,mid,6.118143482373623,6.118143482373623,-1.8097669843900597,-1.8097669843900597,2.9904165267944336,1.5604199171066284,0.9368447802699388,6.079727198033367
noisy,p257_147,low,1.7493788301556836,1.7493788301556836,0.0334915189146812,0.0334915189146812,2.7213666439056396,1.4401886463165283,0.9447363264465597,1.7327684950662672
noisy,p257_148,high,16.44306844055585,16.44306844055585,10.673295261528487,10.673295261528487,3.432917833328247,2.6037940979003906,0.9721504859854623,16.458896116409832
noisy,p257_149,mid,11.197464499593973,11.197464499593973,0.5240672382219034,0.5240672382219034,2.3736538887023926,1.1001331806182861,0.9069899692889795,11.194383988439442
noisy,p257_150,mid,6.009387443584178,6.009387443584178,-0.9777121985960628,-0.9777121985960628,1.6285862922668457,1.0709540843963623,0.8141817427701354,6.021834672940555
noisy,p257_151,low,1.2617289676467807,1.2617289676467807,-4.176490819990987,-4.176490819990987,1.3552546501159668,1.036070466041565,0.672118822774825,1.14051918657031
noisy,p257_152,high,15.57894656374705,15.57894656374705,6.590451553951186,6.590451553951186,3.5455029010772705,1.265151858329773,0.9002270403677162,15.596752312769638
noisy,p257_153,mid,10.964002444427873,10.964002444427873,1.3629299215971418,1.3629299215971418,2.8299288749694824,1.4735136032104492,0.9428961408892413,10.951568830269466
noisy,p257_154,mid,7.165972538929282,7.165972538929282,-0.2453981634649353,-0.2453981634649353,1.7183334827423096,1.1254632472991943,0.8672606471591138,7.152414763454217
noisy,p257_155,low,0.774842732342716,0.774842732342716,-5.547815528891454,-5.547815528891454,2.1720709800720215,1.1120566129684448,0.8763809786595975,0.8140634220960816
noisy,p257_156,high,15.889298734939196,15.889298734939196,8.11053389640942,8.11053389640942,4.427462100982666,3.532405376434326,0.9983980546038037,15.897513445446323
noisy,p257_157,mid,11.551001190645025,11.551001190645025,6.594752508406113,6.594752508406113,3.8198230266571045,2.9738001823425293,0.9891380039892441,11.55459857759283
noisy,p257_158,low,4.959611361096371,4.959611361096371,-2.3061689031548096,-2.3061689031548096,3.631103038787842,2.2813613414764404,0.9384659644754139,5.0127531411926265
noisy,p257_159,low,0.4815078605427556,0.4815078605427556,-2.778885537050304,-2.778885537050304,2.8972551822662354,1.4644715785980225,0.9058681350640622,0.47695912916647476
noisy,p257_160,high,16.560319700247657,16.560319700247657,8.554845007999827,8.554845007999827,3.79597806930542,1.317441463470459,0.9585464955571253,16.553388027021615
noisy,p257_161,mid,10.648131386458473,10.648131386458473,5.8687981367575235,5.8687981367575235,3.646275043487549,1.5960657596588135,0.9535604334086919,10.653141951118872
noisy,p257_162,mid,6.489009303809299,6.489009303809299,-0.08624206952008848,-0.08624206952008848,2.425809621810913,1.1811116933822632,0.9330787939340426,6.479439773053668
noisy,p257_163,low,0.9986911220984596,0.9986911220984596,-4.193701924527596,-4.193701924527596,2.069765329360962,1.1333845853805542,0.8540702717167575,0.9874221289024526
noisy,p257_164,high,16.54596553066384,16.54596553066384,7.102694077199413,7.102694077199413,4.020496368408203,3.3346054553985596,0.9910754374814206,16.55174795048785
noisy,p257_165,mid,10.094796732103667,10.094796732103667,4.61171432129565,4.61171432129565,3.8885810375213623,2.978224754333496,0.9800134223049105,10.15071700765344
noisy,p257_166,mid,5.225423533511563,5.225423533511563,-1.8148618528421638,-1.8148618528421638,2.6687283515930176,1.2027759552001953,0.8689127807716535,5.207088856470772
noisy,p257_167,low,1.4341275895826398,1.4341275895826398,-3.230064273651941,-3.230064273651941,2.636683225631714,1.376684546470642,0.9336459963867391,1.4386330648404333
noisy,p257_168,high,16.390920726360502,16.390920726360502,8.501840359046307,8.501840359046307,3.087860584259033,1.2728419303894043,0.9735036687672745,16.387178914149544
noisy,p257_169,mid,11.267611152953334,11.267611152953334,1.3614297418181762,1.3614297418181762,2.3578548431396484,1.3893744945526123,0.9434692061073212,11.277423950786776
noisy,p257_170,mid,5.760715686141964,5.760715686141964,-1.5646241901499147,-1.5646241901499147,2.65472674369812,1.1586195230484009,0.8906862699250438,5.739615696777012
noisy,p257_171,low,0.8888768296365785,0.8888768296365785,-4.259615161599819,-4.259615161599819,1.519801139831543,1.0397710800170898,0.7417661361141912,0.998702382803896
noisy,p257_172,high,16.85048454547691,16.85048454547691,7.983545076846356,7.983545076846356,2.978480100631714,1.6505573987960815,0.9363108975920722,16.845858096710764
noisy,p257_173,mid,11.346044713489341,11.346044713489341,3.3201698896694474,3.3201698896694474,2.6189382076263428,1.1673507690429688,0.9130516914175512,11.353802297008475
noisy,p257_174,mid,5.353181658018666,5.353181658018666,-3.2886912899286354,-3.2886912899286354,3.0020499229431152,1.2183072566986084,0.9153488423871247,5.384132478238566
noisy,p257_175,low,1.4502490112352553,1.4502490112352553,-5.4843636512836245,-5.4843636512836245,1.7658917903900146,1.0941442251205444,0.8105308854574085,1.4504051184263467
noisy,p257_176,high,15.33099974854036,15.33099974854036,4.289645921751008,4.289645921751008,4.24127721786499,3.1374073028564453,0.9971681732242688,15.332996293935073
noisy,p257_177,mid,11.604507658821186,11.604507658821186,7.90192360351434,7.90192360351434,3.9624953269958496,3.0869569778442383,0.9875656752000531,11.605307141132782
noisy,p257_178,mid,6.587502722847466,6.587502722847466,0.8639633026079361,0.8639633026079361,3.867802858352661,2.620575189590454,0.9927789164123428,6.585638403812015
noisy,p257_179,low,0.008041895698570256,0.008041895698570256,-4.916504348596843,-4.916504348596843,3.066479444503784,1.5462768077850342,0.9295716801968615,0.07582858159069776
noisy,p257_180,high,15.435748841931202,15.435748841931202,5.584707377576658,5.584707377576658,3.2408950328826904,1.6888089179992676,0.8002773482088528,15.440757685527434
noisy,p257_181,mid,10.754440849296019,10.754440849296019,1.4858789393480027,1.4858789393480027,3.391812562942505,1.2050750255584717,0.9460987532155409,10.754374599904555
noisy,p257_182,mid,5.9960025824251195,5.9960025824251195,-0.9683768532356148,-0.9683768532356148,2.685359477996826,1.3221179246902466,0.9343970588338548,6.028678411478182
noisy,p257_183,low,0.18559879301521365,0.18559879301521365,-4.678554877631314,-4.678554877631314,2.0266427993774414,1.0651929378509521,0.8056667622333448,0.2885606054889906
noisy,p257_184,high,16.388563846910063,16.388563846910063,7.8535465936007816,7.8535465936007816,4.158155918121338,3.0995142459869385,0.996590540346302,16.390169060486134
noisy,p257_185,mid,10.878286860132524,10.878286860132524,2.5774365998500866,2.5774365998500866,3.9126338958740234,2.7781460285186768,0.986494817346095,10.863520012101315
noisy,p257_186,mid,6.7154312593956265,6.7154312593956265,0.6002305282674663,0.6002305282674663,3.393272876739502,2.051985263824463,0.9825384492125837,6.760229480123221
noisy,p257_187,low,0.37014456760718245,0.37014456760718245,-4.767907290578629,-4.767907290578629,3.743466377258301,2.1471481323242188,0.9668202615642156,0.27284158672014674
noisy,p257_188,high,16.236412415140656,16.236412415140656,7.682208609908866,7.682208609908866,2.5841121673583984,1.804398536682129,0.9470051916253278,16.22333291858528
noisy,p257_189,mid,10.734356435863585,10.734356435863585,2.1055208752532537,2.1055208752532537,2.844301462173462,1.287344217300415,0.9402399945112893,10.72092985124889
noisy,p257_190,mid,6.439999953250867,6.439999953250867,-1.1723468394380845,-1.1723468394380845,1.79502534866333,1.170632243156433,0.827213745325366,6.465431239644525
noisy,p257_191,low,1.6321634604284607,1.6321634604284607,-2.5074949464377805,-2.5074949464377805,1.623619794845581,1.0664196014404297,0.816925069966953,1.6159939633886533
noisy,p257_192,mid,14.320811308184975,14.320811308184975,2.183836781320697,2.183836781320697,3.588407516479492,2.326246976852417,0.9028136723813827,14.296067464631035
noisy,p257_193,mid,11.593118982084613,11.593118982084613,1.4125575899987606,1.4125575899987606,2.3860905170440674,1.208219051361084,0.9171261093043591,11.60508004763651
noisy,p257_194,mid,7.049920602222796,7.049920602222796,0.3501402340898687,0.3501402340898687,2.5610713958740234,1.1762375831604004,0.9364893733586778,7.018990791568761
noisy,p257_195,low,0.5055366998661083,0.5055366998661083,-5.1389524205827675,-5.1389524205827675,1.8580594062805176,1.095276117324829,0.846397085527593,0.39722719043270155
noisy,p257_196,high,16.5212715421236,16.5212715421236,8.74981612405094,8.74981612405094,4.022331714630127,2.2515153884887695,0.9986088622742426,16.519591151460357
noisy,p257_197,mid,10.436289962988035,10.436289962988035,0.6891115564540209,0.6891115564540209,3.2488279342651367,2.156522750854492,0.970278081794972,10.46097275863286
noisy,p257_198,mid,6.456075468988594,6.456075468988594,1.3909488990695555,1.3909488990695555,3.566739797592163,2.559903860092163,0.9839802762887935,6.451448018307707
noisy,p257_199,low,-3.081986442958967,-3.081986442958967,-7.043745982250048,-7.043745982250048,3.2053794860839844,1.1065837144851685,0.5600096101689813,-3.114590907195616
noisy,p257_200,high,15.656267325876613,15.656267325876613,6.430247306101373,6.430247306101373,3.5971808433532715,2.3004021644592285,0.9647945573551182,15.65055566441944
noisy,p257_201,mid,9.885990250690602,9.885990250690602,0.25804127975612745,0.25804127975612745,2.9923667907714844,1.675609827041626,0.8742513569075441,9.878806431665387
noisy,p257_202,mid,5.648756056402363,5.648756056402363,-1.8800972012142756,-1.8800972012142756,3.132434844970703,1.471956491470337,0.8906200777087916,5.695941272684017
noisy,p257_203,low,0.832614681550265,0.832614681550265,-3.78859084850277,-3.78859084850277,1.9463567733764648,1.0965813398361206,0.8595304752264874,0.8375741337719407
noisy,p257_204,high,15.087047823215062,15.087047823215062,5.10125338371782,5.10125338371782,4.2609477043151855,3.4583122730255127,0.97452376792334,15.106705600118556
noisy,p257_205,mid,10.341082280305036,10.341082280305036,1.6348653219777343,1.6348653219777343,4.281160831451416,3.0574755668640137,0.9159389658560672,10.343771157060893
noisy,p257_206,mid,6.481985566848971,6.481985566848971,2.153695137492906,2.153695137492906,3.443211793899536,2.5633461475372314,0.9351723322350477,6.414222645912883
noisy,p257_207,low,1.5940919347187574,1.5940919347187574,-3.3490340290140233,-3.3490340290140233,2.792844295501709,1.4104132652282715,0.9412735449703182,1.5208174081107102
noisy,p257_208,high,15.610553428392159,15.610553428392159,5.7533280389426755,5.7533280389426755,2.700667381286621,1.1618355512619019,0.8513145525310715,15.636214713323568
noisy,p257_209,mid,10.503441717669205,10.503441717669205,2.6972662701881,2.6972662701881,2.276667833328247,1.6099767684936523,0.859686332445156,10.519900833804439
noisy,p257_210,mid,5.786594318241724,5.786594318241724,-1.8715033917585666,-1.8715033917585666,2.1910338401794434,1.1180824041366577,0.8191040994240999,5.835933016790751
noisy,p257_211,low,0.9863344126293939,0.9863344126293939,-5.226363186757434,-5.226363186757434,1.3567914962768555,1.1035691499710083,0.7629439546566642,1.1201018717049414
noisy,p257_212,high,16.830593830266345,16.830593830266345,6.215841756118993,6.215841756118993,2.676137924194336,1.9097362756729126,0.9687936148019407,16.834032649259385
noisy,p257_213,mid,9.575395742680907,9.575395742680907,-2.098321101823208,-2.098321101823208,2.543604850769043,1.5481414794921875,0.8880837366881309,9.622605986182268
noisy,p257_214,mid,6.094069841324988,6.094069841324988,-4.145500336859939,-4.145500336859939,2.229703903198242,1.047953486442566,0.8012188933325867,6.042056056247306
noisy,p257_215,low,1.4596214091149924,1.4596214091149924,-4.610434915613225,-4.610434915613225,2.306960105895996,1.1740906238555908,0.8772454710018243,1.536954368587888
noisy,p257_216,high,16.3857995571868,16.3857995571868,9.792320647050454,9.792320647050454,3.803030252456665,2.984565258026123,0.9917268425863099,16.39058289770428
noisy,p257_217,mid,11.454740708922548,11.454740708922548,5.319550848166447,5.319550848166447,3.8178086280822754,2.6873908042907715,0.9836753218982673,11.457442620765676
noisy,p257_218,mid,6.029067784933072,6.029067784933072,-0.6159568785685856,-0.6159568785685856,2.9473729133605957,2.040818214416504,0.9356314127587833,6.012868220232268
noisy,p257_219,low,2.157553529533062,2.157553529533062,-1.213747010727027,-1.213747010727027,2.8185837268829346,1.7165465354919434,0.9493325949473681,2.1180467555525047
noisy,p257_220,mid,14.974822638084277,14.974822638084277,2.313525136148285,2.313525136148285,2.98453688621521,2.2242183685302734,0.9542455600871614,14.948964532722346
noisy,p257_221,mid,11.531552922443938,11.531552922443938,4.617994629564661,4.617994629564661,3.346703290939331,1.5427286624908447,0.9425725796807263,11.524141572678587
noisy,p257_222,mid,5.822823139785629,5.822823139785629,-0.2185574105573492,-0.2185574105573492,2.7769925594329834,1.3004224300384521,0.8435170316672894,5.809422244702549
noisy,p257_223,low,1.6731517409609176,1.6731517409609176,-1.213784658252493,-1.213784658252493,2.6383955478668213,1.217065453529358,0.9076631473080344,1.7475138290981542
noisy,p257_224,high,16.77985486407309,16.77985486407309,10.382708504909727,10.382708504909727,4.393708229064941,3.943746566772461,0.9993806685748021,16.794797997048423
noisy,p257_225,mid,11.486751629911742,11.486751629911742,5.254851994780147,5.254851994780147,3.9709136486053467,3.349303960800171,0.9881302307633941,11.536033334098638
noisy,p257_226,mid,5.761665272125378,5.761665272125378,-1.7409938626213914,-1.7409938626213914,3.7118263244628906,2.6273956298828125,0.9723391250390366,5.7529943466492295
noisy,p257_227,low,0.6900166458522039,0.6900166458522039,-3.7430089919568017,-3.7430089919568017,3.939246416091919,2.311835527420044,0.8316074205494055,0.6446823716990049
noisy,p257_228,high,15.849094988335967,15.849094988335967,12.008592536713335,12.008592536713335,3.6441490650177,2.6740264892578125,0.8763649523346728,15.850103939469554
noisy,p257_229,mid,10.733119208855896,10.733119208855896,1.1708986212327979,1.1708986212327979,2.2765021324157715,1.1244224309921265,0.8318918957910472,10.75891379086787
noisy,p257_230,mid,6.2893844145451405,6.2893844145451405,-1.0914648069754882,-1.0914648069754882,1.797227144241333,1.2459690570831299,0.8400967293928547,6.311578963632176
noisy,p257_231,low,1.5642154497352043,1.5642154497352043,-3.7844236781321343,-3.7844236781321343,1.4612826108932495,1.0658458471298218,0.7638101265447637,1.5419721173629317
noisy,p257_232,high,16.818794050930496,16.818794050930496,8.744897957476995,8.744897957476995,2.8495194911956787,2.002610921859741,0.9713060614055902,16.818345709539553
noisy,p257_233,mid,10.731344487258909,10.731344487258909,0.39747422469135885,0.39747422469135885,3.29813551902771,1.6558917760849,0.9002546632217342,10.729563728932126
noisy,p257_234,mid,6.975604231685471,6.975604231685471,-0.15959030457735468,-0.15959030457735468,2.016335964202881,1.1166341304779053,0.914479471024492,6.94944165970782
noisy,p257_235,low,0.9495209819708662,0.9495209819708662,-4.575825391952522,-4.575825391952522,1.8484513759613037,1.0930254459381104,0.8568054844172963,0.9222079345482135
noisy,p257_236,high,16.41174737312882,16.41174737312882,8.506012493560494,8.506012493560494,4.235236644744873,3.641598701477051,0.967504038210678,16.419094240915783
noisy,p257_237,mid,11.575412366460693,11.575412366460693,4.4206986015582395,4.4206986015582395,3.7806098461151123,2.8735249042510986,0.9899017865757443,11.56635627174618
noisy,p257_238,mid,5.588876090100625,5.588876090100625,0.3463660331382931,0.3463660331382931,3.6867709159851074,2.0782573223114014,0.9605110598726323,5.607712865035197
noisy,p257_239,low,0.8661718700075538,0.8661718700075538,-2.7469967661233636,-2.7469967661233636,3.0638298988342285,1.174943447113037,0.9264359259881463,0.8435231921655596
noisy,p257_240,high,16.699079683129494,16.699079683129494,7.922808377043809,7.922808377043809,2.9185218811035156,1.9947500228881836,0.8982481347247032,16.714154500726814
noisy,p257_241,mid,10.41732412537128,10.41732412537128,2.0497062122927625,2.0497062122927625,3.188661813735962,1.1443450450897217,0.9695167337439854,10.38561253251755
noisy,p257_242,mid,6.497607318594682,6.497607318594682,-0.748698718502695,-0.748698718502695,2.4220643043518066,1.201220989227295,0.9201421706632126,6.518044957754085
noisy,p257_243,low,1.245705495144608,1.245705495144608,-1.733738795433104,-1.733738795433104,2.5760674476623535,1.147044062614441,0.9345387884419719,1.2459334648122249
noisy,p257_244,high,16.27664649858541,16.27664649858541,7.681951809913648,7.681951809913648,4.332751750946045,3.644313097000122,0.9961254555545257,16.29386548029725
noisy,p257_245,mid,11.434702426360637,11.434702426360637,4.960317472320402,4.960317472320402,3.577765703201294,1.5705028772354126,0.9736200841740603,11.42513335718765
noisy,p257_246,mid,6.324240139221875,6.324240139221875,0.6766022233570663,0.6766022233570663,3.0675976276397705,1.3753843307495117,0.946452388253714,6.314454469812421
noisy,p257_247,low,1.4191324085736814,1.4191324085736814,-2.118700714923229,-2.118700714923229,2.572800397872925,1.6059221029281616,0.8890230968134314,1.3639544071190655
noisy,p257_248,high,16.434838528807422,16.434838528807422,11.21328657635826,11.21328657635826,3.5491130352020264,2.8209891319274902,0.9811707846485702,16.439801879815338
noisy,p257_249,mid,10.38353837546495,10.38353837546495,2.6531044635260432,2.6531044635260432,2.7043731212615967,1.5814218521118164,0.9406064913225092,10.416300444211675
noisy,p257_250,mid,6.081476364698808,6.081476364698808,0.6920448679816552,0.6920448679816552,2.719250440597534,1.221807599067688,0.9237834303262406,6.082436485360882
noisy,p257_251,low,1.7960487639562888,1.7960487639562888,-1.4212959424896219,-1.4212959424896219,1.9778406620025635,1.105486512184143,0.8771771410568906,1.7045509732537765
noisy,p257_252,high,15.734821069271813,15.734821069271813,4.40169137094591,4.40169137094591,2.5578606128692627,1.7793176174163818,0.8699976485087718,15.75435864828978
noisy,p257_253,mid,11.273679836408428,11.273679836408428,1.609311832862949,1.609311832862949,2.2698378562927246,1.4716278314590454,0.9224129672265357,11.265702619808025
noisy,p257_254,mid,6.7635433490328385,6.7635433490328385,-0.04062101201036126,-0.04062101201036126,2.5948824882507324,1.2668431997299194,0.8906905974468294,6.762254691488026
noisy,p257_255,low,1.1341607087552432,1.1341607087552432,-4.8853923072116485,-4.8853923072116485,2.1543500423431396,1.175709843635559,0.8223669156834601,1.048939443885106
noisy,p257_256,high,16.41944884744886,16.41944884744886,8.525743573760982,8.525743573760982,4.081995964050293,3.248582601547241,0.990566911247449,16.42545849862572
noisy,p257_257,mid,10.687710512262264,10.687710512262264,1.493631716701296,1.493631716701296,3.5410475730895996,2.2946550846099854,0.9855568258164502,10.657326324843117
noisy,p257_258,mid,6.582137894067724,6.582137894067724,1.4007321777824548,1.4007321777824548,3.305131673812866,2.476409435272217,0.9568149690216745,6.570316620887267
noisy,p257_259,low,-0.004614490266968178,-0.004614490266968178,-4.8015415800670995,-4.8015415800670995,2.9928345680236816,1.1760820150375366,0.9356279699947646,0.0024251978348214234
noisy,p257_260,high,15.66347263802794,15.66347263802794,5.54094901304938,5.54094901304938,2.249920606613159,1.7251348495483398,0.8355847978990983,15.667685650997862
noisy,p257_261,mid,11.385976196130795,11.385976196130795,5.558174974318333,5.558174974318333,2.611814260482788,1.6179771423339844,0.9589592180002217,11.39711234058635
noisy,p257_262,mid,6.919670510908733,6.919670510908733,1.8014643283749796,1.8014643283749796,2.449249029159546,1.3465595245361328,0.95016511745488,6.910121816641205
noisy,p257_263,low,0.4452121137897419,0.4452121137897419,-5.910922063095423,-5.910922063095423,1.5554529428482056,1.0739645957946777,0.7998734340266792,0.4128852772691911
noisy,p257_264,mid,14.573351690162044,14.573351690162044,1.250991115644012,1.250991115644012,3.50451397895813,2.2224364280700684,0.8926373405487127,14.572695825760336
noisy,p257_265,mid,11.336793301598986,11.336793301598986,3.95552161950312,3.95552161950312,3.501147747039795,2.7126638889312744,0.9889977218575254,11.327716139006455
noisy,p257_266,mid,6.040424460804973,6.040424460804973,-2.2400232003849765,-2.2400232003849765,2.741201639175415,1.5735292434692383,0.948998082814012,6.03488357815412
noisy,p257_267,low,0.42674563900093493,0.42674563900093493,-5.12217583949983,-5.12217583949983,2.740631580352783,1.1259499788284302,0.875101942816468,0.49817378241768406
noisy,p257_268,high,15.976991642018685,15.976991642018685,5.522075713951643,5.522075713951643,2.660576581954956,1.2083696126937866,0.8729997898991502,15.98877800761109
noisy,p257_269,mid,10.782679063094044,10.782679063094044,3.95807276239911,3.95807276239911,3.063713312149048,1.303985834121704,0.9174631687553445,10.748616467799826
noisy,p257_270,mid,6.133191425163487,6.133191425163487,-1.4405182682798496,-1.4405182682798496,2.0784735679626465,1.1114985942840576,0.7571429696037744,6.134484942544816
noisy,p257_271,low,1.678882378672998,1.678882378672998,-3.60539602819737,-3.60539602819737,1.5381176471710205,1.0887807607650757,0.7850389407980207,1.7337399570586285
noisy,p257_272,mid,14.636908002796723,14.636908002796723,2.606634201339312,2.606634201339312,3.4858317375183105,1.116481900215149,0.899861286820776,14.623981778700024
noisy,p257_273,mid,10.82469130709085,10.82469130709085,-0.5258374727831032,-0.5258374727831032,2.66811466217041,1.2180192470550537,0.9255125431247813,10.864253354058048
noisy,p257_274,mid,5.1103808300699995,5.1103808300699995,-4.076284776676594,-4.076284776676594,2.2389612197875977,1.0871087312698364,0.8173712331447462,5.148212798876456
noisy,p257_275,low,1.6102343529198997,1.6102343529198997,-3.1700921616111004,-3.1700921616111004,1.9720162153244019,1.1316249370574951,0.8967471548343882,1.6262960959462203
noisy,p257_276,mid,13.51890463745683,13.51890463745683,1.3528055901966225,1.3528055901966225,3.4845378398895264,2.0564334392547607,0.8643653847919289,13.520280084055184
noisy,p257_277,mid,11.35531800423566,11.35531800423566,4.518594710298824,4.518594710298824,3.3980753421783447,2.3546085357666016,0.978352633449824,11.364139156677215
noisy,p257_278,mid,6.137749947963389,6.137749947963389,-0.6376052907420452,-0.6376052907420452,3.2899434566497803,2.4255106449127197,0.9776781505749217,6.120521791093201
noisy,p257_279,low,1.4868004599403077,1.4868004599403077,-2.231310840197268,-2.231310840197268,3.047612190246582,2.0434341430664062,0.9881164355141147,1.4847707574835356
noisy,p257_280,high,15.884258337276389,15.884258337276389,7.446325388037401,7.446325388037401,3.7678017616271973,2.2576701641082764,0.9833039809411344,15.881977175834086
noisy,p257_281,mid,9.994183444020713,9.994183444020713,0.6288437962306798,0.6288437962306798,3.1241116523742676,1.1230107545852661,0.920829989307934,9.980910097070604
noisy,p257_282,mid,5.330963647887806,5.330963647887806,-0.9887536921719047,-0.9887536921719047,2.1394920349121094,1.1645644903182983,0.9311667599953971,5.301009514626383
noisy,p257_283,low,1.4032239331100362,1.4032239331100362,-2.283520389591069,-2.283520389591069,2.452033758163452,1.3713276386260986,0.9222777050331857,1.4087900392204453
noisy,p257_284,high,16.388912911503304,16.388912911503304,13.069365179312683,13.069365179312683,3.400865077972412,2.6000773906707764,0.9825987637765938,16.40186926884295
noisy,p257_285,mid,10.024204469887785,10.024204469887785,-0.4761963218262058,-0.4761963218262058,3.5980618000030518,2.430464506149292,0.9294917226820625,10.021501082910682
noisy,p257_286,mid,6.048156687374197,6.048156687374197,1.3221533469124231,1.3221533469124231,3.6536145210266113,2.0556697845458984,0.967023235861779,6.07111450957909
noisy,p257_287,low,0.09483102492760093,0.09483102492760093,-4.202569046527684,-4.202569046527684,3.2267603874206543,1.9755170345306396,0.9589616123817782,0.16171651254643957
noisy,p257_288,mid,14.819839258319771,14.819839258319771,3.2331129914122108,3.2331129914122108,2.6355397701263428,1.5463383197784424,0.7858556074203402,14.85338746111728
noisy,p257_289,mid,10.802902019726838,10.802902019726838,0.20570152116598303,0.20570152116598303,2.640371322631836,1.182917833328247,0.8521907009372031,10.817446068924712
noisy,p257_290,mid,6.167196061707093,6.167196061707093,-1.0876672668993252,-1.0876672668993252,2.061882495880127,1.1957471370697021,0.8766274938258678,6.2458588554659755
noisy,p257_291,low,-1.333620576024398,-1.333620576024398,-6.455411826073984,-6.455411826073984,2.3370420932769775,1.0362409353256226,0.6034431032389022,-1.4804227310568177
noisy,p257_292,high,16.607344225784324,16.607344225784324,9.39970288641221,9.39970288641221,3.285942792892456,2.548236846923828,0.9518054214868282,16.583990275814056
noisy,p257_293,mid,10.004665850223367,10.004665850223367,-1.4419476539212333,-1.4419476539212333,2.548607349395752,1.2581852674484253,0.7846086257477073,10.08934010926774
noisy,p257_294,mid,5.828345928214834,5.828345928214834,-1.6277668091107997,-1.6277668091107997,2.3696320056915283,1.1465368270874023,0.934034616255152,5.8020644346135155
noisy,p257_295,low,0.5787309223404942,0.5787309223404942,-5.636956757383293,-5.636956757383293,1.8637583255767822,1.0576679706573486,0.8260025448310832,0.7497015571601527
noisy,p257_296,high,15.860750170819903,15.860750170819903,7.3685915860814974,7.3685915860814974,3.960209846496582,3.0815064907073975,0.9562369772572531,15.855713757748473
noisy,p257_297,mid,11.299215003365415,11.299215003365415,4.4858061944528504,4.4858061944528504,3.7266643047332764,2.85153865814209,0.9947557739969582,11.285786752528907
noisy,p257_298,mid,5.872555994447507,5.872555994447507,0.3576105815602152,0.3576105815602152,3.6209588050842285,2.13106369972229,0.9296581597052366,5.8519721516997505
noisy,p257_299,low,1.509575794803917,1.509575794803917,-2.044553109277228,-2.044553109277228,3.0948667526245117,1.297410011291504,0.9699421730553908,1.5084324269774672
noisy,p257_300,high,15.600991498589634,15.600991498589634,5.212647450283865,5.212647450283865,3.604957342147827,2.2783102989196777,0.8813133380748843,15.5857938336153
noisy,p257_301,mid,10.051294197942456,10.051294197942456,0.41230482762517423,0.41230482762517423,3.143768310546875,1.8540494441986084,0.843793538900955,10.027876060542983
noisy,p257_302,mid,5.627609087300042,5.627609087300042,-3.8279192629388303,-3.8279192629388303,2.6530678272247314,1.1950960159301758,0.9703215141763162,5.663342668876959
noisy,p257_303,low,0.878673115698303,0.878673115698303,-3.6655194061104845,-3.6655194061104845,1.9757013320922852,1.0764046907424927,0.8209497532762069,0.877991502885551
noisy,p257_304,high,15.875235860306194,15.875235860306194,7.024990350158845,7.024990350158845,4.404386520385742,4.168131351470947,0.9732163067025207,15.863728811784126
noisy,p257_305,mid,10.438288046983796,10.438288046983796,1.1103841466332267,1.1103841466332267,3.0378494262695312,1.1909232139587402,0.9275513207592745,10.44825729111168
noisy,p257_306,mid,6.828389686825311,6.828389686825311,2.2136158441068194,2.2136158441068194,3.855289936065674,2.4785799980163574,0.9891200940413918,6.6718186061048925
noisy,p257_307,low,1.534026707931323,1.534026707931323,-3.8554469424702766,-3.8554469424702766,2.6623823642730713,1.502640962600708,0.9582669004439179,1.5586558289505161
noisy,p257_308,high,16.13904482117545,16.13904482117545,8.113138158381352,8.113138158381352,2.799898386001587,1.4870952367782593,0.9462774311274641,16.15169596866732
noisy,p257_309,mid,9.305951914267238,9.305951914267238,-1.8228656959621576,-1.8228656959621576,2.725393056869507,1.109661340713501,0.8155965524912511,9.352733294063896
noisy,p257_310,mid,5.186299062738717,5.186299062738717,-3.0798777414213965,-3.0798777414213965,1.8998926877975464,1.0590444803237915,0.8037921959131427,5.214090309354332
noisy,p257_311,low,1.3502110555260916,1.3502110555260916,-4.167545763540474,-4.167545763540474,1.7022027969360352,1.0531792640686035,0.7841395529466371,1.3025137975612242
noisy,p257_312,high,16.172240032545172,16.172240032545172,5.1450841264387615,5.1450841264387615,2.8841700553894043,1.881683349609375,0.9326133030428351,16.166207568363006
noisy,p257_313,mid,10.578535268098667,10.578535268098667,-0.2909510838649136,-0.2909510838649136,2.602045774459839,1.1433770656585693,0.8969052263521241,10.563701780215425
noisy,p257_314,mid,6.641924423509792,6.641924423509792,-0.3235543674817935,-0.3235543674817935,2.324674367904663,1.2734434604644775,0.9263473085004308,6.541883423564435
noisy,p257_315,low,0.516376124581541,0.516376124581541,-5.539374314050018,-5.539374314050018,1.5485901832580566,1.0545002222061157,0.7319964657079314,0.5047011056490535
noisy,p257_316,high,15.787298366927462,15.787298366927462,6.537471391994266,6.537471391994266,4.073937892913818,3.0372817516326904,0.9799189523671732,15.7978112744186
noisy,p257_317,mid,10.810451599000066,10.810451599000066,1.6835471104875248,1.6835471104875248,3.8727293014526367,2.9428958892822266,0.9862336663476885,10.812485161047755
noisy,p257_318,mid,5.47027715761862,5.47027715761862,-0.8582839501717545,-0.8582839501717545,3.5460987091064453,2.0937812328338623,0.9048346553615483,5.462272272369287
noisy,p257_319,low,1.4377871096365067,1.4377871096365067,-0.8077307288803423,-0.8077307288803423,2.8129897117614746,1.23976731300354,0.9503430081864214,1.4346297315801702
noisy,p257_320,high,16.423033812167354,16.423033812167354,10.494981479076143,10.494981479076143,3.603175163269043,2.790414333343506,0.9789375329900677,16.41713147789097
noisy,p257_321,mid,10.668761859771067,10.668761859771067,3.9485634822297406,3.9485634822297406,3.4358789920806885,1.234169602394104,0.9052709006606439,10.676469264992416
noisy,p257_322,mid,5.120517280831098,5.120517280831098,-3.0434157402307087,-3.0434157402307087,2.61515474319458,1.1339560747146606,0.8735958875530658,5.108214557222862
noisy,p257_323,low,1.2876260734049563,1.2876260734049563,-4.33157340739891,-4.33157340739891,2.808124542236328,1.1234982013702393,0.8694460920616172,1.3848940173442381
noisy,p257_324,high,16.6466456408175,16.6466456408175,10.29232663231829,10.29232663231829,4.348519325256348,3.8818492889404297,0.9957995863754728,16.63516659233999
noisy,p257_325,mid,10.413371307341464,10.413371307341464,1.593592297028335,1.593592297028335,3.9455771446228027,2.822866678237915,0.9918691111776555,10.386352285943332
noisy,p257_326,mid,5.9374091359629935,5.9374091359629935,-1.600211557275647,-1.600211557275647,3.741751194000244,2.1833624839782715,0.9863944996383834,5.938214816075062
noisy,p257_327,low,0.31965001338055754,0.31965001338055754,-5.532131856483212,-5.532131856483212,2.8391590118408203,1.4362283945083618,0.9021842548682404,0.28980905886327
noisy,p257_328,high,15.225637927570293,15.225637927570293,4.6761918838999055,4.6761918838999055,3.183793783187866,2.2453794479370117,0.8834767010493841,15.261503698082908
noisy,p257_329,mid,10.327482309418702,10.327482309418702,0.944442075312732,0.944442075312732,2.559183120727539,1.2686073780059814,0.837213512226312,10.305731796507928
noisy,p257_330,mid,6.469482234226179,6.469482234226179,1.830285638448006,1.830285638448006,3.0520973205566406,1.2591135501861572,0.9436658434490313,6.455387225035448
noisy,p257_331,low,0.9791108366250333,0.9791108366250333,-4.672947786820641,-4.672947786820641,1.5241448879241943,1.0510591268539429,0.7507416608638917,0.8855590342269191
noisy,p257_332,high,16.51515168279133,16.51515168279133,7.662584839036985,7.662584839036985,2.766242742538452,1.7965788841247559,0.9611958303111136,16.527864513239777
noisy,p257_333,mid,11.106897462284795,11.106897462284795,1.2829438610599089,1.2829438610599089,3.0688979625701904,1.7278921604156494,0.9647281485618336,11.103302165194899
noisy,p257_334,mid,5.427404240599673,5.427404240599673,-2.7949265949962165,-2.7949265949962165,2.820039987564087,1.4146257638931274,0.8196337839763331,5.47930889202296
noisy,p257_335,low,0.5214691538830828,0.5214691538830828,-4.265862558026963,-4.265862558026963,1.8563239574432373,1.0984175205230713,0.7970327433434257,0.5827294501154089
noisy,p257_336,high,16.33419273334172,16.33419273334172,7.200826946152932,7.200826946152932,4.1458659172058105,2.139404058456421,0.9971608937615329,16.33158510598469
noisy,p257_337,mid,9.78600846472785,9.78600846472785,0.4774129786624753,0.4774129786624753,3.2543301582336426,2.1569814682006836,0.9131313148005603,9.798654471676985
noisy,p257_338,mid,5.982094114366738,5.982094114366738,0.8579690133044114,0.8579690133044114,3.8819823265075684,1.3840066194534302,0.913499642293392,5.962329968723463
noisy,p257_339,low,1.574009967574932,1.574009967574932,-2.9090355406254003,-2.9090355406254003,3.1798744201660156,1.661362648010254,0.9812863617295163,1.559363131152929
noisy,p257_340,high,15.590726432739984,15.590726432739984,8.174347779329379,8.174347779329379,4.111720561981201,2.7482709884643555,0.9772978058481059,15.595160237973412
noisy,p257_341,mid,11.163020754306297,11.163020754306297,2.7167064832887973,2.7167064832887973,3.178377389907837,1.411267638206482,0.9833596396923976,11.154462940081862
noisy,p257_342,mid,5.3820534360139884,5.3820534360139884,-1.7615728889284963,-1.7615728889284963,2.795073986053467,1.2273298501968384,0.9169488712652485,5.388633454455042
noisy,p257_343,low,1.3294784559805506,1.3294784559805506,-3.208595499068217,-3.208595499068217,2.4677209854125977,1.1450834274291992,0.9240299424098973,1.4031957951978864
noisy,p257_344,high,15.754319845212681,15.754319845212681,9.75803838071343,9.75803838071343,4.080810070037842,1.9573440551757812,0.9754241310180072,15.766096475277303
noisy,p257_345,mid,11.448723582192509,11.448723582192509,6.3444617372480705,6.3444617372480705,3.9829742908477783,3.5045619010925293,0.9791022588597923,11.410439552624773
noisy,p257_346,mid,6.090632270315092,6.090632270315092,-0.6565585009313495,-0.6565585009313495,3.412153720855713,1.6609216928482056,0.9615842547205615,6.098560275640411
noisy,p257_347,low,1.522027147036297,1.522027147036297,-3.914101045408692,-3.914101045408692,2.5730202198028564,1.5815672874450684,0.8947335232827186,1.4518401247129145
noisy,p257_348,high,15.955517908400603,15.955517908400603,5.416915562828724,5.416915562828724,2.829932689666748,1.1633986234664917,0.9438995810695939,15.950254493242493
noisy,p257_349,mid,11.018771937601704,11.018771937601704,2.9968453697794413,2.9968453697794413,2.234992742538452,1.21719229221344,0.9283075592796857,11.04068486654472
noisy,p257_350,mid,6.944879640556919,6.944879640556919,1.1104716596049033,1.1104716596049033,2.0992372035980225,1.2575452327728271,0.9106806517056706,6.990863474270915
noisy,p257_351,low,1.421135692050097,1.421135692050097,-2.147925507703711,-2.147925507703711,1.5630062818527222,1.0715948343276978,0.7883896016073503,1.4918153278926147
noisy,p257_352,high,16.067217223377586,16.067217223377586,5.430236739261855,5.430236739261855,3.308867931365967,2.392666816711426,0.9342471414650666,16.068134831364247
noisy,p257_353,mid,10.500930330268298,10.500930330268298,0.38136604729379525,0.38136604729379525,2.92730975151062,1.1275944709777832,0.8984020591873074,10.47898444132122
noisy,p257_354,low,4.929908050406335,4.929908050406335,-3.9812197908828386,-3.9812197908828386,2.3146026134490967,1.0847043991088867,0.8070635672819675,4.874645482511976
noisy,p257_355,low,1.2941894488058088,1.2941894488058088,-3.9686359445000274,-3.9686359445000274,2.0355300903320312,1.1116130352020264,0.884617839353894,1.4228451788811207
noisy,p257_356,high,15.662191355262014,15.662191355262014,8.400014638253692,8.400014638253692,4.257376194000244,1.8044737577438354,0.9958450714030708,15.654039837901088
noisy,p257_357,mid,10.91737243454292,10.91737243454292,2.731598223755041,2.731598223755041,3.9677796363830566,3.2069640159606934,0.9978209791909747,10.91966020373718
noisy,p257_358,mid,6.639122119975402,6.639122119975402,2.0734880299780754,2.0734880299780754,3.930353879928589,2.9826042652130127,0.9762966756085223,6.641611626496227
noisy,p257_359,low,1.0203722577377097,1.0203722577377097,-3.8907359407171143,-3.8907359407171143,3.1038320064544678,1.7052934169769287,0.962660571638116,1.055530011979979
noisy,p257_360,high,16.4104065684148,16.4104065684148,9.198184358881234,9.198184358881234,3.5122787952423096,2.1645286083221436,0.9867989801984798,16.412767199275752
noisy,p257_361,mid,9.899335014969951,9.899335014969951,0.3512221652636004,0.3512221652636004,3.232016086578369,1.285930871963501,0.9471668672716812,9.906805446963089
noisy,p257_362,mid,5.1054543451618075,5.1054543451618075,-3.4235815982190165,-3.4235815982190165,2.4062538146972656,1.1043857336044312,0.910760264110207,5.097325197085211
noisy,p257_363,low,-0.010297103122045395,-0.010297103122045395,-4.834133867734798,-4.834133867734798,2.131459951400757,1.1060152053833008,0.7783383996064468,0.02299438638478868
noisy,p257_364,high,17.084067681898947,17.084067681898947,14.255378672691068,14.255378672691068,4.3975629806518555,3.8684256076812744,0.9987635037051884,17.085130397275275
noisy,p257_365,mid,10.557344003740639,10.557344003740639,2.932922675740405,2.932922675740405,3.9551584720611572,3.0383412837982178,0.9845441178287642,10.522737027851592
noisy,p257_366,mid,6.625956810832947,6.625956810832947,2.094018997377664,2.094018997377664,4.0646491050720215,1.7973073720932007,0.9872732242762375,6.657047768117779
noisy,p257_367,low,1.6583220983104228,1.6583220983104228,-1.386735862998359,-1.386735862998359,2.79964017868042,1.169121265411377,0.9748767504800538,1.614754483488263
noisy,p257_368,high,15.79370130488086,15.79370130488086,5.475864462965642,5.475864462965642,2.6352016925811768,1.7117297649383545,0.9250018621744147,15.759032756550464
noisy,p257_369,mid,10.383336557647787,10.383336557647787,1.6871220892808407,1.6871220892808407,3.1626923084259033,1.30745530128479,0.9270458635311417,10.388225263294949
noisy,p257_370,mid,6.138899995812956,6.138899995812956,-2.649044606917203,-2.649044606917203,1.8828675746917725,1.2102744579315186,0.8115926211812761,6.098328862393001
noisy,p257_371,low,0.4253551758264702,0.4253551758264702,-2.5702249169793063,-2.5702249169793063,2.84440541267395,1.1986151933670044,0.9115400598923137,0.5548300842057775
noisy,p257_372,high,15.978296937291038,15.978296937291038,6.922075955118008,6.922075955118008,3.8517141342163086,2.568253517150879,0.9930232530002612,15.978184323745415
noisy,p257_373,mid,10.542305742967892,10.542305742967892,2.6825083039466926,2.6825083039466926,2.400588274002075,1.1042684316635132,0.9358115552948925,10.516089372003579
noisy,p257_374,mid,5.808880181763859,5.808880181763859,0.06078388793268088,0.06078388793268088,3.1428964138031006,1.2264599800109863,0.9317008073991312,5.786267081125297
noisy,p257_375,low,2.0616652708091383,2.0616652708091383,-3.7579331414841044,-3.7579331414841044,1.7505214214324951,1.045989751815796,0.7490478210212658,2.000767786863322
noisy,p257_376,high,16.735258348026605,16.735258348026605,8.885507007124321,8.885507007124321,4.026743412017822,3.0237815380096436,0.8922134497615869,16.732574304476337
noisy,p257_377,mid,11.02258732763052,11.02258732763052,4.150184944620601,4.150184944620601,3.8809797763824463,2.935610771179199,0.9402184685239666,11.033896792664823
noisy,p257_378,low,4.7097004045813415,4.7097004045813415,-4.021051404935854,-4.021051404935854,3.371600866317749,1.7832565307617188,0.7779603697221433,4.678907268916716
noisy,p257_379,low,1.301630293349019,1.301630293349019,-2.239692644166119,-2.239692644166119,3.028404951095581,1.7767093181610107,0.9616758455790885,1.3541273972359804
noisy,p257_380,high,16.255370071808233,16.255370071808233,8.845162026714721,8.845162026714721,3.3665642738342285,2.1338560581207275,0.9882644223048895,16.267308392044054
noisy,p257_381,mid,10.992484982984346,10.992484982984346,1.9071407679004555,1.9071407679004555,2.9575538635253906,1.477935552597046,0.9240113177048269,11.012511487011064
noisy,p257_382,mid,5.067746729129902,5.067746729129902,-3.0089063167462995,-3.0089063167462995,2.4789037704467773,1.0804952383041382,0.8941629685073091,5.047176264454381
noisy,p257_383,low,1.6164138280719915,1.6164138280719915,-3.3257004654561353,-3.3257004654561353,2.0540003776550293,1.2373690605163574,0.9144517048893588,1.6203901124737268
noisy,p257_384,high,15.786920218254306,15.786920218254306,7.5166396417165355,7.5166396417165355,4.130611896514893,3.256071090698242,0.9658507968000016,15.802758018115906
noisy,p257_385,mid,11.537749169872377,11.537749169872377,3.632903967915259,3.632903967915259,4.004316329956055,2.7926042079925537,0.9379116412985145,11.495321673500957
noisy,p257_386,mid,5.450645318995538,5.450645318995538,-1.5316735394943024,-1.5316735394943024,4.084846496582031,2.7186222076416016,0.9786887592376974,5.491920816842751
noisy,p257_387,low,-0.6810108024285859,-0.6810108024285859,-6.122403842842872,-6.122403842842872,2.6178057193756104,1.110010027885437,0.8442617820861892,-0.7581075726349664
noisy,p257_388,high,16.04424054808549,16.04424054808549,6.3919935088347275,6.3919935088347275,3.094010591506958,1.2455081939697266,0.9583336645489527,16.053092392394912
noisy,p257_389,mid,11.857434011598807,11.857434011598807,4.618010212191859,4.618010212191859,2.434903383255005,1.546985149383545,0.943173113406671,11.866387335629975
noisy,p257_390,mid,5.996592860070664,5.996592860070664,-1.8172312456875135,-1.8172312456875135,2.0944631099700928,1.2427191734313965,0.8882860388494406,5.970462364634646
noisy,p257_391,low,1.4506360080752438,1.4506360080752438,-3.0133297339778737,-3.0133297339778737,2.437371015548706,1.1843477487564087,0.8412543387201074,1.5004194067183876
noisy,p257_392,high,16.853624171511132,16.853624171511132,7.95187206931649,7.95187206931649,3.3704464435577393,2.4473392963409424,0.9848044987566815,16.8348804655771
noisy,p257_393,mid,11.079778128413258,11.079778128413258,2.8055172040667045,2.8055172040667045,3.120812177658081,1.5842899084091187,0.9450747427654943,11.106287685487795
noisy,p257_394,mid,6.420030600830813,6.420030600830813,-0.5189344066622983,-0.5189344066622983,2.887289524078369,1.457098126411438,0.9618419348953424,6.421787938328986
noisy,p257_395,low,1.0897008793758898,1.0897008793758898,-4.277437827482415,-4.277437827482415,2.046752452850342,1.1726884841918945,0.8833136401183653,1.1216210994943503
noisy,p257_396,high,15.762296706174103,15.762296706174103,7.710425457719591,7.710425457719591,4.121197700500488,3.295137643814087,0.9947467161309709,15.760781423293173
noisy,p257_397,mid,10.376443333779994,10.376443333779994,1.762411060759335,1.762411060759335,4.083166599273682,3.0057053565979004,0.994393354365167,10.365081462998479
noisy,p257_398,mid,5.3904837914098955,5.3904837914098955,-1.3255196553961317,-1.3255196553961317,3.5943946838378906,1.2118871212005615,0.8737877950586416,5.439573934163677
noisy,p257_399,low,1.750645088778613,1.750645088778613,-2.9915324304037787,-2.9915324304037787,3.0658164024353027,1.7953131198883057,0.9833522294708222,1.7647326340821143
noisy,p257_400,high,15.655341805512194,15.655341805512194,6.286467263837097,6.286467263837097,3.6225078105926514,1.8897716999053955,0.9101983900785433,15.66225697582948
noisy,p257_401,mid,10.26569035007515,10.26569035007515,-0.1538755058761262,-0.1538755058761262,2.895904302597046,1.1459938287734985,0.9169040376402812,10.251434042395477
noisy,p257_402,mid,6.380214105072623,6.380214105072623,1.9641114626108667,1.9641114626108667,3.1647160053253174,1.290744662284851,0.9592073313678405,6.356051179849137
noisy,p257_403,low,1.0430403772778325,1.0430403772778325,-3.39471124346965,-3.39471124346965,2.3861284255981445,1.2747098207473755,0.9254299968183869,1.0837383923636803
noisy,p257_404,high,15.222253916547832,15.222253916547832,7.366995892182905,7.366995892182905,4.2832865715026855,3.589592456817627,0.9216204771015544,15.225197487964461
noisy,p257_405,mid,10.626429607854046,10.626429607854046,0.10734418290182876,0.10734418290182876,3.072234630584717,2.089352607727051,0.8987857603966869,10.597505808856976
noisy,p257_406,mid,6.545836815478311,6.545836815478311,1.5818927734952393,1.5818927734952393,3.9925079345703125,3.2716541290283203,0.982622308953909,6.5063305488492285
noisy,p257_407,low,1.3695580224173365,1.3695580224173365,-3.1925169879635455,-3.1925169879635455,3.3250162601470947,1.4095344543457031,0.9738194856888015,1.2779672311233048
noisy,p257_408,high,16.158623506988988,16.158623506988988,5.635265470160091,5.635265470160091,2.6311776638031006,1.7974603176116943,0.9359177463997986,16.1543886875572
noisy,p257_409,mid,10.098274071262745,10.098274071262745,-0.9892474299759159,-0.9892474299759159,2.2977006435394287,1.1234992742538452,0.9115307618842381,10.074475302569068
noisy,p257_410,mid,6.5784080079088545,6.5784080079088545,1.1929456895516664,1.1929456895516664,2.7372045516967773,1.1836107969284058,0.9353614590727007,6.613403029355852
noisy,p257_411,low,1.8096293342400307,1.8096293342400307,-0.7848059284827675,-0.7848059284827675,1.7829711437225342,1.0814871788024902,0.8924843050332388,1.8458405831982827
noisy,p257_412,high,15.28688152986492,15.28688152986492,3.783468860379784,3.783468860379784,3.623962879180908,2.465581178665161,0.9802777259029112,15.298610193525139
noisy,p257_413,mid,10.981548136140935,10.981548136140935,2.190215615953529,2.190215615953529,2.9318323135375977,1.3989813327789307,0.9333083886196604,10.948885557403262
noisy,p257_414,mid,6.454198965740049,6.454198965740049,-1.3397413422309012,-1.3397413422309012,2.7649874687194824,1.5932788848876953,0.9045078650650327,6.519009044458074
noisy,p257_415,low,0.6692530443864015,0.6692530443864015,-4.99102059407286,-4.99102059407286,1.8788042068481445,1.1070541143417358,0.8451844286239201,0.5815690022864005
noisy,p257_416,high,16.015811213386318,16.015811213386318,7.141372316220246,7.141372316220246,4.089995861053467,3.346608877182007,0.9964050308164041,16.01403208940759
noisy,p257_417,mid,10.385983877907792,10.385983877907792,-0.35021835878791896,-0.35021835878791896,3.380096197128296,2.692275047302246,0.9893040288851265,10.369448338152527
noisy,p257_418,mid,6.299320137984421,6.299320137984421,0.5214932213931083,0.5214932213931083,2.930148124694824,1.825655460357666,0.9504762858432929,6.281776601155505
noisy,p257_419,low,1.0645980836421147,1.0645980836421147,-2.922496857731758,-2.922496857731758,3.2351365089416504,1.8500043153762817,0.9632311911470819,1.0472114115667055
noisy,p257_420,high,15.151142148996454,15.151142148996454,3.9639819926490367,3.9639819926490367,3.7366111278533936,2.310612916946411,0.9764939147806747,15.121331419913119
noisy,p257_421,mid,10.287918293538077,10.287918293538077,2.3647980094497605,2.3647980094497605,3.669792413711548,1.9532500505447388,0.8570491922065983,10.312134457491211
noisy,p257_422,mid,6.448492168410304,6.448492168410304,-0.3367653180670993,-0.3367653180670993,1.9584670066833496,1.218678593635559,0.8534448392567141,6.438219817665147
noisy,p257_423,low,0.3499491807957521,0.3499491807957521,-4.537105079144383,-4.537105079144383,2.2612080574035645,1.089746356010437,0.9102770065099822,0.3779905598686053
noisy,p257_424,high,16.593330612230506,16.593330612230506,8.766963585414011,8.766963585414011,3.7087619304656982,1.6464346647262573,0.9801214127153249,16.593147987240478
noisy,p257_425,low,4.7991625402783935,4.7991625402783935,-2.8357488569321623,-2.8357488569321623,3.3174192905426025,2.262542724609375,0.8890039124637625,4.729455966965989
noisy,p257_426,low,1.1936222733246755,1.1936222733246755,-4.3035398211003,-4.3035398211003,1.9514904022216797,1.1241796016693115,0.8411062778934618,1.1837717310194353
noisy,p257_427,low,1.024359158414862,1.024359158414862,-4.147372244749678,-4.147372244749678,1.5070610046386719,1.0368678569793701,0.7096967708601333,1.0309282469139038
noisy,p257_428,mid,11.167578571680504,11.167578571680504,2.9352910694162264,2.9352910694162264,3.393951416015625,2.5864310264587402,0.9719608813858936,11.187536970947967
noisy,p257_429,mid,9.998056266731945,9.998056266731945,0.9683930747277808,0.9683930747277808,2.623868465423584,1.4410816431045532,0.8503927775628904,9.973948058998118
noisy,p257_430,mid,6.650070809986114,6.650070809986114,-0.1060625264534381,-0.1060625264534381,2.245107412338257,1.3256055116653442,0.8737284607177876,6.661932258548481
noisy,p257_431,mid,6.2782497587402775,6.2782497587402775,-0.7197919742524268,-0.7197919742524268,2.2676005363464355,1.1190974712371826,0.9129335778415806,6.287988580124162
noisy,p257_432,mid,9.937230895654602,9.937230895654602,-1.1152400756883447,-1.1152400756883447,2.5410706996917725,1.0707663297653198,0.7558713447420831,9.943627205952371
noisy,p257_433,mid,10.302933227286266,10.302933227286266,0.20297510711600675,0.20297510711600675,3.4101691246032715,2.495173215866089,0.9694407738562592,10.279492959816432
noisy,p257_434,low,0.30021139538668123,0.30021139538668123,-4.600316750060813,-4.600316750060813,3.3459768295288086,1.970329761505127,0.8845117383798234,0.28247115314834265
spectral_subtraction,p232_001,high,15.478143175658591,19.038827908941222,6.76163176073041,9.217142237018255,3.9185168743133545,2.894009828567505,0.8981511236380528,18.998647587994146
spectral_subtraction,p232_002,mid,11.314868438515354,18.37957311345528,6.16787037656566,11.452194787383737,3.6549103260040283,3.1993942260742188,0.9691847861403771,18.31637474054974
spectral_subtraction,p232_003,mid,6.719148613320238,16.21355551738734,1.8017472035388342,9.360467357582944,3.893268346786499,3.1971323490142822,0.9721392928765806,18.50549781625801
spectral_subtraction,p232_005,low,1.8546827150956735,7.2185029305550055,-0.16645663084208548,4.540548141482641,2.1898560523986816,1.4947857856750488,0.8827230146349754,8.633162031040545
spectral_subtraction,p232_006,high,16.857150803045947,17.053934706573042,10.583334487105049,9.934849034365234,3.004716396331787,2.481994152069092,0.9617988883896925,18.006642952986727
spectral_subtraction,p232_007,mid,11.813771415956893,13.610581567015146,6.01249040905986,6.997624512229931,2.469144582748413,1.8362258672714233,0.9340967413926055,13.495011358051716
spectral_subtraction,p232_009,mid,6.788503370430386,14.309709828842083,3.3343673957546325,6.930665540518345,2.8291070461273193,1.997774600982666,0.9607092057814631,14.59788107071441
spectral_subtraction,p232_010,low,0.9066936168060327,3.6907378845314436,-4.257409955820757,-3.466262285785501,1.7309069633483887,1.276841163635254,0.7785647604271148,4.49943248920709
spectral_subtraction,p232_011,high,16.80851183214259,17.110994978953023,9.712284950287906,10.66809401396569,3.783041477203369,3.078160047531128,0.9649380900535057,17.302805791510337
spectral_subtraction,p232_012,mid,11.899547131884843,15.809702661142136,5.946006265924582,9.42446341531688,3.333911180496216,2.349898338317871,0.9654054261521252,15.702834048104723
spectral_subtraction,p232_013,mid,6.7993187540295725,10.338359591656605,0.9457219260197094,3.594499110355053,2.3370869159698486,1.6176477670669556,0.9462295295259784,11.399854035683337
spectral_subtraction,p232_014,low,1.9937545450060483,12.17640176366504,-1.3078113863063514,5.643914688799652,2.42566180229187,1.5369974374771118,0.9127192337408968,11.944944921342572
spectral_subtraction,p232_015,high,16.952566714241165,17.90537545578698,12.06420933737392,12.937534962105973,4.321351051330566,3.9555141925811768,0.994682788978138,18.28526979963256
spectral_subtraction,p232_016,mid,11.993816376941611,17.894324538379113,7.68018333247171,12.933402693030065,4.268471717834473,3.6992454528808594,0.9909759672816252,17.896485336865236
spectral_subtraction,p232_017,mid,6.436223794677417,17.75185000506679,1.1254763990014154,10.417059884390367,3.8962562084198,3.016758918762207,0.9931407951253004,17.767231205128414
spectral_subtraction,p232_019,low,2.05202120766863,16.592378488572777,-0.4817869421034928,10.454684324915071,3.275813341140747,2.555596351623535,0.9795914311277291,16.55537104172044
spectral_subtraction,p232_020,high,16.239052020647037,16.85983461340497,8.525427979186547,9.819956637798004,3.6688666343688965,3.0686707496643066,0.9628297430496592,17.048066450865637
spectral_subtraction,p232_021,mid,11.91520498819386,18.751493234226043,8.192230154682823,12.097111726538223,3.531332015991211,2.9189112186431885,0.9762164694838983,18.763300631207308
spectral_subtraction,p232_022,mid,7.010128622490606,15.530195628027174,3.3511775685009866,9.908960937723885,2.7724709510803223,2.0408990383148193,0.9699523566248794,15.502690660769314
spectral_subtraction,p232_023,low,1.975597133592271,9.680155701606148,-1.404250576707713,3.3585414718465314,2.3486101627349854,1.5381262302398682,0.9382851613202422,12.276235593192066
spectral_subtraction,p232_024,high,16.804554579919447,19.387820336539626,12.381128370655501,14.919450549393892,4.351082801818848,4.089321613311768,0.9965146503387863,19.411632608963124
spectral_subtraction,p232_025,mid,10.63833546702772,17.938771343900775,2.0479282874631735,9.138304588260002,3.872260093688965,3.1489930152893066,0.9734264739082091,18.350560699869458
spectral_subtraction,p232_027,mid,6.707315105384194,18.602088243530673,2.4808984771947755,12.487333823377725,4.008828639984131,3.3740909099578857,0.9857925743020857,18.986319724487483
spectral_subtraction,p232_028,low,0.21379736377215422,9.864923841157353,-4.734614912454818,0.4409973501661501,2.085362195968628,1.5214025974273682,0.7963565583106659,11.541937426557855
spectral_subtraction,p232_029,high,16.499056520506077,16.611029212576444,6.715958163072995,7.052480251431353,2.622633457183838,1.9119343757629395,0.973899434028847,16.515278503084044
spectral_subtraction,p232_030,mid,11.7221696627976,17.96519695208555,6.6267607470605085,10.24293680018475,3.006338596343994,2.168306350708008,0.9902863002843869,17.918769776585624
spectral_subtraction,p232_031,mid,5.534739998961802,14.449978388885716,-1.2538811075072966,4.631526228869374,2.859422445297241,2.0134260654449463,0.7836021276048439,15.630651896308551
spectral_subtraction,p232_032,low,1.7380253836068134,4.626227038172972,-1.8207158228084943,-0.17641224728705526,1.618054747581482,1.1670246124267578,0.7640600504773146,4.073660447623737
spectral_subtraction,p232_033,mid,14.94594265231197,16.60304073841153,3.144327417663852,6.316853626883217,3.8149735927581787,2.71816349029541,0.8468043455223102,17.234657439699582
spectral_subtraction,p232_034,mid,10.135034478735363,12.688332663255009,1.4049551040630262,4.111034536524168,2.528961658477783,1.5361413955688477,0.8658207133178113,12.490337677055868
spectral_subtraction,p232_035,mid,6.651044785913879,12.548876968095193,1.832597734303441,5.995276586462,2.8136649131774902,1.883012294769287,0.9704122626215744,13.36390178374202
spectral_subtraction,p232_036,low,1.4849481256358747,6.08461574879339,-2.7539650359267607,-0.022894422406549174,1.8675496578216553,1.2110848426818848,0.8223048899589661,5.846517560577236
spectral_subtraction,p232_037,high,16.568257948848167,17.65288372529617,10.582391697114234,11.245800944266373,4.213401794433594,3.8672735691070557,0.9986567579375755,18.50814066013204
spectral_subtraction,p232_038,mid,10.95000106571957,17.734670519849992,2.8615003327783106,9.058103115650287,4.035378456115723,2.9896163940429688,0.9478854110879437,17.849590649139326
spectral_subtraction,p232_039,low,4.424833539765899,16.16218886993653,-3.910373183297428,4.95282964428349,3.3355352878570557,2.2094502449035645,0.776050226423889,16.10437114887716
spectral_subtraction,p232_040,low,0.5144927894750544,17.1965931858679,-2.8883489204583643,6.449083268223095,3.2473464012145996,2.6351516246795654,0.990520007465661,17.1278372020213
spectral_subtraction,p232_041,high,15.8302599533922,15.886662321075846,5.599998217791084,6.127773776128234,3.2196576595306396,2.4336295127868652,0.9054231211834379,16.314243323446366
spectral_subtraction,p232_042,mid,11.242292028164085,20.43656734460944,4.842938976472098,11.015543046430292,3.6935057640075684,3.1678965091705322,0.997957656347546,20.59849424482187
spectral_subtraction,p232_043,mid,5.842319289834076,13.308463985040405,-1.778469495886671,2.367465769592628,2.336402416229248,1.8932197093963623,0.8566982088158612,13.480753518881695
spectral_subtraction,p232_044,low,-0.16832474639331726,5.1028145126596876,-4.398926965431922,-2.4416166105655113,2.0164740085601807,1.4139560461044312,0.7829913743060014,7.472383574890516
spectral_subtraction,p232_045,mid,14.375762550428924,17.619135067903038,3.285426213519644,7.591658025300491,4.334928512573242,3.780674934387207,0.9626143437713163,19.106274439427786
spectral_subtraction,p232_046,mid,9.9272578306204,17.03127025657538,-0.6075520734585211,4.946101689418905,3.1319267749786377,2.1545307636260986,0.8222317046881351,16.97664551188752
spectral_subtraction,p232_047,mid,5.701990973358938,14.907835794598432,-2.2495159561841387,5.496522836711362,3.06613826751709,2.3232929706573486,0.9395143996054091,15.295649261224417
spectral_subtraction,p232_048,low,-0.6700592158933245,11.303494923624699,-5.17619883134678,1.0534538375152895,3.0433011054992676,2.1452863216400146,0.7024588688229888,11.524785258225274
spectral_subtraction,p232_049,high,16.45011767729699,18.619359753622334,10.675544990887799,11.114164218287277,3.6649906635284424,2.9244606494903564,0.9945898417891178,18.562029816879623
spectral_subtraction,p232_050,mid,10.500093341844032,14.38868473868812,1.0876179126338343,3.6559746101673127,2.8572773933410645,1.8628876209259033,0.9080098242636825,14.4216059365685
spectral_subtraction,p232_051,mid,5.142898417342757,11.085643154676516,-3.424468054836418,-1.468904810991731,1.7805685997009277,1.6043057441711426,0.8765329953270844,11.30847602818366
spectral_subtraction,p232_052,low,1.1820050130212798,2.8154421577390396,-3.2734522471014804,-2.083070693407077,1.6523263454437256,1.1934455633163452,0.7316931709312008,2.8641015068125935
spectral_subtraction,p232_053,high,15.469257763697446,17.4346536929939,5.826312509457594,7.943999741945772,3.3877034187316895,2.604773759841919,0.9613224702175122,17.505362315696882
spectral_subtraction,p232_054,mid,11.711591299388642,16.227020461277363,4.8549012092180295,8.378891466919237,3.196202278137207,2.3515889644622803,0.9776905088205827,16.50135495747947
spectral_subtraction,p232_055,mid,5.271980029993268,14.012845484575443,-1.6153665798950956,4.809942610174,3.2670834064483643,2.2271993160247803,0.8756289620698128,14.113722171682646
spectral_subtraction,p232_056,low,0.5889679341923114,4.076470583428897,-4.142809477932212,-2.3893202466422214,2.024928092956543,1.3456579446792603,0.8065795404883268,5.4057734299812745
spectral_subtraction,p232_057,high,16.07944909894978,17.7637933788225,7.461364529821506,9.23813820176393,3.9107933044433594,3.0344743728637695,0.9798669919626251,17.92255651115632
spectral_subtraction,p232_058,mid,11.737444100180403,17.190941511364784,8.035026865561662,12.177549328767189,3.9879307746887207,3.498098611831665,0.9728504164707501,18.351065872190475
spectral_subtraction,p232_059,low,4.690482116164279,16.002914666737286,-3.216716865450228,5.624372323859587,3.441121816635132,2.451244354248047,0.8003828696754802,16.90947051065467
spectral_subtraction,p232_060,low,0.09649512643968934,12.847842135684893,-4.145686572498152,3.6054625910708347,3.3106689453125,2.352261543273926,0.8469513487130641,15.47774234939743
spectral_subtraction,p232_061,high,16.568240052229775,18.34685554124193,8.459649203641712,10.798701255090398,3.438343048095703,2.99017596244812,0.9923753252741992,18.364141215043524
spectral_subtraction,p232_062,mid,11.398477353318183,17.80341039778306,3.7331738958583753,7.79751581526192,3.068650722503662,2.2725346088409424,0.9742788963902863,17.886567800629464
spectral_subtraction,p232_063,mid,5.446013534272679,14.053582890341845,-0.7587678087674772,3.2148855159315257,2.8234238624572754,2.1932501792907715,0.9827936420115884,14.278005765303554
spectral_subtraction,p232_064,low,0.8810715214857596,10.828285805167015,-4.141750572105143,0.19453860226409447,2.145277976989746,1.659519910812378,0.9422005061226167,12.330105330524631
spectral_subtraction,p232_065,high,15.203076703245044,13.659370991553612,4.521135335742883,3.916308176072985,3.231402635574341,2.344393014907837,0.9307721458489959,13.50075425417572
spectral_subtraction,p232_066,mid,11.474704298276164,16.150501265817358,6.5212827908089865,9.78240415172304,3.4180588722229004,2.768934965133667,0.9737362093702188,16.853236391507014
spectral_subtraction,p232_067,mid,6.279873929943785,18.047718510571848,0.6468437132672267,9.302471260721576,3.4359872341156006,2.8293697834014893,0.9620577097094601,17.984883263182233
spectral_subtraction,p232_068,low,1.355301859092335,15.647816109310513,-1.1608505113809109,8.814639269157837,3.498929500579834,2.6762630939483643,0.95308181816876,15.551561890518176
spectral_subtraction,p232_069,high,16.36325010641325,18.439530711797524,8.874341815427707,10.293324594824563,3.1321725845336914,2.5276968479156494,0.9770467754068645,18.48925805123434
spectral_subtraction,p232_070,mid,11.27739654707912,14.895466199246561,4.622485973200154,7.501967325866373,2.6797966957092285,2.054556131362915,0.9207247927721909,15.529119743224118
spectral_subtraction,p232_071,mid,6.194990125042872,9.833419604317461,1.7643415214157834,1.827200408291817,2.353736639022827,1.5924710035324097,0.8716335800691734,10.626032948055862
spectral_subtraction,p232_072,low,0.882892186597829,6.81500512704196,-3.0680590895876025,-0.5254930571045738,1.7590831518173218,1.2319772243499756,0.7383065301455909,5.809047251782943
spectral_subtraction,p232_073,high,15.43246281120257,17.79989724107467,2.31073223843043,4.777986832230039,3.3217692375183105,2.682373285293579,0.9963155325319464,17.781758602943203
spectral_subtraction,p232_074,mid,11.220078781819243,18.968790045527978,1.9075605248323502,7.565164298770136,3.591480016708374,2.3857462406158447,0.9220212129992905,18.91713829992966
spectral_subtraction,p232_075,mid,6.21158112060594,11.966622884447977,-0.4419628949693139,2.644298352927897,2.566223382949829,1.781900405883789,0.9706315597819304,12.929233859506219
spectral_subtraction,p232_076,low,0.8183809639355315,7.114486522317747,-3.417052808920441,-0.7065107255296122,2.332867383956909,1.389938235282898,0.835470276801089,6.245907045703741
spectral_subtraction,p232_077,high,15.133797582132491,17.265963314260965,5.009166402816261,7.282747890605812,4.274888038635254,3.162015438079834,0.9101428207325251,17.698737289032703
spectral_subtraction,p232_078,mid,11.050493547825564,19.041413313769244,3.385371886136685,10.263146780993925,4.168317794799805,3.3961424827575684,0.9977113235536366,19.19802512188272
spectral_subtraction,p232_079,mid,5.906648542170593,18.22010000610029,1.089599286939879,10.253224174096902,4.057774066925049,3.0496914386749268,0.9509490509440803,18.60884412568459
spectral_subtraction,p232_080,low,-0.7084165621259059,15.605464175352177,-5.457355650791562,1.346115585357703,2.808398962020874,1.7966177463531494,0.9450219898540082,16.336849855032142
spectral_subtraction,p232_081,high,15.7419667576657,18.68343070509747,7.743680559837646,10.918288438523495,3.477381944656372,2.857631206512451,0.9361203960108889,18.626694314395323
spectral_subtraction,p232_082,mid,10.286033398998187,12.096983489459683,0.18063313659420427,1.8058278172576727,2.265268564224243,1.5485312938690186,0.8422849852801322,11.823352494097497
spectral_subtraction,p232_083,mid,5.423723203455582,14.005695813670222,0.39716607076597765,4.48429286713733,2.6943795680999756,2.0543153285980225,0.888609046692476,14.163503413693777
spectral_subtraction,p232_084,low,-0.3059274093520855,11.622777040698477,-3.871234086092423,1.2082662031460987,2.2418408393859863,1.4998358488082886,0.8762649063278904,11.478992941003472
spectral_subtraction,p232_085,high,15.836123529394792,20.53252028480007,7.040960423549436,11.333375793675863,4.342319965362549,4.060914993286133,0.9969189923635352,21.008780862056106
spectral_subtraction,p232_086,mid,10.723775296935834,16.90914431714696,3.081479013090971,8.948296841413438,4.057248592376709,3.350494384765625,0.9833411579179161,17.94445225518338
spectral_subtraction,p232_087,mid,5.796226717942164,18.699831579664,0.15572651753630865,9.494216909210394,3.902172565460205,3.2056057453155518,0.9444093214957798,18.880009960645566
spectral_subtraction,p232_088,low,1.456020667829045,13.118067134865248,-1.1252376721180708,7.029899226157714,3.204643964767456,2.3749029636383057,0.9335307441206026,16.495361954967073
spectral_subtraction,p232_089,high,16.21915630739612,15.576461004078793,7.331988514778394,7.4943042895420335,3.140393018722534,2.291273832321167,0.9037992621638595,15.667003926320547
spectral_subtraction,p232_090,mid,11.398379617999367,16.36712456878656,4.801581208625869,7.384459329629455,2.5483217239379883,1.9498248100280762,0.9652116621798844,16.335777340406853
spectral_subtraction,p232_091,mid,5.280443493226226,10.986567571873021,-0.972059418163667,1.322895206242592,2.2853803634643555,1.7152187824249268,0.9138394496949388,10.687780043271422
spectral_subtraction,p232_092,low,0.5620798484616649,8.598094690236838,-3.6486393045251693,-0.33980059853216177,2.333411455154419,1.644460916519165,0.8426718498725488,10.239228159401964
spectral_subtraction,p232_093,high,16.096022492351974,17.453543066201497,7.104713150667237,8.319903100591542,3.1725659370422363,2.5477442741394043,0.924406317407938,17.38380019058239
spectral_subtraction,p232_094,mid,11.490006162780347,15.656425024722736,4.200047450790601,7.381195754256941,2.7190256118774414,1.9822075366973877,0.9519979878671234,15.70448837000485
spectral_subtraction,p232_095,mid,7.439109500392424,10.833522186383142,2.6901262367378744,5.643291599431589,1.8117812871932983,1.16884446144104,0.8877497746623113,10.530950722811108
spectral_subtraction,p232_096,low,0.8413553704039041,6.877332244039607,-4.414304697583549,-1.7279243034394716,1.830723524093628,1.1771050691604614,0.7808605675231409,8.043708404880453
spectral_subtraction,p232_097,high,16.3644918227414,17.872470393091533,8.194074563582912,10.121414460380807,3.4381325244903564,2.7346301078796387,0.9954726735731587,17.812704062599238
spectral_subtraction,p232_098,mid,11.114011928132912,19.688919990083146,4.03178555183647,10.766224448775306,3.4073400497436523,2.263784408569336,0.9374826014896462,20.02940437761117
spectral_subtraction,p232_099,mid,6.375333047633324,20.08336359559269,1.9968406356188477,11.659128676664492,3.8700814247131348,3.3371105194091797,0.985662614328122,20.554484461747297
spectral_subtraction,p232_100,low,0.2559964386777005,15.618676452412327,-4.21313804551275,5.146977149228653,3.7414064407348633,2.725996971130371,0.8795879718835006,15.691391563320462
spectral_subtraction,p232_101,high,15.759480056097704,19.18395261199444,4.787243191310367,8.186238382487662,3.562089681625366,3.128633737564087,0.9924536621642718,19.29570880273426
spectral_subtraction,p232_102,mid,10.750743238766452,16.751998487629507,2.5896855472823237,7.287443101187629,3.350343704223633,2.506145715713501,0.8987036328633121,16.860334876944005
spectral_subtraction,p232_103,mid,6.653319183879876,12.362649224833067,1.7560774815712485,5.55711535492739,2.3622679710388184,1.7301663160324097,0.9084015560842895,12.159944074943215
spectral_subtraction,p232_104,low,1.273775746046616,12.420576898532296,-2.020780396973793,3.9018971448337356,2.625669479370117,1.7965627908706665,0.9247553941370761,12.509355138106422
spectral_subtraction,p232_105,high,15.429730015209643,16.87511209343045,5.5057142034913005,8.219576345885896,4.319355487823486,3.5939266681671143,0.9660129157822234,17.50047324204197
spectral_subtraction,p232_106,mid,11.152456569808093,19.56180868650893,4.183856031482502,11.659981014281128,4.24114465713501,3.6389310359954834,0.9836101333727605,19.73856131104425
spectral_subtraction,p232_107,mid,6.195830303790057,18.6130258352783,0.5813308326698028,10.12772264446409,4.115021705627441,3.5018067359924316,0.9646738719208674,19.594281347374768
spectral_subtraction,p232_108,low,0.4609489314468247,12.483666245389708,-5.064426590893881,3.210381155360014,2.9089653491973877,2.1968672275543213,0.9180996648915666,16.835054379433053
spectral_subtraction,p232_109,high,16.60339602341139,16.439624225574146,9.844523141588166,9.619562612651938,3.1760685443878174,2.5123162269592285,0.9717753939659738,17.241982757882955
spectral_subtraction,p232_110,mid,10.950392828301664,12.097040674564127,2.5293863756102213,2.9258638670286854,2.08345103263855,1.525315761566162,0.9182294396954969,11.912265101873583
spectral_subtraction,p232_112,mid,5.400221810958726,13.445078733937132,0.0040983283504499955,3.168423859179347,2.7256593704223633,1.9565484523773193,0.8989670302642281,14.496149757729011
spectral_subtraction,p232_113,low,-0.2162371493095648,5.669384505630437,-4.863982565596019,-2.765840474761541,1.7701449394226074,1.3298907279968262,0.673143773763746,4.51534679411976
spectral_subtraction,p232_114,high,16.835240798247256,16.44750369846537,9.53883082965631,9.54703085247198,3.6284923553466797,2.703819990158081,0.9504122067630858,17.224704888758918
spectral_subtraction,p232_115,mid,11.416770654919146,16.096886837473537,4.736577500610868,8.113515658468007,3.0695369243621826,2.3274779319763184,0.9460369628241863,16.00183847692715
spectral_subtraction,p232_116,mid,6.006708813089588,16.22936728216003,-0.7827039915792295,5.6028405846186145,2.6178977489471436,1.7342861890792847,0.9251637190623018,16.455711770411373
spectral_subtraction,p232_117,low,1.7208154608387936,8.473377259937035,-1.9342719830173583,3.3006883010472605,2.090022087097168,1.296115517616272,0.8943365616587599,8.518169982713067
spectral_subtraction,p232_118,high,16.33650306851513,17.92249869340364,8.220259390254633,9.902457498560908,4.017679214477539,3.511765480041504,0.9891942426349025,18.97666485238701
spectral_subtraction,p232_119,mid,11.219717644644069,18.63770650164135,4.5715383427770355,10.117448874015125,3.7928690910339355,3.046564817428589,0.9477943936749506,19.05667960831998
spectral_subtraction,p232_120,low,4.952655601179238,16.823905043159666,-1.2985987530443568,6.612973578234789,3.5632882118225098,2.814258337020874,0.9160626396436612,17.672324864814
spectral_subtraction,p232_121,low,1.5250594602647571,3.310345300141901,0.1752889960526791,2.0558009905021506,3.5004711151123047,2.4941775798797607,0.9626488507839996,14.043125114906772
spectral_subtraction,p232_123,high,16.69124123832897,17.668984697658793,9.56692465668555,10.292012493029057,3.588536500930786,2.9753754138946533,0.9729016892726164,18.840903151974548
spectral_subtraction,p232_124,mid,10.070422248448219,17.75219296885217,1.654147127861109,6.706043270424973,2.829418659210205,2.4317619800567627,0.9127883252385889,17.743317118125514
spectral_subtraction,p232_125,mid,5.334158544498855,14.299409693739056,-1.3880767446931919,3.2279720189591408,2.525336742401123,1.879428505897522,0.837804006841191,14.139799136725477
spectral_subtraction,p232_126,low,0.9020065535568017,10.281579559733666,-3.1560178936015126,1.7184107603434717,2.1957859992980957,1.6175527572631836,0.8910565810666427,11.055080136927414
spectral_subtraction,p232_127,high,15.732943904165024,19.598889162011194,6.213868605319623,10.288261248243472,4.247519016265869,3.7732505798339844,0.9942645635690962,19.619097355527806
spectral_subtraction,p232_128,mid,11.143908653175336,17.239784509362817,2.5694167273067854,7.322174750680846,2.7695119380950928,1.9062530994415283,0.9851453825428657,17.159580051187856
spectral_subtraction,p232_129,mid,6.652450581300993,18.134807453551947,5.619545116088509,10.471514176447712,3.2707440853118896,2.6137759685516357,0.980478038792074,18.153869838968607
spectral_subtraction,p232_130,low,1.235702270305818,11.31443688806385,-3.049302212644077,3.542888826116867,2.312558174133301,1.6987183094024658,0.9744422288067108,13.124751512751956
spectral_subtraction,p232_131,high,16.49187891769592,18.782889463089745,8.176022484136434,10.072673094612597,3.2565815448760986,2.647796869277954,0.9753175556740873,18.888584632445195
spectral_subtraction,p232_132,mid,10.691262629271314,14.275151916920398,3.0691223641609975,5.64843310629211,2.5351901054382324,2.1376309394836426,0.845322389280094,14.238894496658169
spectral_subtraction,p232_133,mid,6.231469313143037,10.765781392882639,-0.4272930551424368,1.8993859426703972,1.8091892004013062,1.2594925165176392,0.8678532074168943,10.597002453227567
spectral_subtraction,p232_134,low,0.482558878555408,4.678485620760792,-5.103919640525353,-3.309922359557265,1.8760485649108887,1.2434871196746826,0.7694754537567462,4.793691776641038
spectral_subtraction,p232_135,high,15.572231562874112,16.528806792369632,4.471578040941366,6.931825535383593,3.701232671737671,2.8072996139526367,0.9398206195006679,16.923154899372797
spectral_subtraction,p232_136,mid,10.08796659786833,12.799266489078905,-1.480305297608803,0.4585934422083337,2.4782023429870605,1.6775836944580078,0.778012508240721,12.57981057646828
spectral_subtraction,p232_137,mid,5.260138996259015,10.598987796974379,-3.065622188573401,0.6847459564438237,2.5372376441955566,1.8703100681304932,0.9262366591431859,12.019053421657564
spectral_subtraction,p232_138,low,0.36343016025511926,9.549926191402333,-3.900810223973358,1.209523815523445,2.777189254760742,1.8906854391098022,0.7792553198131114,10.675886346962502
spectral_subtraction,p232_139,high,15.993149384920645,20.978631981685446,6.837032259103696,11.500266947281562,4.304757118225098,3.7206435203552246,0.9996221181381663,20.982542391798468
spectral_subtraction,p232_140,mid,10.186734563563824,18.13544836853916,1.7687114160353423,7.466056535796742,4.008533954620361,2.942570209503174,0.8585332093191804,18.53660378620948
spectral_subtraction,p232_141,mid,5.453138236120191,15.925342657762446,1.0719047062079643,8.341543439930916,3.7799720764160156,2.7913641929626465,0.8308793208011405,16.02598211640817
spectral_subtraction,p232_142,low,1.8747151358336454,14.484066151889083,-1.4140244990897,8.768591719825178,3.335615396499634,2.5201690196990967,0.9082053179867924,14.339196230688886
spectral_subtraction,p232_143,high,15.279891491583712,17.35726169182482,3.9996169591731205,4.790949072271624,3.2788243293762207,2.6707534790039062,0.9478055639843004,18.362071667587788
spectral_subtraction,p232_144,mid,11.10028481530204,16.941519238121035,4.464962540504058,8.295006877672893,3.6306793689727783,2.6173622608184814,0.9615896432621553,16.871395896894047
spectral_subtraction,p232_145,mid,6.094378530026451,13.05311763176248,0.3760016981345121,4.944963863677841,2.456719160079956,1.8670530319213867,0.8498911556704427,13.082067038647846
spectral_subtraction,p232_146,low,0.8509034815401499,11.595052164033559,-3.1230522448360984,2.7684238791925595,2.7561843395233154,2.2288849353790283,0.8630725702762391,14.061164026488072
spectral_subtraction,p232_147,high,16.355905616908696,17.750429939704436,9.980687155661995,10.99314949368203,4.39837646484375,3.8653781414031982,0.9881736522830468,18.67272633822491
spectral_subtraction,p232_148,mid,11.609525384008382,18.585367521885725,5.784712783958264,10.904552754283126,3.852708339691162,3.396479606628418,0.9991362994473132,19.01934784814664
spectral_subtraction,p232_150,mid,5.875025768201533,20.064317240840296,-1.2578138548265005,10.06974313328696,3.9834253787994385,3.257903575897217,0.9808378485467767,20.042116853141458
spectral_subtraction,p232_151,low,1.3397424459434748,15.369505596908992,-3.5029906576053804,5.9335540759006165,2.517059087753296,1.6817554235458374,0.9635075957515981,15.81011214189245
spectral_subtraction,p232_152,high,15.59960636824087,16.430574736316906,3.8230437423277537,4.974823389561837,2.698089361190796,2.0424654483795166,0.962725451668842,16.509464040707638
spectral_subtraction,p232_153,mid,10.778347164480307,14.075280340126595,1.9703391509429344,3.625665836182088,2.4601504802703857,1.7490525245666504,0.8582660335619977,14.053365183286374
spectral_subtraction,p232_154,mid,6.14427317552236,9.821917283591276,-1.380704274385985,0.8282415866457495,1.7556512355804443,1.3377113342285156,0.8831621086211588,9.906820680893757
spectral_subtraction,p232_155,low,1.2517055702183382,2.3414769525510963,-2.7959065007760926,-1.700748354527093,1.505560278892517,1.1775882244110107,0.7315761913089041,1.64329923462537
spectral_subtraction,p232_156,high,15.936732239234026,15.141767400544726,7.4496482538819855,7.156391536050444,3.0336506366729736,2.4079689979553223,0.9037753438824999,15.730352387220918
spectral_subtraction,p232_158,mid,11.557342271932322,15.274636669853743,4.8993842884759875,7.5134240899151,2.6268386840820312,1.8074638843536377,0.9648586943345299,15.203171610159067
spectral_subtraction,p232_159,mid,5.680717280305997,14.17708215670493,-2.173910477380437,2.145020169601838,2.7016348838806152,1.8707818984985352,0.9756134660333902,14.024536372849896
spectral_subtraction,p232_160,low,2.4284410416616993,8.322151279262624,-1.504463407119681,3.3870128117776366,1.809833288192749,1.207335352897644,0.809736983546475,7.779139830533301
spectral_subtraction,p232_161,high,16.36985088844687,20.0572273113286,8.837228241627345,12.543181677803606,3.7834219932556152,3.492603302001953,0.9880911993389138,20.01427616979546
spectral_subtraction,p232_162,mid,10.202589926055431,19.353270930286268,0.9989135938885558,9.405516091071451,4.273157596588135,3.121645927429199,0.9480929691097716,24.272190927101683
spectral_subtraction,p232_163,mid,6.010576109207579,20.404261051649947,0.8713406279862068,11.081675939505706,3.6968374252319336,2.9970829486846924,0.9466451114686484,20.68897471029231
spectral_subtraction,p232_164,low,1.1715926792088764,16.863971275392622,-2.6956355114849484,7.858886066357075,2.928908586502075,2.0208611488342285,0.9089899893400564,16.776068903559786
spectral_subtraction,p232_165,high,15.47497790290577,17.005019811407152,4.0876588681546435,5.958687487864171,3.0285518169403076,2.527529001235962,0.9663688562344303,17.66206583918015
spectral_subtraction,p232_167,mid,11.327007447357737,18.400596916630075,4.972064083027344,10.05170706553965,3.5211408138275146,2.8430798053741455,0.9941332962546754,18.558052708528457
spectral_subtraction,p232_169,mid,6.595540081806953,14.026047440245046,2.0495391073206997,7.181336407196146,2.691814661026001,1.9243016242980957,0.9756367689802605,13.988861782330787
spectral_subtraction,p232_170,low,0.7226472150156302,8.031512752565618,-3.292436324441023,1.3401671004975446,2.10819411277771,1.4285862445831299,0.7156152109801311,7.8952405358882185
spectral_subtraction,p232_171,high,15.778042996222919,17.529108308943307,5.1169051715394005,8.715296385784908,3.6719887256622314,2.9003443717956543,0.9640626511958454,17.754743499130587
spectral_subtraction,p232_172,mid,10.866934773638608,19.644090164285643,4.03015345322312,10.356010709015576,4.272649765014648,3.6985762119293213,0.9770295040631739,20.01258920829999
spectral_subtraction,p232_173,mid,5.931247108741703,18.07760186811751,-1.756334379691123,6.357613783657543,2.933567523956299,2.304255247116089,0.9125281600262456,18.243052664363645
spectral_subtraction,p232_174,low,0.939758238668617,8.608145456280843,-4.023656632441952,0.17470915734651976,2.285823106765747,1.7166359424591064,0.8856690191875186,12.957250878179082
spectral_subtraction,p232_175,high,16.547849991567723,19.257868052539965,9.125908638749436,11.208686959124979,3.417335033416748,2.7267534732818604,0.9896235669057418,19.41499882656467
spectral_subtraction,p232_176,mid,11.454512322988048,13.465088127430509,3.046301581173135,4.587329513606795,2.268299102783203,1.6302101612091064,0.9164516123007728,13.295680954140183
spectral_subtraction,p232_177,mid,5.3079828196006895,9.11994233837715,-3.176826384536903,-1.927915309976745,1.8785996437072754,1.355433702468872,0.7921569861305284,8.916678566148507
spectral_subtraction,p232_178,low,0.8920313956687852,8.536205199187345,-3.4609205987419247,-0.28062847450269146,1.8813273906707764,1.390968680381775,0.7849930431577611,8.675919117155685
spectral_subtraction,p232_179,high,16.642105940238125,19.057548402471575,7.745218047455707,10.534486438627791,3.262338638305664,2.533198356628418,0.9714423232642587,19.035792872653488
spectral_subtraction,p232_180,mid,11.478055337938924,15.606140314847167,3.7075045413828516,7.8357645286621045,3.317331075668335,2.4806220531463623,0.9739848412649295,15.533843257662564
spectral_subtraction,p232_181,mid,5.765798266392097,12.92609361329998,-2.062332142655531,2.3496329045868882,2.7605936527252197,2.0673818588256836,0.975882418506921,13.17144491759441
spectral_subtraction,p232_182,low,1.3970121381898544,5.186565312941479,-3.635559975412534,-1.7724639113199565,2.1200876235961914,1.393125057220459,0.9169663150664066,5.931510219370959
spectral_subtraction,p232_183,mid,14.92422952829516,19.244928278617408,3.866766879743057,8.204119016689129,4.197175025939941,3.075455665588379,0.9678116073786383,19.22804838422825
spectral_subtraction,p232_184,mid,10.933556151627222,19.062125930773664,4.7368782781956424,11.324629009162354,3.5764946937561035,2.993242025375366,0.9767542878686404,19.17849808772267
spectral_subtraction,p232_185,mid,6.320286190654473,18.76171362430529,1.5017245182031773,10.314812452199769,3.5535480976104736,2.6889588832855225,0.9958698888100265,19.089184087906165
spectral_subtraction,p232_186,low,0.23779432384853252,8.06759291879411,-4.581224687226656,-0.602432312744421,2.2228567600250244,1.4592152833938599,0.8659709116107472,7.862863417353287
spectral_subtraction,p232_187,mid,14.931361027285437,14.663027103941657,2.9994805082047162,3.263249871677769,3.6537845134735107,2.600163221359253,0.7419541090877518,14.524227424149828
spectral_subtraction,p232_188,mid,11.252020215556374,17.743114033448663,3.7619089142460957,9.006180220781605,3.3896026611328125,2.8201088905334473,0.9132482499967625,17.855151229475354
spectral_subtraction,p232_189,mid,6.162218354148903,10.753754757738449,0.39772339775534865,3.3887849700865513,2.283456802368164,1.8828098773956299,0.8538480016999326,11.490365890467283
spectral_subtraction,p232_190,low,0.6578289811849785,8.977724628095519,-3.830904008066478,0.9097716358372049,2.6835429668426514,1.9376786947250366,0.9703911219088316,9.326046305749681
spectral_subtraction,p232_191,high,15.60244354097665,18.582248434547843,3.183223442676456,8.255865252318108,3.823730945587158,3.1341400146484375,0.9563754301785754,19.62168133473824
spectral_subtraction,p232_193,mid,10.975855648414337,17.28965140349635,2.7257631689094777,8.848409725800328,3.057030200958252,2.5796806812286377,0.9650400901806616,18.93560820099829
spectral_subtraction,p232_194,mid,6.63753665477195,16.471710102484487,1.073476893718494,9.70385437260631,2.9298770427703857,2.226822853088379,0.9702084140824669,17.003635218545
spectral_subtraction,p232_195,low,1.020516007766522,17.136168988733495,-2.1765402873959165,7.66389282080777,3.8296589851379395,2.9901065826416016,0.9538590767175174,17.67930558220423
spectral_subtraction,p232_196,high,15.17493427075584,19.299949734271774,4.980760908852832,6.6581368422768765,3.3311054706573486,2.4953627586364746,0.9836143573663817,19.484712916894907
spectral_subtraction,p232_197,mid,11.381493295608818,15.887162510775699,5.469999750672372,7.58015266896951,3.2456796169281006,2.5906763076782227,0.9648468366895009,18.25439025246
spectral_subtraction,p232_198,mid,5.593028511387018,10.778345047107168,-2.4951167958739147,0.2694557716725468,2.240692377090454,1.5999797582626343,0.9573735719779297,10.524204331972944
spectral_subtraction,p232_199,low,1.194461022600229,7.917096666061759,-3.898104511959003,-0.5228414973240116,1.9663652181625366,1.294466257095337,0.849144787888257,7.834649497405952
spectral_subtraction,p232_200,high,16.367681746756325,19.269746628421675,7.667515241328378,10.949197939250817,3.6233370304107666,2.6822385787963867,0.9854771021865154,20.13496278725168
spectral_subtraction,p232_201,mid,11.408150863611727,16.61177153244984,3.440498915210832,8.07377592675965,3.25483775138855,2.4233474731445312,0.9879756633876259,16.681823069107573
spectral_subtraction,p232_202,mid,7.007292992889504,15.686765487685081,1.4924735282796882,8.452001070827388,2.901207685470581,1.96065092086792,0.8852531199115125,15.694435013224039
spectral_subtraction,p232_203,low,1.5111001046737624,5.9865169437943235,-3.5076223002533613,-0.5242137989476581,1.6887319087982178,1.1418341398239136,0.8409995621812193,5.514049245892654
spectral_subtraction,p232_204,high,16.53942907381467,21.857893322540352,8.710701329880244,13.299881711433223,4.364554405212402,3.7949352264404297,0.9992935620434359,22.783146549728915
spectral_subtraction,p232_205,mid,10.597488641384821,19.093549481214758,3.2104453775196045,10.05100730591483,4.396912574768066,3.7873809337615967,0.9804140221778891,19.986370115049226
spectral_subtraction,p232_206,mid,6.3251255301995855,16.99236660411139,0.7924642589843447,9.71712969924242,3.9239156246185303,3.035305976867676,0.9577510349550447,19.875601932359476
spectral_subtraction,p232_207,low,0.25500161335699056,16.686643963119298,-3.8645560873831877,6.048532721540826,2.716998815536499,1.8628456592559814,0.8741160865684267,17.87172761016299
spectral_subtraction,p232_208,mid,14.640845242348998,19.864407731183164,5.131529235285027,8.995406782414344,3.3251147270202637,2.9844412803649902,0.7750673344691253,19.8296796399797
spectral_subtraction,p232_209,mid,9.966396230607684,17.20981451401643,2.7765941066955695,7.338227651370293,3.613330841064453,2.5918309688568115,0.808530345378408,17.13563884444759
spectral_subtraction,p232_210,mid,5.202012817498575,12.315742494359842,-0.13138796712145215,2.705749243896949,2.814744234085083,2.0741095542907715,0.9692452620207135,12.06398569384254
spectral_subtraction,p232_211,low,-0.5041967452151148,9.83827154432593,-5.710095801008875,-2.6575790707461344,2.4994537830352783,1.7417274713516235,0.7783116337951561,12.471181275259106
spectral_subtraction,p232_213,mid,14.880649140388481,20.898252616463388,3.690702166190197,9.050405308469827,4.283770561218262,3.4353575706481934,0.9684857830973715,21.9398884877462
spectral_subtraction,p232_214,mid,10.688882116574,17.0420700982462,1.529046405932762,8.187438154653636,3.535618782043457,2.813084602355957,0.9914406328110399,17.02252673474312
spectral_subtraction,p232_215,mid,5.645091161842388,20.771136262349103,-0.32289878003919953,8.020958114021143,3.226759910583496,2.688638210296631,0.9952136153013171,20.73674842647194
spectral_subtraction,p232_216,low,1.3579140366687636,14.7364442372825,-2.468359159044886,6.003438089425222,2.77360463142395,2.066115617752075,0.9689346937243281,15.310108421850398
spectral_subtraction,p232_217,high,15.14110951978427,18.342129401387346,6.587529811149563,7.906367707310997,3.748939037322998,2.9552652835845947,0.8890524702097727,19.07793842717892
spectral_subtraction,p232_218,mid,10.892582935368953,18.182080073994026,4.534447720835284,8.597510451018351,3.2514047622680664,2.3294060230255127,0.9222163007793255,18.612646697296785
spectral_subtraction,p232_219,mid,6.622261159395062,12.375168506741526,1.657218640221577,5.313875033669121,2.3716540336608887,1.7164814472198486,0.9172505546739851,13.193492025373462
spectral_subtraction,p232_220,low,1.6712183012319068,11.395067749422374,-1.152938965430798,4.263145676156423,2.297588348388672,1.5275981426239014,0.9236272373675263,11.168025081964526
spectral_subtraction,p232_221,high,17.00944937515036,18.40010643373698,7.961053466238761,9.937013610297948,3.0691959857940674,2.1484529972076416,0.9895047021990544,18.338077115098066
spectral_subtraction,p232_223,mid,10.664430306090463,14.927167907064867,1.6152885996160764,4.629718061278765,2.750741720199585,2.2221477031707764,0.9068001486101438,15.149533011167948
spectral_subtraction,p232_224,mid,5.8476635922609175,11.636491616615196,-2.3951929995964387,2.278939484582759,2.62636137008667,1.8128979206085205,0.9019467578901059,11.370604179030623
spectral_subtraction,p232_225,low,0.5175142224489166,8.774434502138316,-4.420767661242714,-0.4511441356628565,2.259307622909546,1.4958293437957764,0.869218685785912,9.074707523134368
spectral_subtraction,p232_226,high,16.112292095764328,17.9890255666116,8.261569449120266,10.639867523663543,4.149857997894287,3.3952102661132812,0.9828820382278504,18.577330772516447
spectral_subtraction,p232_227,mid,11.563715829962284,21.257954812592978,4.9843799087318725,12.325682742829178,3.7677090167999268,3.18167781829834,0.9987087732443347,21.540748291165595
spectral_subtraction,p232_228,mid,5.391277181475549,13.471155840010985,-2.375968876313545,4.8776995518895445,3.759427547454834,2.789400339126587,0.9714664140479086,19.837713874309138
spectral_subtraction,p232_229,low,0.21523818435836561,13.324746636338833,-2.696228533860709,5.895730034029115,3.495676279067993,2.709012031555176,0.965351739980954,16.300728555006824
spectral_subtraction,p232_230,high,15.861949843067546,17.563946681269126,5.715677431573306,7.490040826245929,2.9512038230895996,2.3818552494049072,0.8899464524719539,17.870445636592798
spectral_subtraction,p232_231,mid,10.803059637751764,18.919561947634698,2.200932083120607,7.784493180476899,3.527169942855835,2.690265655517578,0.9954867818294988,18.95694127785397
spectral_subtraction,p232_232,mid,6.366790097352767,13.839636347817043,0.14118951651984096,3.73595228404209,2.3719851970672607,1.8457155227661133,0.9468465120208417,14.280282628451474
spectral_subtraction,p232_234,low,-0.0003182764690964203,4.368509520641665,-5.111439238416704,-3.734294944884076,2.884438991546631,1.7659900188446045,0.8036807875272496,10.890644197000041
spectral_subtraction,p232_235,high,16.734081801327925,21.881744915872943,10.399204474307346,12.973483684839053,3.768115997314453,3.3255691528320312,0.9975327825639065,21.88709324469062
spectral_subtraction,p232_236,mid,10.013811211606704,18.500405904309492,-0.18991056718119037,4.967279118353503,3.818307876586914,2.8535304069519043,0.9213225433245099,20.26490858147694
spectral_subtraction,p232_237,mid,6.3127028343356,20.146534409161685,0.5109975812697313,11.485864099635215,4.010230541229248,3.3791565895080566,0.9954287331200724,20.148752023553676
spectral_subtraction,p232_238,low,0.4687611239357541,19.712421867695532,-3.665662090839382,8.015683516503467,4.091470241546631,3.5634708404541016,0.9987014656928721,20.416335550758195
spectral_subtraction,p232_239,high,15.60999581572853,18.352581845348553,4.0605761624531915,6.183284559989498,3.105365514755249,2.2824738025665283,0.9819737093006863,18.344328422993506
spectral_subtraction,p232_240,mid,11.496915938663378,18.32044276310018,5.701979989098508,9.774347066301136,3.1609609127044678,2.539523124694824,0.9747037038274214,18.25636281210887
spectral_subtraction,p232_241,mid,5.138210054385883,10.061279039469333,-3.085681292155393,-1.6663473838788583,1.9730607271194458,1.4752581119537354,0.8298779810754885,10.1750532670817
spectral_subtraction,p232_242,low,0.5476895775362746,3.8673772890935547,-5.265815952212909,-3.597249561955973,1.8588488101959229,1.3888019323349,0.7474676771219598,3.4540450014870783
spectral_subtraction,p232_243,high,15.7777181224326,18.49940419178953,5.195927980385622,7.579852654420726,3.6319682598114014,2.964820384979248,0.994898560775372,19.31179426085389
spectral_subtraction,p232_244,mid,11.369641863416307,13.90066144291254,2.9382919594680703,5.011964041145652,2.864800214767456,2.060847043991089,0.966360244406208,13.721584071427886
spectral_subtraction,p232_245,mid,5.347917465554239,17.382039069853988,-2.293325662092811,4.361524310327351,2.7021796703338623,1.7679381370544434,0.8723054889023849,17.941137124207145
spectral_subtraction,p232_246,low,1.0522371833825475,9.612187600293492,-4.150515974201628,0.7713881535351401,2.236776828765869,1.4476898908615112,0.889340852460949,9.637967220446964
spectral_subtraction,p232_247,high,15.228620400036377,24.530279119405694,4.4997870827859385,12.080479231862473,4.1302714347839355,3.5625882148742676,0.959542137116811,24.53718152715012
spectral_subtraction,p232_248,mid,11.607352421480247,18.1418328219841,6.617444642598253,11.917166492327974,3.7429590225219727,3.3399107456207275,0.9701359935730612,19.489359178321163
spectral_subtraction,p232_249,mid,6.167504089565307,20.3557166827515,-0.3666898986644578,10.297610004934395,3.3697867393493652,2.5006699562072754,0.99525019562231,20.741650907612886
spectral_subtraction,p232_250,low,1.23784516896793,15.622720018543133,-1.8341138546800286,8.351907357672825,3.004509925842285,2.3303825855255127,0.9482017316531183,20.25761774457461
spectral_subtraction,p232_251,high,16.28746650543051,20.747634287550834,8.512609773221401,12.328990755376623,3.620887041091919,3.2438809871673584,0.9753580024092318,20.711343269933714
spectral_subtraction,p232_252,mid,10.96800883411687,19.359890352851966,3.2525405437098427,8.926856937422468,3.2996866703033447,2.604663372039795,0.9680434231861285,19.360718827801506
spectral_subtraction,p232_253,mid,6.351085784990884,13.956951366969271,0.43838628982955447,5.9853181645432185,2.5303494930267334,1.7581830024719238,0.9026591473158261,14.131399536496296
spectral_subtraction,p232_254,low,1.3948547513105356,10.274347002226058,-2.1989247203466933,2.6356718663246976,2.656853675842285,1.651190996170044,0.9054366152667843,13.258663194537533
spectral_subtraction,p232_255,high,15.738461981907614,18.240318245748163,7.001621465413632,8.32994075255056,3.742802143096924,3.2375686168670654,0.9721419453291367,18.607236413471846
spectral_subtraction,p232_256,mid,10.90014311250114,19.253838130412756,4.533506950923204,9.869154323187761,3.525336265563965,2.9559428691864014,0.9549377563067831,19.20243322413945
spectral_subtraction,p232_257,mid,5.311923067511347,17.767084512005127,-2.954122626014451,5.566158200624425,3.0919458866119385,2.4199676513671875,0.9969438853884744,18.513871378761838
spectral_subtraction,p232_258,low,1.364480749688064,15.239530124862053,-2.6348797525681005,7.843926914992564,2.6368539333343506,1.9697177410125732,0.9486978645114039,16.20195165685739
spectral_subtraction,p232_259,high,16.56657573172079,21.248091734495837,8.766675314889492,11.653654049256666,3.426048517227173,2.81528639793396,0.9871427027649937,21.36856552114925
spectral_subtraction,p232_260,mid,10.894767982030277,13.95406210091178,3.2663454415646114,4.4506286815313185,2.7233657836914062,2.0176079273223877,0.9825648814398319,13.798215129921633
spectral_subtraction,p232_261,mid,6.608309875161179,10.508812942230048,0.9227355825471861,3.2726030214127872,2.259960651397705,1.4542135000228882,0.8707294082745818,10.176104247433386
spectral_subtraction,p232_263,low,1.5023535557966716,7.428316839408914,-1.8643022175950716,0.7189938688301215,1.5960133075714111,1.1815693378448486,0.7822925986134477,7.490534384876995
spectral_subtraction,p232_264,high,16.625867597250846,19.16046171726348,9.544738242858921,12.301895090369822,3.7901806831359863,2.9273672103881836,0.9940617673174703,19.145891500038374
spectral_subtraction,p232_265,mid,10.836717138416978,15.085661747639445,0.9965066753548361,4.461099152976532,2.663130760192871,1.8959624767303467,0.9422864498918823,15.320292864711796
spectral_subtraction,p232_266,mid,6.267990945438248,16.50621636174552,-0.446591658675395,7.903408156214049,3.3835766315460205,2.322859048843384,0.9381551844448578,16.66327748337958
spectral_subtraction,p232_267,low,1.6868559450145748,5.841424200012042,-2.7699281217302945,0.6504108543002658,2.0637805461883545,1.2416478395462036,0.8854176390448105,6.601994273759671
spectral_subtraction,p232_268,high,15.95142980985911,19.079978349796686,8.059037539355163,10.823525201168202,4.258498668670654,3.758321762084961,0.9902315146151556,19.125867549031703
spectral_subtraction,p232_269,mid,11.496829496766132,20.412757376926383,6.855699853043975,13.969115500236278,3.8495140075683594,3.2863247394561768,0.9880685471342092,20.491835613297415
spectral_subtraction,p232_270,mid,6.506053628508122,19.208641289419795,1.7635210962502488,11.990931347132175,3.6761109828948975,3.266326427459717,0.9729068526436936,19.57954535370043
spectral_subtraction,p232_271,low,1.4370112062592713,16.473382361918144,-2.780037209818682,8.800454570252242,3.4535880088806152,2.7391064167022705,0.9692579446213216,18.839273655550965
spectral_subtraction,p232_272,high,15.94185398806162,19.068141990325064,11.411488591241858,12.365601433454167,3.6443030834198,3.143232822418213,0.9166904462881581,19.310158994789997
spectral_subtraction,p232_273,mid,10.73712805853178,17.245806345402137,2.6001139093967014,7.039637758369092,2.904559850692749,2.3576130867004395,0.9462515893859375,17.186899630171737
spectral_subtraction,p232_274,mid,6.44064795007723,15.168781576504315,1.5403616628575187,7.629292913783908,2.8110463619232178,2.05930233001709,0.8856740546725903,15.164747004135661
spectral_subtraction,p232_275,low,1.504246638908147,12.506189710838981,-1.65823817342964,4.090938454709208,2.1657655239105225,1.5384087562561035,0.8958517850774272,12.467239005603014
spectral_subtraction,p232_276,high,16.310271247806256,22.549806371389586,7.782768166695012,14.635362443513324,3.868433952331543,3.4194319248199463,0.9947871918611351,22.57591011884906
spectral_subtraction,p232_277,mid,11.4794002688917,18.699112962135946,3.4559481277785378,11.365168021205205,3.45078444480896,2.4986324310302734,0.9478049423794901,18.660709552023892
spectral_subtraction,p232_278,mid,5.561987921046127,21.15281391089992,-1.4355062309100677,9.499884801370595,4.085899353027344,3.401233434677124,0.9841375128101978,21.242911973472193
spectral_subtraction,p232_279,low,0.8535602481441584,8.477618558126595,-4.016143135153897,-0.5189270988110125,1.725631833076477,1.262412190437317,0.7760227060889439,8.737600539216238
spectral_subtraction,p232_280,high,16.32995607307356,16.255138134200998,6.936971381545505,6.80743210226431,2.476625442504883,1.8497759103775024,0.9083789730236403,16.163189115426288
spectral_subtraction,p232_281,mid,9.83646440369818,12.880174897423313,-1.3024337437074387,0.5062461938145592,2.3354666233062744,1.7498648166656494,0.8096568829608607,12.792488029204561
spectral_subtraction,p232_282,mid,6.6754021771484116,16.989626163830653,4.835905925517762,10.669836003492476,3.0133941173553467,2.2699129581451416,0.9552658372322098,16.94984573435695
spectral_subtraction,p232_283,low,0.39040858306695403,4.558155538693523,-4.477141777489743,-2.9886154369307962,1.6385116577148438,1.340409278869629,0.734986065705463,6.234972989866419
spectral_subtraction,p232_284,high,16.397398852250284,19.625111839062328,5.219496413879144,9.3452099906573,3.741830348968506,2.951061248779297,0.9942246439501928,19.596883417779935
spectral_subtraction,p232_285,mid,10.51394353198178,16.79990152639608,1.4534638709406575,4.785801426723724,3.2200710773468018,2.3916714191436768,0.9261159747066331,16.75654104548913
spectral_subtraction,p232_286,mid,6.007627046939463,11.692524313210217,-1.712143829374973,1.9869765132383768,2.48223614692688,1.812971830368042,0.9116899279759896,12.638668433086044
spectral_subtraction,p232_287,low,0.8012496317643681,7.488492104925607,-3.959937228151246,-0.7350590781517183,2.250081777572632,1.5089688301086426,0.8943490889218346,7.668675352565765
spectral_subtraction,p232_288,high,15.450282970306263,22.237296986571383,4.823562042457406,10.780981736267643,4.332393646240234,3.633965253829956,0.9878043491282847,22.62433258551511
spectral_subtraction,p232_289,mid,11.479622497990347,21.13048424569032,4.351833377888839,12.277523460631265,4.212497711181641,3.797271490097046,0.9991356600610035,21.11314650713508
spectral_subtraction,p232_290,low,4.76496524666147,19.95040229031115,-2.506279612291927,6.574368846466217,3.883399248123169,3.3131556510925293,0.9958104381404942,21.809374378383705
spectral_subtraction,p232_291,low,0.5749149288128906,19.790334906202023,-4.904596700306384,8.356055575391737,3.3636245727539062,2.6932532787323,0.997793352878432,20.3954228315757
spectral_subtraction,p232_292,high,15.134856661013817,19.983484264945766,3.303929529558159,7.582590034253615,3.6231184005737305,3.0497801303863525,0.9937207483641786,20.495702948045253
spectral_subtraction,p232_293,mid,11.612271136151387,18.122382283301945,4.6744816827180795,9.557486513040116,2.901949405670166,2.245492935180664,0.9557487783820217,18.200896524860056
spectral_subtraction,p232_294,mid,6.520389009265245,13.941984487613679,1.405168570823618,6.537843764213909,2.836111307144165,1.9883265495300293,0.9091344400652963,14.714593068547279
spectral_subtraction,p232_295,low,1.4393578150975044,4.287468130174558,-1.4996635349114191,-0.44932616178865187,2.1222546100616455,1.4259895086288452,0.8772816777365677,10.721014533062949
spectral_subtraction,p232_296,high,16.00064657189552,19.412727209055447,6.6116077951746846,11.113907929942487,3.8176403045654297,3.1731081008911133,0.9553280114689852,19.443951596796605
spectral_subtraction,p232_297,mid,11.000175844957615,16.760787171411895,3.5540633994909143,8.850171069883752,4.044705867767334,3.3355393409729004,0.9444799131070256,19.542996455954828
spectral_subtraction,p232_298,mid,5.14754997596861,16.0839277212052,-2.5784292996909306,3.9050096480179115,2.8985869884490967,2.278319835662842,0.9434625111156597,16.715161492930463
spectral_subtraction,p232_299,low,0.33189553512138215,14.335875610488333,-3.5464605182740225,4.183488562096071,3.5058248043060303,2.7987592220306396,0.9115800245333487,17.87864432524162
spectral_subtraction,p232_300,high,15.23886074735281,18.46553926641286,1.947893163262469,4.319080014215731,2.9923603534698486,2.41317081451416,0.8842819393186052,18.54344162289372
spectral_subtraction,p232_301,mid,10.29157344272199,16.61311386749101,1.4849025329175427,5.129313655527859,2.88103985786438,2.157900333404541,0.9692246711593132,16.51792933407002
spectral_subtraction,p232_302,mid,5.318424510314177,7.135517368455236,-2.799535241978996,-1.7853285690802383,2.095388412475586,1.3635897636413574,0.708380743830273,6.8125373692192035
spectral_subtraction,p232_303,low,1.6232975069818603,5.24833706484373,-2.6855762880375433,-0.4677556645945113,1.8933674097061157,1.2612141370773315,0.8043177470418567,5.4531485081208295
spectral_subtraction,p232_305,high,15.956917550968967,18.784759118037933,3.595935411836612,5.45851848922065,3.0387425422668457,2.335848331451416,0.9423479238754844,18.93255783999286
spectral_subtraction,p232_306,mid,10.7815293374472,15.244960777333409,1.1113642379525512,4.363979916224179,2.863438367843628,1.705352783203125,0.8596643843004237,15.206870696710897
spectral_subtraction,p232_307,mid,7.110062084664767,10.557732873898457,-0.6443762870594334,1.5578681787249153,1.9023959636688232,1.2722735404968262,0.8914380194260582,10.82067054464231
spectral_subtraction,p232_308,low,0.49230072960260246,5.890428878157516,-3.7809924859580977,-1.6814745165768565,2.1513538360595703,1.5210317373275757,0.8018077740653899,7.602263705786947
spectral_subtraction,p232_309,high,16.2432446995501,22.021656997544103,10.282694500776968,14.493982530266656,4.2349772453308105,3.8260304927825928,0.983962264996897,22.293725649652586
spectral_subtraction,p232_310,mid,10.015005387205525,16.10593203336968,1.4100373419775762,6.779573733345598,3.7557461261749268,2.890537738800049,0.9437049690685965,18.489162455844095
spectral_subtraction,p232_311,mid,5.669837182673447,19.13762772546193,0.5815756372908695,8.955089106259031,3.5936672687530518,2.9736404418945312,0.9584499462532501,19.516303377502986
spectral_subtraction,p232_312,low,1.3814192476146383,16.684174625044072,-1.0880418050017024,9.732634141570388,3.410602569580078,2.4261577129364014,0.9591924558715377,18.982946228353576
spectral_subtraction,p232_313,high,15.948424788118738,20.21316430352676,6.05831601917236,10.055548479501155,3.47460675239563,2.9410204887390137,0.9544967080403876,20.729618585386834
spectral_subtraction,p232_314,mid,10.60782095992215,15.124144028867983,0.9820250590532006,4.729880040475499,2.7032759189605713,2.1174070835113525,0.9155884407425655,17.952310467800473
spectral_subtraction,p232_315,mid,5.111344103010906,15.162023552642108,-1.6948352427094568,3.6714871145371464,2.9044110774993896,2.2251696586608887,0.8575421631262651,17.861433396684735
spectral_subtraction,p232_316,low,0.3191680697655762,10.684340834008257,-4.84055579102942,-0.10048179043924484,1.7254986763000488,1.293701171875,0.7536071433736452,10.869901658043418
spectral_subtraction,p232_317,high,15.9845739852556,22.287299961521228,6.585144578282711,12.46395748825587,3.863715887069702,3.4617693424224854,0.9933453269775582,22.438067560258006
spectral_subtraction,p232_318,mid,11.177310523407613,20.31005949965087,4.2411887195783695,10.929046753734255,3.5494120121002197,3.0943944454193115,0.9908831422388706,20.488735331627357
spectral_subtraction,p232_319,mid,6.219884611922353,18.873139994873092,1.5627516656915492,11.44213307193733,3.828873634338379,3.3301117420196533,0.9722315043112446,20.287728550625573
spectral_subtraction,p232_320,low,0.7944646395362109,15.615387746629603,-1.9573002157943675,7.74826666389141,2.9440712928771973,2.064228057861328,0.9105193665909416,16.065158422310866
spectral_subtraction,p232_321,high,16.293907832385138,19.57481917215773,9.31808112150177,10.072332125309025,3.2168405055999756,2.516538619995117,0.9895482425361305,19.5342323059861
spectral_subtraction,p232_322,mid,11.380697418920596,16.682940289785535,1.8591477148985958,5.426460007410599,2.6055805683135986,1.80436372756958,0.9190422291900842,16.968530051073017
spectral_subtraction,p232_323,mid,6.047092119444032,11.042290905511,-0.2085398932225369,2.9569317794839414,2.0422580242156982,1.5163402557373047,0.9160927293966789,10.835597583830666
spectral_subtraction,p232_324,low,1.297579943528628,7.904924073959187,-1.4815594695835803,0.7117186732740124,1.8895314931869507,1.3200377225875854,0.8996292518677562,7.894137995892459
spectral_subtraction,p232_325,high,15.385803503045034,19.746557321977683,1.9441463972071917,6.460830035904422,3.307344436645508,2.3523035049438477,0.97705854447077,19.70101937719383
spectral_subtraction,p232_326,mid,10.448061209932941,13.130775798875678,0.805803839439039,2.8096216307632833,2.6633799076080322,2.040290594100952,0.8522708006493404,12.915061091220455
spectral_subtraction,p232_327,mid,6.207547018166463,13.929886748577601,-0.3845131652292232,4.742665449490188,2.513970375061035,1.7444578409194946,0.9582672906674712,13.75131973945874
spectral_subtraction,p232_328,low,1.3929258724669669,6.37508453277921,-3.444396993263189,-0.5155900963892042,2.15372371673584,1.3498433828353882,0.8348264647230548,6.727987924374418
spectral_subtraction,p232_329,high,15.801514836362973,20.71776642676173,5.51214752694868,9.979039216755542,4.327521800994873,3.265427827835083,0.9994639393151609,21.739530030394082
spectral_subtraction,p232_330,mid,10.354135336951106,19.266108953922586,1.6947988636793845,8.40147478145743,3.7123076915740967,2.8525242805480957,0.9754185056978516,19.605354789657245
spectral_subtraction,p232_331,mid,5.8813979722824,21.709917131701513,13.40485784064526,11.629004580022123,4.317741870880127,3.5670931339263916,0.9802785463837832,22.07775285129456
spectral_subtraction,p232_332,low,0.6314649529509495,14.638723698674772,-3.2628374494268444,5.545611465064801,3.4012672901153564,2.7660906314849854,0.9966128863600495,19.66181951905692
spectral_subtraction,p232_333,high,15.559645949956016,18.82941504917407,5.335125238044597,7.638289610012022,3.522250175476074,2.930971145629883,0.9265698436009093,18.97688887853721
spectral_subtraction,p232_334,mid,11.488184818372977,18.418521860371474,4.014514400807401,8.669459945809631,3.0003957748413086,2.437208890914917,0.9779691276587178,18.657220888697953
spectral_subtraction,p232_335,mid,5.853604054514799,13.336486946779328,-0.3208256683938258,3.7020895300951433,1.9709489345550537,1.4315845966339111,0.9021979866026191,13.518000016473732
spectral_subtraction,p232_336,low,0.9650299583603434,10.319151107968459,-3.672354900024504,1.554980660365679,2.1899709701538086,1.5087873935699463,0.877868414863328,9.895672198304226
spectral_subtraction,p232_337,high,16.42478872373083,20.728876478105597,8.423964067309882,13.416403474017308,3.837820529937744,3.5336220264434814,0.9968037199573285,21.25699020384002
spectral_subtraction,p232_338,mid,11.122374743711713,15.85797770068002,3.538300740049755,9.316333950982148,3.2970645427703857,2.7211294174194336,0.9935195375852439,15.775129693530708
spectral_subtraction,p232_339,low,4.683189393002377,17.162266997997083,-2.78339186447716,5.351488969102136,3.6513473987579346,3.1714882850646973,0.996751572057475,19.064930507083147
spectral_subtraction,p232_340,low,-0.16547378609871485,14.478268994970588,-5.00513789788219,0.9262067533971076,2.8382396697998047,2.07645320892334,0.9580413754587518,18.440638469323154
spectral_subtraction,p232_341,high,16.315832040035772,17.805503679465552,4.697955697192648,5.989261679304176,2.4474942684173584,1.8995368480682373,0.9375631036381551,17.744012904392573
spectral_subtraction,p232_342,mid,11.403176843884157,12.888032796063024,4.445367959369113,5.450210856708702,2.077152967453003,1.4775736331939697,0.8932099511502127,13.059212114251565
spectral_subtraction,p232_343,mid,6.195354248036712,12.750827654176414,-0.45843497943131767,3.137580150341832,2.008960247039795,1.3957509994506836,0.8654092583718933,12.618686024044623
spectral_subtraction,p232_344,low,0.2774296254643565,6.466383544368501,-4.172783508234479,-2.137450337624723,1.9732329845428467,1.3047517538070679,0.7874865868383438,5.899100345825602
spectral_subtraction,p232_346,high,15.873497545377987,17.622792088976603,4.983499745015087,8.053076715770484,3.653637647628784,2.927222490310669,0.9546242792565514,19.289867165622802
spectral_subtraction,p232_347,mid,11.682051093936048,17.243763196380357,3.6237427549399532,9.433573305491755,3.042834758758545,2.1795356273651123,0.9875429390280753,17.24311588825809
spectral_subtraction,p232_348,mid,6.391279612437584,7.886613408514131,0.8199823833931449,1.8276917819861533,2.50395131111145,1.6036159992218018,0.9212142721081473,9.547028783398348
spectral_subtraction,p232_349,low,1.3739941516228218,8.85389797185222,-2.465135449779217,1.824893459828764,2.2587778568267822,1.4018341302871704,0.9122355727241518,9.916343976966482
spectral_subtraction,p232_350,high,15.374719954951077,23.155058939090047,12.80524788419709,11.070758382265009,4.490604400634766,4.153160572052002,0.9894142644940473,23.524614369840336
spectral_subtraction,p232_351,mid,10.518916753792777,18.88660694075256,1.8161646402142195,8.679204981935552,4.076701641082764,3.2765052318573,0.9755566377708331,18.83612993146326
spectral_subtraction,p232_352,mid,5.668635212752902,17.449365168798586,-0.7850492143082158,7.562282305401373,3.6174674034118652,2.923257827758789,0.9860961337367856,18.970712581717148
spectral_subtraction,p232_353,low,1.0392723629633493,16.893290620044198,-2.988603059981014,7.225143832249679,3.251966714859009,2.444715738296509,0.9937584756956587,18.401708988434965
spectral_subtraction,p232_354,high,15.442755341422053,16.907632071077426,7.1139984013798845,7.930069421884625,3.7566123008728027,3.0609588623046875,0.8675040468793179,17.02437370949025
spectral_subtraction,p232_355,mid,11.518176995542825,18.90243209978579,5.632528979902881,11.890969862434485,3.300767421722412,2.4406871795654297,0.9797878211401775,18.86576134347328
spectral_subtraction,p232_356,mid,6.489416082447173,15.60723474214898,0.8837952531414124,6.617805849488224,2.540562868118286,1.7195005416870117,0.9395714786698925,15.495692542091355
spectral_subtraction,p232_357,low,1.0682890681433002,2.7510016909395563,-1.5709676952371072,-0.7686219741463608,3.298013210296631,1.8774738311767578,0.9584154393109383,11.945387409676037
spectral_subtraction,p232_358,high,15.528011907122616,21.296222168743167,5.197507730207687,11.080288967784396,3.4951329231262207,3.0669004917144775,0.907447197644302,21.404641756711978
spectral_subtraction,p232_359,mid,9.948213846058753,18.08916023629846,2.157430884099105,8.576250496657464,3.99261736869812,3.200854778289795,0.8786770597570448,18.253048284294763
spectral_subtraction,p232_360,mid,6.356183382557894,12.50959335899967,2.018775596375779,7.962541615575221,2.8259849548339844,1.9754564762115479,0.9306447717869416,13.098845822053722
spectral_subtraction,p232_361,low,0.4729473252980636,16.25338011521282,-3.745496099276584,5.102489589663605,3.542358875274658,2.71317982673645,0.9969654929677797,17.629070014252445
spectral_subtraction,p232_362,high,16.388243015189612,19.626690172239144,8.156053853276768,9.978809013172302,2.9223411083221436,2.246743679046631,0.9902629413785079,19.622263361046716
spectral_subtraction,p232_363,mid,11.607192856849116,16.093995762867156,4.450983942476145,6.961594893136744,2.7130162715911865,2.0811848640441895,0.9724453842462705,16.870322514439813
spectral_subtraction,p232_364,mid,6.098070304992474,14.759507390905576,0.7471730568543815,5.694117572573746,2.5253219604492188,1.949026346206665,0.9713823070025559,14.616393277160665
spectral_subtraction,p232_365,low,0.8992064756110939,8.127734590542161,-3.179970576484785,0.001597454577327964,2.289572238922119,1.644632339477539,0.8619734558559448,11.222275174473149
spectral_subtraction,p232_366,high,15.853018844442479,18.104656466840595,5.646838164263947,7.947213542840624,3.2480077743530273,2.581010341644287,0.9937252099508227,18.063095290019927
spectral_subtraction,p232_367,mid,10.63986892438146,17.872032854716508,1.7766118457085447,7.063930746565589,2.715481758117676,2.0459322929382324,0.8769132539907059,17.88756329095707
spectral_subtraction,p232_368,mid,5.9121698371960605,15.679552636659675,-0.35642750610392493,5.982901967603717,3.121429204940796,2.289102554321289,0.887089916723692,15.684932216980545
spectral_subtraction,p232_369,low,1.6771211276487838,11.119033027244642,-1.912958455779693,4.377818758809447,2.6232659816741943,1.594153881072998,0.9482737690320479,11.180945924310429
spectral_subtraction,p232_370,high,15.334036619684943,20.7196745464981,5.84859578721063,11.154072234229584,3.876897096633911,3.1121318340301514,0.9771176449887307,20.940336775532415
spectral_subtraction,p232_371,mid,10.540559076413414,21.614760461147796,2.561979906740875,10.098689189486013,3.8203563690185547,3.120114803314209,0.9986669518472977,22.94024659863302
spectral_subtraction,p232_372,mid,6.589255523258482,16.176870520942735,1.4617583556372875,8.975826270435077,3.1741716861724854,2.383157968521118,0.9301528464161629,18.896619516383005
spectral_subtraction,p232_373,low,1.5637973022502014,16.52597694437088,-0.9894233291084372,10.210337227250356,3.6737799644470215,3.0832934379577637,0.9966165803119662,18.260246583569522
spectral_subtraction,p232_374,high,16.436273281928624,19.326230522319186,7.2019812712054145,9.82690166634524,2.927656888961792,2.495607376098633,0.986060985079586,19.275265115922632
spectral_subtraction,p232_375,mid,11.177091587022343,16.88337807953312,3.1690431529913186,6.834879601318189,2.9833905696868896,2.4147839546203613,0.9861759251403733,16.794821482157943
spectral_subtraction,p232_377,mid,6.411168074204858,16.95216973799671,0.88483896137461,7.186552487334951,2.710442543029785,2.1835315227508545,0.9751745636542888,16.895299705978513
spectral_subtraction,p232_378,low,1.5478935665210747,10.530698776012615,-1.905290811766407,3.4139633078916054,2.507506847381592,1.5851778984069824,0.9562880473957174,11.829595666175418
spectral_subtraction,p232_379,high,16.267381489498927,20.135265768072088,6.93345770722334,11.52759639229724,3.853682279586792,3.2541816234588623,0.9795247283286151,20.35422229325626
spectral_subtraction,p232_380,mid,11.465479537602068,19.44026041575841,5.454375571461728,12.024699170217023,3.3287978172302246,2.4691805839538574,0.9767978152631175,19.672799348515376
spectral_subtraction,p232_381,mid,5.852098666792518,16.525977284939906,-0.6426126798233103,7.529923769604863,3.129572868347168,2.3090598583221436,0.9464600453789657,18.89350778402037
spectral_subtraction,p232_382,low,0.7320750112940079,15.944631405523428,-2.4784260386649177,7.651611987475034,3.8704018592834473,3.0637669563293457,0.9224155710624123,17.297877980243463
spectral_subtraction,p232_383,high,15.446015915440865,17.708998306750527,2.6309351899492714,4.649432546655064,2.8048465251922607,1.919492244720459,0.9895831648796585,17.636525525953687
spectral_subtraction,p232_384,mid,10.591631045880705,14.236743490082107,2.3138679643616844,4.532733324192227,2.6655211448669434,1.889657735824585,0.8562502308058666,14.07044441291175
spectral_subtraction,p232_385,mid,6.430224938004856,14.988245518697445,0.5929629854119839,5.834767935900825,2.644516706466675,1.9091438055038452,0.8777335823829701,14.905329199192849
spectral_subtraction,p232_386,low,1.1125589583617839,3.829425495793343,-4.01039405900015,-2.830239967352622,1.932978868484497,1.2922747135162354,0.7399784357986664,4.289615291633605
spectral_subtraction,p232_387,high,16.521619543627732,17.390848730439416,7.728773684102639,9.052330949229558,3.408832311630249,2.722536087036133,0.9840067839332507,17.337908394528355
spectral_subtraction,p232_388,mid,11.77369312367706,14.677805549025166,3.672036684001628,6.235043665531288,2.704467296600342,1.7976305484771729,0.83503794263341,14.588407569715166
spectral_subtraction,p232_389,mid,6.588814408621044,13.50799338881545,-0.9661070683241638,5.605357492842198,2.16086745262146,1.286262035369873,0.9242911193468828,13.423116844752458
spectral_subtraction,p232_390,low,0.753659304455535,12.022277098229946,-2.907444443918065,3.6744044380802388,2.596186876296997,1.5075161457061768,0.9051210420008753,11.789305627736455
spectral_subtraction,p232_391,high,15.53904395330479,19.83667521216323,5.947739665721107,10.154958224718776,4.168528079986572,3.6345269680023193,0.9922422526313357,20.0948388739942
spectral_subtraction,p232_392,mid,11.575014283741416,18.092207578662347,5.470096727179794,11.078774626540685,3.881030559539795,3.1536383628845215,0.9538943417164394,20.525780359346907
spectral_subtraction,p232_393,mid,6.56721047943667,21.95188308148373,0.5941461321721883,12.392995118403169,3.775897741317749,3.088628053665161,0.9988791348422751,21.927622961614116
spectral_subtraction,p232_394,low,1.536730570682538,16.411952433246643,-1.8834396897453667,10.03110650366339,3.432084083557129,2.5996360778808594,0.9967726140062113,19.60691060566746
spectral_subtraction,p232_396,high,15.657975675463291,17.351044545915407,6.352284279545458,8.419600053680329,2.9234066009521484,2.3917629718780518,0.9495847382247455,18.508425374826558
spectral_subtraction,p232_397,mid,11.494459868852935,18.879592012912582,5.168241162265467,9.536274744553817,3.432554244995117,2.738194227218628,0.9964040101735371,18.85671470709252
spectral_subtraction,p232_398,mid,6.484919496750878,15.171374305005136,1.3045677716552229,6.869998915216441,2.8093411922454834,2.0068435668945312,0.9594491512733482,15.886174226252432
spectral_subtraction,p232_399,low,1.0834091749957953,7.770731774243864,-2.9069917402520353,0.9077271310655705,2.4949123859405518,1.7113960981369019,0.8810862790151511,13.108084584917709
spectral_subtraction,p232_400,high,16.332819408279807,22.233517079011683,8.229288264030446,13.19103090885155,3.91433048248291,3.4622151851654053,0.999433692715631,22.425839193417715
spectral_subtraction,p232_402,mid,5.664201808719315,14.054831140440063,-1.2160624583971338,3.756752677046258,2.7095630168914795,2.1483466625213623,0.954403370487903,13.880843888044419
spectral_subtraction,p232_403,mid,11.691135570248463,16.45650639263404,2.8835731264470965,8.708761874119608,2.64681339263916,1.437747836112976,0.9393756755978995,16.423270594444418
spectral_subtraction,p232_404,high,15.60325104351649,19.178968549409348,3.990519240390355,7.361645393565894,3.2545835971832275,2.477132797241211,0.9823862093654029,19.74521363870022
spectral_subtraction,p232_405,mid,6.267943033547011,17.456661408756926,3.612509397801537,10.653992505008409,3.3156752586364746,2.2977092266082764,0.968811287002178,17.77848316893257
spectral_subtraction,p232_407,low,0.27900769681193976,7.642540463014566,-3.576093005958568,-0.42428899269856246,1.9460691213607788,1.3911954164505005,0.7313717921756274,7.061232005772421
spectral_subtraction,p232_409,low,1.32202903847927,10.7505667302566,-3.598600447933705,1.8193332953556458,2.0163564682006836,1.4506020545959473,0.8782228406998029,11.634949144342803
spectral_subtraction,p232_410,mid,6.557975027284999,15.717132649423522,2.587996413820941,10.70551738665576,3.086879253387451,2.3737199306488037,0.9492332732011624,16.23871533480242
spectral_subtraction,p232_411,mid,14.661089949975384,21.833268315804286,3.575234788488119,9.282595494455947,3.553821563720703,2.9031126499176025,0.9734157352897693,21.82881423650446
spectral_subtraction,p232_412,mid,11.653411393936334,16.71603589199629,5.931327460744346,9.197141643436742,2.6576123237609863,2.040994882583618,0.937630487578178,17.461732049519163
spectral_subtraction,p232_413,mid,10.97830770496329,22.328394488656013,2.9970892700244476,11.598870080340825,3.8686892986297607,3.279020309448242,0.999031119538177,22.97437240066218
spectral_subtraction,p232_414,low,0.48591680430958434,12.313649649721526,-2.7680110843617878,2.6100216810471077,2.4410791397094727,1.536940097808838,0.8458501662176476,13.040098313360406
spectral_subtraction,p232_415,low,1.0506995844962128,6.911527209004578,-3.754746019501775,-1.1587425479942925,1.6120564937591553,1.1673401594161987,0.8231778622909969,6.142273462812543
spectral_subtraction,p257_001,high,16.197803188124475,13.13669676112151,8.593199442164584,5.312355036467776,3.876479148864746,2.78291916847229,0.9752982445962752,13.228299569578493
spectral_subtraction,p257_002,mid,11.328616620309313,15.891630549169793,4.845956953568364,8.778062632455967,3.5494840145111084,2.8317315578460693,0.9904744781487238,16.304957213480492
spectral_subtraction,p257_003,mid,7.010393662681972,15.486102226040293,2.108726472983697,8.488847979630341,2.9268414974212646,2.1065433025360107,0.9441452165693729,15.43493393066964
spectral_subtraction,p257_004,low,1.4200154733545647,16.445487029187298,-4.581068057048657,6.316239588008284,2.6770853996276855,1.9355696439743042,0.9692217965087611,16.39319964205743
spectral_subtraction,p257_006,high,16.897870955714986,19.454570926955743,11.284658560733254,12.41988207955362,3.2528679370880127,2.642875909805298,0.9707386210374653,19.5276927504732
spectral_subtraction,p257_007,mid,11.67391898123716,14.062238528966935,4.177218364296229,6.7592431348643025,2.099729061126709,1.5637609958648682,0.9235404005926539,14.436405947161957
spectral_subtraction,p257_008,mid,7.107941783957068,11.100405176259024,2.011509934981018,5.637202496997605,2.0907602310180664,1.4805454015731812,0.9112887108964715,10.798346969486317
spectral_subtraction,p257_009,low,1.712833982849403,7.953476084103385,-2.5791886094168803,1.5728339459172263,1.6720833778381348,1.176386833190918,0.8025412220876713,7.979449134847173
spectral_subtraction,p257_010,high,16.239661082616966,20.402560865819535,5.938514296403984,10.13613264699522,3.3595874309539795,2.627328634262085,0.9735121172758024,20.936301210890047
spectral_subtraction,p257_011,mid,11.95645001433751,18.302206044316065,8.719696281875192,11.860453338756221,3.5096538066864014,2.949779510498047,0.9865795859437841,18.893969201672263
spectral_subtraction,p257_012,mid,6.772656560307392,19.03907157328907,0.9029140836489795,11.63479203138079,3.130585193634033,2.047064781188965,0.9637281090849183,19.067620024930743
spectral_subtraction,p257_013,low,1.7913696407221402,8.023411089710365,-2.8587457877521136,1.4872302565636402,1.8924229145050049,1.1127713918685913,0.8740336326856648,8.294615530838156
spectral_subtraction,p257_014,high,16.519408340728468,21.380125305781434,11.267723707457144,14.524850848387265,3.9237871170043945,3.4239675998687744,0.9947761413401541,21.348546455767668
spectral_subtraction,p257_015,mid,11.887531797182032,20.947212709895496,7.296843642391421,14.822841065102402,4.179497241973877,3.597118616104126,0.9966677463905329,20.93086358509489
spectral_subtraction,p257_016,mid,6.995410204794538,20.495174096254367,1.6420479319691548,12.818488966655586,3.427079200744629,2.7776083946228027,0.9894098809202315,20.513494706460374
spectral_subtraction,p257_017,low,1.6286663123487557,17.374293425812695,-2.6681757823267893,9.78700133552144,3.0050225257873535,2.144286870956421,0.9724677572192262,18.067399522980217
spectral_subtraction,p257_018,high,16.839619324394302,21.076145251684018,9.928881562935391,13.887412863288963,3.9473743438720703,3.2763710021972656,0.988924361756572,21.042254764782705
spectral_subtraction,p257_019,mid,12.053879534604022,19.284428772706043,6.032295500959367,12.221464185377847,3.3033013343811035,2.617661237716675,0.9843696014935972,19.290507544903996
spectral_subtraction,p257_020,mid,6.387439647658354,17.74194963746499,0.1851875400185846,8.57521824916302,2.6302504539489746,1.8713183403015137,0.9496051637583528,17.693424976068776
spectral_subtraction,p257_022,low,1.8955042465822012,17.586369919871284,-1.1029936000868816,10.4632219798436,2.8829996585845947,1.9034159183502197,0.9457375675001449,17.549730056466853
spectral_subtraction,p257_023,high,17.093130909292274,19.344984889834603,12.643035178380961,13.781838465013571,3.7939999103546143,3.265298366546631,0.9947215212054773,20.319738759676827
spectral_subtraction,p257_024,mid,11.890572785451557,19.735377722195334,8.476979294663682,14.75821359896911,4.014307975769043,3.5412614345550537,0.9927332038982013,21.340930148505457
spectral_subtraction,p257_025,mid,6.103761603196569,20.939755407400163,0.05997067909023033,11.443075156511464,3.872530460357666,3.2493093013763428,0.976209101494898,21.207264109050953
spectral_subtraction,p257_026,low,0.557650698552471,13.343010036740232,-5.065634777443324,4.792816336760514,3.5032243728637695,2.331491708755493,0.9238289507527112,13.156319927628132
spectral_subtraction,p257_027,high,16.695558169728983,18.853788297612194,10.40017752460502,11.327498419943298,3.399207353591919,2.6565964221954346,0.9766789896679845,19.166477635128874
spectral_subtraction,p257_028,mid,11.32892941749158,14.108339045792835,2.8181487845152153,4.8569263510680525,2.6997807025909424,1.9586830139160156,0.9286603968720013,14.089863799686505
spectral_subtraction,p257_029,mid,5.777558256951959,12.544981083658191,-2.509324053075921,1.4457759489655773,2.316636562347412,1.642094373703003,0.8666816525126612,12.413358122446782
spectral_subtraction,p257_030,low,1.4588718594874386,12.058308887409872,-3.005603331354404,5.156094770013806,2.4157543182373047,1.1849727630615234,0.9176190442879691,11.959376528965194
spectral_subtraction,p257_031,high,15.152199285620163,15.919908261409397,5.80687114048076,6.5728060872667236,3.315159797668457,2.3236052989959717,0.8597427903547724,15.950639515929783
spectral_subtraction,p257_032,mid,11.072928945791132,16.093966270838955,0.6807752014541684,5.039966638788213,2.9204413890838623,2.1629178524017334,0.9652134625271486,15.998069445880445
spectral_subtraction,p257_033,mid,5.7618765831303085,11.375113832353254,-2.5590526590979765,1.6851136521273655,2.351527214050293,1.4619503021240234,0.8838809060553449,11.487228503598775
spectral_subtraction,p257_034,low,0.7949124949611013,11.518218427645273,-4.297224195273157,3.016603142229199,2.4693338871002197,1.7263695001602173,0.87335275975702,11.911582105857697
spectral_subtraction,p257_035,high,16.412045310962583,20.66894496423828,8.358126108069847,12.196381589741273,3.9822394847869873,3.3263094425201416,0.9985816932900032,20.724513685978636
spectral_subtraction,p257_036,mid,10.088058401011843,18.924680083883672,-0.1533290634930363,7.2096000818666965,4.047842502593994,2.4847018718719482,0.9843446215652196,19.34687487677994
spectral_subtraction,p257_037,mid,5.498526837487946,16.687297149754066,-1.6802244276235214,7.446245900623546,3.4665298461914062,2.4540257453918457,0.949480429458136,16.745022832436387
spectral_subtraction,p257_038,low,2.0352640017866017,16.259874779050378,-1.0106260397491778,10.339354289163479,3.5655417442321777,2.7734854221343994,0.9815523288526464,18.17527515810293
spectral_subtraction,p257_039,high,16.317540309385773,19.74942481182285,9.32337148132138,11.462722067666535,3.9934771060943604,3.187640428543091,0.9810566224243521,19.740338892691998
spectral_subtraction,p257_040,mid,11.247602837151769,16.61954366624352,3.241487451213652,7.802008634226273,2.978778839111328,2.304675340652466,0.967710132067778,17.27711577191704
spectral_subtraction,p257_041,mid,7.207677066923113,11.316283335710938,0.3093383862643367,4.3531837066262495,3.0088682174682617,1.7289009094238281,0.9081120359114225,11.112388360742141
spectral_subtraction,p257_042,low,-0.6922250472664349,5.2080513744337456,-5.439934458354101,-3.6056905940050377,2.637007236480713,1.1668379306793213,0.7343848222821893,9.15349125123958
spectral_subtraction,p257_043,high,15.684107318202717,19.415699340387143,6.3594192941909435,10.608285632385298,3.8510444164276123,2.9079041481018066,0.9734200707529115,19.61483943674733
spectral_subtraction,p257_044,mid,10.363274669038162,17.78904794659165,2.7616943665990723,8.360185812954118,3.4101052284240723,2.987412214279175,0.986823750904892,17.721189754089913
spectral_subtraction,p257_045,low,4.732722038412213,18.31440878568599,-3.73514720118245,5.909913156444946,3.6874139308929443,2.7622721195220947,0.9660718381419557,18.42095746166769
spectral_subtraction,p257_046,low,2.2900212540871463,12.486028965761616,-1.6786258682708057,6.5906528855749436,3.742802143096924,2.6595656871795654,0.8822686450625081,12.286293552449642
spectral_subtraction,p257_047,high,16.113205495835924,19.456980111824034,6.047260645005551,9.075065362438655,3.365983486175537,2.4637796878814697,0.952405528973639,19.50168288668982
spectral_subtraction,p257_048,mid,10.982170586268463,16.40204404254585,1.584151220576644,6.702308282355139,3.1195900440216064,2.2738802433013916,0.9332050430008312,16.368551919208077
spectral_subtraction,p257_049,mid,6.832905834817568,14.822503652267072,1.8834553123261777,7.92898599277707,2.468275308609009,1.6438422203063965,0.9317469839204753,14.702045013860438
spectral_subtraction,p257_050,low,0.29748539691863135,4.810218096670323,-4.840869366203103,-2.6243894061868294,1.7595226764678955,1.0315864086151123,0.6213546963815307,4.912727565507284
spectral_subtraction,p257_051,high,16.904748450619017,17.285904945022928,8.850384557356097,9.390072092925646,3.4749653339385986,2.680180788040161,0.9922698289827935,17.209301532503982
spectral_subtraction,p257_052,mid,10.727246987475276,20.046419904276235,0.8752327454885086,8.834938061465431,3.661238431930542,2.5384111404418945,0.9565975980951793,20.05993330714435
spectral_subtraction,p257_053,mid,5.9344372904870255,9.685300407715605,-2.875197984844109,1.8826094767478951,2.264124870300293,1.2283333539962769,0.8975468191089426,10.46355726482393
spectral_subtraction,p257_054,low,1.085227680539321,6.460091014378545,-5.524310099862158,-2.8771636265629215,1.8872342109680176,1.2069873809814453,0.7634985564209033,8.363268906675758
spectral_subtraction,p257_055,high,16.066215769687496,16.46680049397704,7.397566696867757,7.938843198106733,4.285116672515869,3.5159316062927246,0.9957545617850668,16.382634617569064
spectral_subtraction,p257_056,mid,10.12883245578587,20.045692383699315,1.23607006150595,8.871789020529912,3.7402184009552,2.88165545463562,0.9805283259766352,20.236137318078935
spectral_subtraction,p257_057,mid,6.453209055437135,15.680004332826138,-1.2651373818282097,7.90249291414699,3.7363648414611816,3.107893943786621,0.986851587183685,21.475223817785533
spectral_subtraction,p257_058,low,0.42575971749553665,18.486004488722937,-3.888182661409008,6.8913050495088655,2.9201817512512207,2.146458864212036,0.9661844192657492,18.448426231584477
spectral_subtraction,p257_059,high,16.698233903891655,20.50536188561975,7.429820137776959,10.527763194458014,3.1495468616485596,2.5733158588409424,0.9822273056241073,20.634976332177825
spectral_subtraction,p257_060,mid,10.392000498452242,17.937634721147436,0.8256020062932304,7.4518584638065235,3.307682991027832,2.411789655685425,0.9220909871720876,18.166431965274324
spectral_subtraction,p257_061,mid,5.325114938678199,11.550487081920535,-2.98183154743121,0.5930642830922578,2.511604070663452,1.7921520471572876,0.8725119961079325,11.616068847643186
spectral_subtraction,p257_062,low,1.1625259835893067,7.795238543770296,-4.484793718615441,-0.5757653391867407,2.321265697479248,1.3600646257400513,0.8741241148849701,11.930229255761207
spectral_subtraction,p257_063,high,15.633968195194479,17.082004373149317,5.683160550638234,7.325705877929522,3.23002552986145,2.207490921020508,0.9270986838964341,17.320528890513202
spectral_subtraction,p257_064,mid,10.201620672902408,19.96054788449658,-0.8467330512079851,6.701699100143323,3.4335503578186035,2.522594690322876,0.9550890314808151,20.297500819178296
spectral_subtraction,p257_065,mid,6.1321865640438915,17.16876359385944,-1.1950139624840987,7.204197878019921,3.6359145641326904,1.425740361213684,0.9650929709493833,18.194492261219615
spectral_subtraction,p257_066,low,0.6607432352399825,16.862397899556644,-3.7230738836051884,7.389535071163303,3.3483800888061523,2.3243772983551025,0.9171813229450599,17.50797673085306
spectral_subtraction,p257_067,high,15.483402692441672,17.012771682112575,5.533812062138447,6.792901133858585,3.039214849472046,2.094768524169922,0.9298003533442656,16.94565786284533
spectral_subtraction,p257_068,mid,9.974395622964863,16.398401382844575,1.0262543066307956,5.526900814766199,3.114453077316284,2.0259556770324707,0.9362721881409585,16.43999997796095
spectral_subtraction,p257_069,mid,6.884953139103973,8.746127296688659,-1.7466269772632788,-0.020247449704599327,1.8358994722366333,1.2349215745925903,0.7488062412932218,8.623592423650553
spectral_subtraction,p257_070,low,1.5572791095355019,3.753047189887788,-4.808389327325144,-3.4083223872836945,1.4396946430206299,1.1507072448730469,0.7053861873368613,3.725926417138176
spectral_subtraction,p257_071,high,16.712059922006453,17.038959803206794,7.84357848583135,8.571026934734718,3.363023519515991,2.5903210639953613,0.9778372433112197,16.98596977412478
spectral_subtraction,p257_072,mid,10.715131024780518,14.89737692467359,1.8813883863485852,5.994459709724117,2.58744740486145,1.7751235961914062,0.917336725879943,14.756160114754092
spectral_subtraction,p257_073,mid,6.216924948761497,15.519842751620615,-1.8137896766059487,5.734844466633458,2.8408710956573486,1.933695912361145,0.939474754775944,15.39643333283774
spectral_subtraction,p257_074,low,0.5920862208926404,6.4671471181681275,-5.314162791808987,-2.5098701106078414,2.2753047943115234,1.44758939743042,0.8978000879623577,7.2298386628272135
spectral_subtraction,p257_075,high,15.345675061528684,22.422352971064825,5.843941589790619,11.182940155418141,4.306368350982666,3.480938196182251,0.9930535741692922,22.418990892298503
spectral_subtraction,p257_076,mid,10.66168573345281,20.295930983023354,1.9282915429686838,9.88235386631261,3.62030029296875,2.906998872756958,0.9660241940597775,20.36901782680243
spectral_subtraction,p257_077,mid,5.554817423037683,16.897805641467848,-1.0136609257364566,7.7569974377490665,3.3881161212921143,2.5433578491210938,0.9737987319005994,19.286217405316677
spectral_subtraction,p257_078,low,1.4310499929114084,13.101120221409237,-2.6627459327366467,6.680246945706594,3.3832809925079346,2.2929511070251465,0.9835293032329274,19.3665192859538
spectral_subtraction,p257_079,high,16.376993071127483,17.44983653721511,8.017646822093806,9.410752807258739,3.526803970336914,2.594553232192993,0.9745655412016636,17.67784425609714
spectral_subtraction,p257_080,mid,11.553481744144245,18.261226332515218,3.4597930810456488,9.425252857262779,3.2823925018310547,2.471618175506592,0.972805851286576,18.78950756066739
spectral_subtraction,p257_081,mid,5.050570261980047,13.67459608577101,-3.3940029708276076,1.9435349433767677,2.5471253395080566,1.7235541343688965,0.7580687996056108,13.48438671103798
spectral_subtraction,p257_082,low,0.935497444621573,14.065389322563986,-3.7694396760596676,4.578226445876284,2.385573387145996,1.7314884662628174,0.8775713513658654,13.960531550476844
spectral_subtraction,p257_083,high,16.047476866576,17.56436093405473,9.354464372854352,9.185575583317465,4.318793773651123,3.8962111473083496,0.9982937696914111,17.49449597280249
spectral_subtraction,p257_084,mid,11.29778553940952,19.057747178629445,5.0356616996269175,10.687610941701585,3.906960964202881,3.1705322265625,0.9853351523366322,19.00394844315037
spectral_subtraction,p257_085,mid,6.767265911363821,19.268974032249517,0.9753592603589117,11.387876346435071,3.2982821464538574,2.349398374557495,0.9569233869642361,19.267103162323977
spectral_subtraction,p257_086,low,1.4178280818607316,16.095110389635227,-3.0882930138967546,7.653879244627628,3.8123276233673096,2.6123876571655273,0.9315009439983258,15.987272264658506
spectral_subtraction,p257_087,high,16.056946632438653,16.974055122799196,5.612974941752428,6.517723132657526,2.4665098190307617,2.0071213245391846,0.8787350739968038,16.904567171937913
spectral_subtraction,p257_088,mid,11.64224936377648,16.38913635685807,4.3948169648938515,8.362378697482782,2.593935251235962,1.934882640838623,0.945050078418662,16.29960237689966
spectral_subtraction,p257_089,mid,6.453346667432296,13.395788243354453,0.3188713499526375,5.110378446757305,2.2254912853240967,1.5762321949005127,0.9096569845402707,13.194154355069646
spectral_subtraction,p257_090,low,0.25448007826241514,2.7666118228496517,-5.901658795460046,-4.673913600698323,1.509844422340393,1.116315245628357,0.6500722285146773,2.481952298857884
spectral_subtraction,p257_091,high,15.795392652818261,17.18199359110536,5.4581754245928815,7.130201191159104,3.4881210327148438,2.3783135414123535,0.9489078501941135,17.17796961453749
spectral_subtraction,p257_092,mid,9.694311620791753,14.062883126799408,-0.7516623994097396,3.058495708628428,2.8782594203948975,1.98598313331604,0.7979706618241095,14.193368842036708
spectral_subtraction,p257_093,low,4.626007086000875,10.506874809761218,-5.481704776028024,-2.2796293238916987,2.3543167114257812,1.3965306282043457,0.8490343327129967,10.281278003007472
spectral_subtraction,p257_094,low,-0.606677132658243,5.739957538557201,-5.867828527587479,-3.6700455613987986,2.051657199859619,1.1936759948730469,0.6972133059777532,7.397043282691337
spectral_subtraction,p257_095,high,16.55426375969894,19.612671591901705,11.166773695501298,13.197761563235874,4.342370986938477,3.8422460556030273,0.9973223807965698,19.880915112084306
spectral_subtraction,p257_096,mid,10.233395764131586,16.801074186052386,1.8643002599534395,7.214089647941304,3.869917869567871,2.716350793838501,0.9328632924577956,16.74355841878654
spectral_subtraction,p257_097,mid,6.004033912838734,18.759907429174508,-0.8250040876634641,9.075291990110468,3.684598684310913,2.8898465633392334,0.9716153746558941,19.060249484941828
spectral_subtraction,p257_098,low,-0.7404525013354436,14.605941501176108,-5.553548251433906,3.2271028775742328,3.0623109340667725,1.7741470336914062,0.7731869454504825,17.501940046852926
spectral_subtraction,p257_099,high,15.805948599116403,20.321469687625402,6.791172782658416,10.879772072775216,3.925977945327759,3.1246893405914307,0.9819447229522913,20.428251356815863
spectral_subtraction,p257_100,mid,10.123043300541003,18.630995652480223,3.0024774559135246,9.944707346124998,3.2317261695861816,2.0928494930267334,0.8775849024813951,18.591627541924368
spectral_subtraction,p257_101,mid,6.418764357867355,11.94199936437345,-0.311479286206613,4.052500682471475,3.0843796730041504,1.4290962219238281,0.9258497996531155,15.094542494900413
spectral_subtraction,p257_102,low,1.2622699439161633,11.11086930620875,-2.754962204303472,2.4593972421154424,1.9555844068527222,1.2768815755844116,0.8643891630379058,12.100679190661928
spectral_subtraction,p257_103,high,15.869949217415929,21.492075583549614,4.256622713359049,10.180136845963954,3.622170925140381,3.068361759185791,0.9827023783413643,22.30014006645048
spectral_subtraction,p257_104,mid,10.97252493996579,19.64950854400651,3.5673098097813676,11.18894142468347,4.213034152984619,3.6411993503570557,0.9346400655158452,20.001544318895604
spectral_subtraction,p257_105,mid,5.900063819454745,18.233040888269738,1.694381749490936,9.585344297418066,3.4539358615875244,2.348731756210327,0.893848634485833,19.58527913478451
spectral_subtraction,p257_106,low,1.452708254374527,16.285214239038467,-1.8416393211091557,8.905126596616352,3.2374417781829834,2.3149001598358154,0.9581009749149716,16.1914221276012
spectral_subtraction,p257_107,high,15.814028628034137,17.47276532593371,7.403615156504147,9.146035904834502,3.2761619091033936,2.4325478076934814,0.9188651488249656,17.409248480750115
spectral_subtraction,p257_108,mid,10.710722943235215,16.00300686547666,1.2235281779744487,5.364920250355224,2.6990959644317627,1.8837299346923828,0.9217292814593971,16.268328271348636
spectral_subtraction,p257_109,mid,6.414865025440555,13.488971960417873,2.2740786109522446,5.604106654383108,2.5410025119781494,1.7649240493774414,0.9495168164929197,13.35464629471905
spectral_subtraction,p257_110,low,2.039526249619029,6.484738232027038,-2.182747543888293,-0.2980798063352455,2.1590850353240967,1.2009092569351196,0.7293284625719415,8.777947350369422
spectral_subtraction,p257_111,high,16.68445126475391,15.10799416553234,7.491528601465,6.188933992492889,2.9341304302215576,1.9676780700683594,0.9327165664849916,15.045949854680643
spectral_subtraction,p257_112,mid,11.007320640612729,16.850777040744013,2.358344874062379,8.01981240539817,3.0311219692230225,1.9261245727539062,0.9337514397166624,16.771187222045867
spectral_subtraction,p257_113,mid,5.743516335931801,12.832255236772978,-2.0870787058202946,4.063319260959064,3.174684524536133,2.0452075004577637,0.8636674704576348,12.854263438245944
spectral_subtraction,p257_114,low,0.9199466710905027,6.818610539526155,-5.520369254339103,-3.1278276641063965,1.774349331855774,1.0578089952468872,0.7531595538638945,6.446708936699217
spectral_subtraction,p257_115,high,16.14317122958642,19.73083686463623,8.336600181294589,10.634407093710404,3.8566765785217285,3.0851998329162598,0.992098932330588,19.690659755001732
spectral_subtraction,p257_116,mid,11.74081209360317,19.721332762725254,5.959494940312756,11.751851073481614,4.016510486602783,2.556807279586792,0.9975155147102737,19.732280191550995
spectral_subtraction,p257_117,mid,6.4466057785704765,18.42150739305441,-0.719665513842263,9.4168051624596,3.1836328506469727,2.3278629779815674,0.9714036976588675,18.37738312849915
spectral_subtraction,p257_118,low,1.6683996131869148,20.111701247328135,-1.6205014809488427,11.97241323949278,3.0771267414093018,2.349090099334717,0.9887566283593756,20.391398136432237
spectral_subtraction,p257_119,high,16.260427431569873,17.271239228343067,8.240196942243243,8.038706814907242,3.868488073348999,2.942366600036621,0.9316588473519986,17.285786187408178
spectral_subtraction,p257_120,mid,10.057516310565758,14.083898461026028,0.14600829138892502,3.7556653038112247,2.221632957458496,1.3804206848144531,0.8650741489525354,14.170865384404262
spectral_subtraction,p257_121,mid,6.59899212903745,15.593747089471083,0.287005358285762,6.922438133062779,2.6983838081359863,1.8900928497314453,0.9291521764041186,15.81355880733298
spectral_subtraction,p257_122,low,0.18678355130444899,12.887098387703658,-5.119997820144311,2.1696865841154014,2.295208215713501,1.4187499284744263,0.8658751879405322,12.679223031578847
spectral_subtraction,p257_123,high,15.701741729559203,21.042401712875073,7.068089350036753,11.61853296899884,4.368725299835205,3.943263053894043,0.9982526751678871,21.009666184107054
spectral_subtraction,p257_124,mid,10.258629837143458,15.9979100909921,1.446599091987387,6.325243751647258,3.6826791763305664,2.4914543628692627,0.9449673390731169,16.36986373016578
spectral_subtraction,p257_125,mid,5.009577828638534,14.869446319177555,-3.061275076524051,4.331660896244293,3.119534969329834,1.7779293060302734,0.8010920407234402,15.865316103612198
spectral_subtraction,p257_126,low,0.2225297987222285,15.657725249839592,-5.340296891534159,5.151448871791757,3.432837963104248,1.868985891342163,0.8871626866921238,17.120290725828767
spectral_subtraction,p257_127,high,16.338693553752293,19.83788803258754,9.649292734349656,11.209993889727729,3.1666693687438965,2.491457939147949,0.9433881218706726,19.999455353355394
spectral_subtraction,p257_128,mid,11.34871587855078,16.500916042642217,3.9868667724330558,7.820709703130134,2.816505193710327,2.034991979598999,0.9507928786770315,16.437474589388103
spectral_subtraction,p257_129,mid,6.359505792418641,10.294805706135172,-0.9071372553582276,2.1552039226961246,1.9497721195220947,1.3673644065856934,0.7374298633347359,10.229965700692347
spectral_subtraction,p257_130,low,1.214853060740746,6.570572050084485,-3.6496019854020982,-1.2212338279536152,1.747287392616272,1.170977234840393,0.7540813287691674,6.068381446181762
spectral_subtraction,p257_131,high,15.203534201464084,17.91143259718519,3.2973515859659335,6.422246802231048,3.3140861988067627,2.5290114879608154,0.9513162818495525,18.409176843892155
spectral_subtraction,p257_132,mid,11.678629257302894,19.139211584117575,2.575198884065687,9.498946003613256,3.515820026397705,2.3073084354400635,0.9494333776852321,19.88734382396259
spectral_subtraction,p257_133,mid,5.8052384690011705,14.855039769618967,-1.8470762100492288,4.010078111645633,3.160940170288086,1.9947993755340576,0.9087623784798592,14.760851724929688
spectral_subtraction,p257_135,low,1.5833936630197019,7.0796414401105325,-3.5288341099217035,1.2867935289388654,1.8868319988250732,1.2870676517486572,0.8966357556122249,6.87221848630133
spectral_subtraction,p257_136,high,16.036393628239065,19.74128793237739,9.414470203492087,12.624156881896086,4.251006603240967,3.812547206878662,0.9962158150806507,19.70127678761212
spectral_subtraction,p257_137,mid,10.881615314972382,17.5832837808811,2.889405464357707,8.557247809935769,3.7476630210876465,2.6944003105163574,0.9368950824245463,18.270985879243707
spectral_subtraction,p257_138,mid,5.738544684001252,19.758374176239734,-1.3462431026613966,9.498425543616873,3.403017520904541,2.3977487087249756,0.942426889242825,20.057691424838787
spectral_subtraction,p257_139,low,0.10369841418299472,16.541670839784256,-3.7797924489105394,6.641300596445961,3.183701515197754,1.9988106489181519,0.8281349388529564,17.179045697619188
spectral_subtraction,p257_140,high,15.506780227062196,15.540979885960631,5.390820244459309,5.529021767446946,3.3962128162384033,2.2439026832580566,0.832825179343767,15.419956797915987
spectral_subtraction,p257_141,mid,10.965654618981384,20.481503827297338,1.01815487023181,9.428522222318968,3.33713960647583,2.3803277015686035,0.9610542551518213,20.492823138714733
spectral_subtraction,p257_142,mid,6.473482787194391,16.32802846647287,0.09944245881001597,7.9611046739551385,2.733966588973999,1.7990044355392456,0.907421711477966,16.226140573418977
spectral_subtraction,p257_143,low,1.2856452188942566,6.606021340870015,-3.1797087770395205,-0.3657772211757681,2.0619513988494873,1.0932228565216064,0.7716020358988274,9.369747941773651
spectral_subtraction,p257_144,high,17.05822545932672,15.114457616875303,12.84368777186733,8.849782145538002,3.9099113941192627,3.472226142883301,0.9966211493600698,15.104664429963739
spectral_subtraction,p257_145,mid,11.978250508168953,14.756685876200716,5.443032511070576,7.590439881589759,3.9289188385009766,3.314540386199951,0.9755122876775234,14.96384446787937
spectral_subtraction,p257_146,mid,6.118143482373623,16.68336786994462,-1.8097669843900597,6.728401589686892,3.1020772457122803,2.273277997970581,0.9368873934584615,16.65583601307101
spectral_subtraction,p257_147,low,1.7493788301556836,6.052058070443687,0.0334915189146812,2.1710730867878563,2.8047232627868652,1.8875569105148315,0.9447807187174087,13.375892164719671
spectral_subtraction,p257_148,high,16.44306844055585,14.94260529363295,10.673295261528487,7.375011755192185,3.483934164047241,2.6087770462036133,0.9736409651707795,14.834799021012358
spectral_subtraction,p257_149,mid,11.197464499593973,17.35102513089668,0.5240672382219034,5.4035526916733865,2.613189935684204,1.8596057891845703,0.9048141755548912,17.337665666694654
spectral_subtraction,p257_150,mid,6.009387443584178,8.096743981663604,-0.9777121985960628,0.8504849722181351,1.7378164529800415,1.1325687170028687,0.8153689745255172,8.244836998392612
spectral_subtraction,p257_151,low,1.2617289676467807,3.530511016974299,-4.176490819990987,-2.974219014050787,1.4261119365692139,1.112182855606079,0.666115146423312,4.642652632917578
spectral_subtraction,p257_152,high,15.57894656374705,16.852045582177155,6.590451553951186,7.959741805629097,3.727822780609131,2.5947744846343994,0.9047953214002216,16.762868085666312
spectral_subtraction,p257_153,mid,10.964002444427873,15.946118085711593,1.3629299215971418,5.950994226574774,2.9657864570617676,1.991074800491333,0.94098501013969,15.974117917519841
spectral_subtraction,p257_154,mid,7.165972538929282,10.100610066900966,-0.2453981634649353,2.0582039281384774,1.7664196491241455,1.2103056907653809,0.8689945535697712,9.83451481214341
spectral_subtraction,p257_155,low,0.774842732342716,5.987621757045114,-5.547815528891454,-2.161491759837068,2.3278896808624268,1.3077764511108398,0.8788416748416888,6.263193574761315
spectral_subtraction,p257_156,high,15.889298734939196,20.119696919537155,8.11053389640942,10.943958438484145,4.477778434753418,3.8442506790161133,0.9984166136791747,20.188130534274467
spectral_subtraction,p257_157,mid,11.551001190645025,19.892675405567047,6.594752508406113,13.093224125788254,3.9471728801727295,3.2786948680877686,0.9894508449368223,21.0429334709698
spectral_subtraction,p257_158,low,4.959611361096371,18.042331496444476,-2.3061689031548096,7.95869413736281,3.8043456077575684,2.5925302505493164,0.9404332449733466,18.013405237238537
spectral_subtraction,p257_159,low,0.4815078605427556,16.316953371296286,-2.778885537050304,7.819487499933086,3.002197742462158,1.930077075958252,0.9102913025718952,16.233649891004937
spectral_subtraction,p257_160,high,16.560319700247657,17.390812649549726,8.554845007999827,9.639573356009516,3.8874635696411133,2.5274386405944824,0.9614291988197853,17.32848833668132
spectral_subtraction,p257_161,mid,10.648131386458473,14.59623642127761,5.8687981367575235,6.942192569654647,3.893350601196289,2.472599506378174,0.9545201331215142,14.516550274945851
spectral_subtraction,p257_162,mid,6.489009303809299,13.642354934487965,-0.08624206952008848,6.282219818280664,2.605177402496338,1.7211322784423828,0.9364895039171948,13.457025658469119
spectral_subtraction,p257_163,low,0.9986911220984596,9.94418495474352,-4.193701924527596,0.626680702928321,2.241353988647461,1.4098567962646484,0.8621338225311932,13.632936942389108
spectral_subtraction,p257_164,high,16.54596553066384,22.25805635861263,7.102694077199413,13.63766908022827,4.098155975341797,3.455496311187744,0.9918248869564155,22.710659349785725
spectral_subtraction,p257_165,mid,10.094796732103667,17.39462690207043,4.61171432129565,8.011668223378791,4.01621150970459,3.1922028064727783,0.9808931134131017,17.392268650173968
spectral_subtraction,p257_166,mid,5.225423533511563,15.425947017439292,-1.8148618528421638,4.851403809458525,2.696249485015869,1.4238101243972778,0.8675448959623426,15.800883495522573
spectral_subtraction,p257_167,low,1.4341275895826398,13.10689715885849,-3.230064273651941,6.401928948817818,2.7484896183013916,1.8651177883148193,0.9343625116059617,14.404147633538038
spectral_subtraction,p257_168,high,16.390920726360502,19.54246313939616,8.501840359046307,10.451375660377927,3.3529059886932373,2.4997522830963135,0.9709207559647557,19.573159501672144
spectral_subtraction,p257_169,mid,11.267611152953334,17.039114361308876,1.3614297418181762,6.331265397808143,2.6293227672576904,1.8628408908843994,0.9465784607003777,17.184917297299435
spectral_subtraction,p257_170,mid,5.760715686141964,14.70712054100894,-1.5646241901499147,3.183074435657884,2.778045654296875,1.8788734674453735,0.881636566502568,14.558273668724562
spectral_subtraction,p257_171,low,0.8888768296365785,5.35865989958086,-4.259615161599819,-2.047233590479996,1.669032096862793,1.0564180612564087,0.7448461870671691,6.2249095399753775
spectral_subtraction,p257_172,high,16.85048454547691,17.582999292972307,7.983545076846356,8.765760097162238,3.318293809890747,2.3475496768951416,0.9363556655157995,17.53918067885221
spectral_subtraction,p257_173,mid,11.346044713489341,16.12355494702999,3.3201698896694474,7.35392922894705,2.769861936569214,1.9222735166549683,0.9140127776541593,16.384962294304543
spectral_subtraction,p257_174,mid,5.353181658018666,18.37992306344004,-3.2886912899286354,6.718024288266905,3.5641028881073,2.140840768814087,0.9224951043499938,19.472508925420215
spectral_subtraction,p257_175,low,1.4502490112352553,8.957207135389684,-5.4843636512836245,-1.478584534552921,1.9346773624420166,1.0904502868652344,0.8173458790905984,9.78749122915467
spectral_subtraction,p257_176,high,15.33099974854036,20.76080674060243,4.289645921751008,9.042261269120631,4.343216419219971,3.2805099487304688,0.9978641286286115,20.80775289189319
spectral_subtraction,p257_177,mid,11.604507658821186,18.92038619180422,7.90192360351434,11.674709022414941,4.099716663360596,3.5979957580566406,0.9881769720569434,20.095055970514476
spectral_subtraction,p257_178,mid,6.587502722847466,19.89729991080152,0.8639633026079361,11.351704136872296,4.095045566558838,3.2701845169067383,0.9934599368389442,20.26737402952906
spectral_subtraction,p257_179,low,0.008041895698570256,18.939610910932124,-4.916504348596843,6.411705766506805,3.5728769302368164,2.5214731693267822,0.9293850502928094,19.036681232030524
spectral_subtraction,p257_180,high,15.435748841931202,15.393004155653436,5.584707377576658,5.835398204306114,3.4048192501068115,2.2581772804260254,0.7931793986938087,15.308288766919835
spectral_subtraction,p257_181,mid,10.754440849296019,18.609242803884072,1.4858789393480027,7.94692733353209,3.544694185256958,1.2534632682800293,0.9410393271393344,18.860927369271067
spectral_subtraction,p257_182,mid,5.9960025824251195,18.233313333060867,-0.9683768532356148,7.794014739539129,2.86881947517395,2.2188539505004883,0.9359843374853775,19.27717195405301
spectral_subtraction,p257_183,low,0.18559879301521365,9.53948125135803,-4.678554877631314,-0.7360285475987437,2.264793872833252,1.0786137580871582,0.7950204318282965,10.88034872245485
spectral_subtraction,p257_184,high,16.388563846910063,20.75213493193032,7.8535465936007816,11.789134206195113,4.245487689971924,3.554288387298584,0.9970992461907744,20.806706846615878
spectral_subtraction,p257_185,mid,10.878286860132524,19.628818111401735,2.5774365998500866,10.502941858722473,4.021735668182373,3.2338199615478516,0.9896355614071473,19.92316316789165
spectral_subtraction,p257_186,mid,6.7154312593956265,16.848407758473087,0.6002305282674663,9.564483991501788,3.6422371864318848,3.0485479831695557,0.9838094601322696,18.91432610078405
spectral_subtraction,p257_187,low,0.37014456760718245,16.032626364615687,-4.767907290578629,5.920731598425272,3.8374154567718506,2.6569554805755615,0.9672372542805479,17.533373336462724
spectral_subtraction,p257_188,high,16.236412415140656,17.58375843263041,7.682208609908866,8.543582598673307,2.742053747177124,2.2170536518096924,0.9431176792286635,17.507671569878884
spectral_subtraction,p257_189,mid,10.734356435863585,16.58328416644366,2.1055208752532537,6.0725757925326835,2.9182307720184326,2.1349971294403076,0.9347011924204307,16.488563604248004
spectral_subtraction,p257_190,mid,6.439999953250867,10.722886102146154,-1.1723468394380845,1.9508358322423704,2.0017170906066895,1.4020648002624512,0.8150110561876711,10.430191073004023
spectral_subtraction,p257_191,low,1.6321634604284607,8.732804210343522,-2.5074949464377805,1.6347118478547433,1.7427895069122314,1.1802723407745361,0.8211530201581233,8.980292713934519
spectral_subtraction,p257_192,mid,14.320811308184975,16.86782188398679,2.183836781320697,4.812732785378813,4.017336368560791,2.9174551963806152,0.9081794573053508,17.71823912460998
spectral_subtraction,p257_193,mid,11.593118982084613,16.212636046624883,1.4125575899987606,5.963997615921494,2.4310362339019775,1.5540070533752441,0.9271826771886063,16.17033170362271
spectral_subtraction,p257_194,mid,7.049920602222796,14.189249102786512,0.3501402340898687,7.175372052166351,2.948050022125244,2.2388718128204346,0.9308507414413115,14.452392272556622
spectral_subtraction,p257_195,low,0.5055366998661083,6.9821657356213755,-5.1389524205827675,-1.7734233573408096,2.1347217559814453,1.315860390663147,0.8482171824123893,7.917295591781964
spectral_subtraction,p257_196,high,16.5212715421236,22.469336580507665,8.74981612405094,13.12241230555283,4.138431549072266,3.2969913482666016,0.9985827624213427,22.55036689612021
spectral_subtraction,p257_197,mid,10.436289962988035,18.42286637455911,0.6891115564540209,7.1479403915225745,3.244479179382324,2.452129602432251,0.9745789215143281,18.360179762760012
spectral_subtraction,p257_198,mid,6.456075468988594,19.103261245473554,1.3909488990695555,11.88877497478947,3.71740460395813,3.043691635131836,0.9857742976363282,19.049548408905167
spectral_subtraction,p257_199,low,-3.081986442958967,16.676608458543704,-7.043745982250048,2.3655842390545874,3.2865452766418457,1.822906255722046,0.5531717641667369,18.423760111697586
spectral_subtraction,p257_200,high,15.656267325876613,20.302720975852164,6.430247306101373,10.212905963977812,3.721757650375366,2.889993906021118,0.9657857167439486,20.726877966548386
spectral_subtraction,p257_201,mid,9.885990250690602,18.415196295326204,0.25804127975612745,5.96960079167855,3.0971009731292725,2.331465244293213,0.8794378926344355,18.461870727481706
spectral_subtraction,p257_202,mid,5.648756056402363,15.311080623248227,-1.8800972012142756,5.239447573872992,3.5323212146759033,1.949643850326538,0.892288883573757,15.86302034759761
spectral_subtraction,p257_203,low,0.832614681550265,9.747425990198057,-3.78859084850277,1.3653915799966652,2.0403947830200195,1.2517224550247192,0.8647478991538182,10.536412026406506
spectral_subtraction,p257_204,high,15.087047823215062,18.73084773379855,5.10125338371782,8.384470838849696,4.325593948364258,3.709671974182129,0.9770813410614104,18.759400151221385
spectral_subtraction,p257_205,mid,10.341082280305036,18.869336278383727,1.6348653219777343,8.669349356767125,4.264119625091553,3.47983455657959,0.9141788283469316,18.823396158476523
spectral_subtraction,p257_206,mid,6.481985566848971,20.093994639274637,2.153695137492906,12.458491548549114,3.53959321975708,2.900099754333496,0.9327055394056532,20.34869961211884
spectral_subtraction,p257_207,low,1.5940919347187574,15.537716940604032,-3.3490340290140233,6.892807152743548,2.9682698249816895,2.014204263687134,0.9387532681054376,16.48319666826656
spectral_subtraction,p257_208,high,15.610553428392159,16.448832542787592,5.7533280389426755,6.6808435701977995,2.8223111629486084,1.9996862411499023,0.8425191769338634,16.366943046224094
spectral_subtraction,p257_209,mid,10.503441717669205,13.103998813694727,2.6972662701881,4.454646579661683,2.3596882820129395,1.7873151302337646,0.8517313347917801,14.669443685191826
spectral_subtraction,p257_210,mid,5.786594318241724,12.990979714501963,-1.8715033917585666,2.210277071575157,2.445101261138916,1.3730906248092651,0.8272832889735031,12.770557235252822
spectral_subtraction,p257_211,low,0.9863344126293939,2.8729380781258347,-5.226363186757434,-4.503012389552608,1.390363097190857,1.1584573984146118,0.7651098252900156,2.9202030276018442
spectral_subtraction,p257_212,high,16.830593830266345,19.50016184576579,6.215841756118993,9.338335206796872,2.76548433303833,2.027230978012085,0.9730786256764405,19.53835067632569
spectral_subtraction,p257_213,mid,9.575395742680907,13.026828279543599,-2.098321101823208,0.7810422242502957,2.6354129314422607,1.7619946002960205,0.8922455370770177,12.942203345420566
spectral_subtraction,p257_214,mid,6.094069841324988,11.279163292738758,-4.145500336859939,0.22013539216012365,2.40921950340271,1.3159347772598267,0.7669033557532101,11.596334050803407
spectral_subtraction,p257_215,low,1.4596214091149924,8.480773078081455,-4.610434915613225,0.26616326763890186,2.4964935779571533,1.5443663597106934,0.8764681291091158,10.104995395791248
spectral_subtraction,p257_216,high,16.3857995571868,17.820130717509354,9.792320647050454,10.413452618745774,3.8724024295806885,3.089484214782715,0.9933099976368801,17.762722668698213
spectral_subtraction,p257_217,mid,11.454740708922548,19.104805147931863,5.319550848166447,11.627582152669577,3.8221628665924072,3.100461959838867,0.9840695584854945,19.07406338308823
spectral_subtraction,p257_218,mid,6.029067784933072,19.69398877229035,-0.6159568785685856,10.171943836141127,3.0014662742614746,2.3543882369995117,0.9364293281893576,19.65331179437083
spectral_subtraction,p257_219,low,2.157553529533062,16.574312206705766,-1.213747010727027,9.796149756916343,2.8584864139556885,2.08371901512146,0.94227626807698,16.532405447109554
spectral_subtraction,p257_220,mid,14.974822638084277,19.51847234244851,2.313525136148285,6.755144265417766,3.3084025382995605,2.5482685565948486,0.9548470154301469,19.505882382151242
spectral_subtraction,p257_221,mid,11.531552922443938,15.418021737905105,4.617994629564661,7.8250562016727985,3.572211265563965,2.5180017948150635,0.9429323780504555,15.309104870702265
spectral_subtraction,p257_222,mid,5.822823139785629,13.749490834298008,-0.2185574105573492,5.280527787576139,3.0339367389678955,2.0179603099823,0.8410901426459994,13.957991507426602
spectral_subtraction,p257_223,low,1.6731517409609176,12.107877111578258,-1.213784658252493,5.364940037614552,2.833822011947632,1.6434996128082275,0.9099190828444763,14.15471928734485
spectral_subtraction,p257_224,high,16.77985486407309,17.222561978193703,10.382708504909727,10.73700153798465,4.354654788970947,4.037957191467285,0.9993782581520668,17.1405135828982
spectral_subtraction,p257_225,mid,11.486751629911742,18.2592232047952,5.254851994780147,9.652418186687992,4.038259506225586,3.343977451324463,0.9889354396030408,18.327259019269906
spectral_subtraction,p257_226,mid,5.761665272125378,18.373781711675807,-1.7409938626213914,7.416753768672413,3.856908082962036,2.9212217330932617,0.973163237815344,18.511107900455478
spectral_subtraction,p257_227,low,0.6900166458522039,18.291350783929186,-3.7430089919568017,8.729504317745391,4.007173538208008,2.88845157623291,0.8296339214394532,18.229860840182425
spectral_subtraction,p257_228,high,15.849094988335967,15.912392869719202,12.008592536713335,7.659293573603246,3.9873111248016357,2.965040683746338,0.8751344992066697,15.828760473602284
spectral_subtraction,p257_229,mid,10.733119208855896,13.889162637181391,1.1708986212327979,3.2966422715927655,2.331695318222046,1.54729163646698,0.8324185519237529,13.777731798290862
spectral_subtraction,p257_230,mid,6.2893844145451405,9.602356879960107,-1.0914648069754882,1.314672833091362,1.8349063396453857,1.4121711254119873,0.8279822575553752,9.656771046947252
spectral_subtraction,p257_231,low,1.5642154497352043,3.7811109227255537,-3.7844236781321343,-1.6957698427270873,1.485437273979187,1.068569540977478,0.7631482179442692,4.040229583419888
spectral_subtraction,p257_232,high,16.818794050930496,17.245466053527483,8.744897957476995,9.28594893770688,3.0954017639160156,2.35725736618042,0.971350925341377,17.187804772513086
spectral_subtraction,p257_233,mid,10.731344487258909,16.214139079556073,0.39747422469135885,5.562329606665203,3.520066261291504,2.453152656555176,0.9208701893674609,16.289334155184484
spectral_subtraction,p257_234,mid,6.975604231685471,11.074474065065505,-0.15959030457735468,3.4510852434122876,2.1247429847717285,1.4623976945877075,0.9173169837908761,10.946107128084474
spectral_subtraction,p257_235,low,0.9495209819708662,8.202131801319878,-4.575825391952522,-0.004934725831530461,2.018768310546875,1.1015093326568604,0.8536088067685561,8.1580199976511
spectral_subtraction,p257_236,high,16.41174737312882,19.939284347880065,8.506012493560494,11.006626005889574,4.310828685760498,3.5320229530334473,0.9659182224584782,19.95526111217342
spectral_subtraction,p257_237,mid,11.575412366460693,20.6406328279473,4.4206986015582395,12.13984393569269,4.018446922302246,3.0957398414611816,0.9915456979394631,20.628185814208177
spectral_subtraction,p257_238,mid,5.588876090100625,19.260497735988153,0.3463660331382931,9.304584312266805,3.7517588138580322,2.8441355228424072,0.9594133472768371,20.39092589201205
spectral_subtraction,p257_239,low,0.8661718700075538,17.691103020682796,-2.7469967661233636,8.696395393799406,3.2122952938079834,2.093771457672119,0.9282780226001853,18.261792411156737
spectral_subtraction,p257_240,high,16.699079683129494,17.328017261217486,7.922808377043809,8.550885259459154,3.1379363536834717,2.433623790740967,0.8940431012440149,17.281710045015043
spectral_subtraction,p257_241,mid,10.41732412537128,16.94885854179587,2.0497062122927625,7.517501471493702,3.447739362716675,2.373138427734375,0.9719512214209397,16.944745709040532
spectral_subtraction,p257_242,mid,6.497607318594682,14.471021059083487,-0.748698718502695,5.187556979316269,2.569669485092163,1.8733816146850586,0.9220624033295406,16.202221636543314
spectral_subtraction,p257_243,low,1.245705495144608,15.163378690471827,-1.733738795433104,6.811568521818129,2.844088077545166,1.6372504234313965,0.9356528303191853,15.44778156864519
spectral_subtraction,p257_244,high,16.27664649858541,20.237822480769122,7.681951809913648,9.937320454238,4.364153861999512,3.4750211238861084,0.9963884744670881,20.312156490812537
spectral_subtraction,p257_245,mid,11.434702426360637,19.890176025859944,4.960317472320402,11.334435285864659,3.664486885070801,2.9025306701660156,0.9728302905403096,20.054210476822867
spectral_subtraction,p257_246,mid,6.324240139221875,19.63352793914757,0.6766022233570663,10.873770991028199,3.2266464233398438,2.47990345954895,0.9536383576940756,19.817323524383
spectral_subtraction,p257_247,low,1.4191324085736814,13.381556857900737,-2.118700714923229,6.8981980316253635,2.6063687801361084,1.8401055335998535,0.8688150973734097,13.222515025059671
spectral_subtraction,p257_248,high,16.434838528807422,21.82658068125455,11.21328657635826,12.338436196824047,3.7467823028564453,2.965336322784424,0.9818992077865812,21.98834468480008
spectral_subtraction,p257_249,mid,10.38353837546495,14.697155570815916,2.6531044635260432,5.404143328615054,2.7946434020996094,1.9352227449417114,0.9402722158552473,14.580851846877517
spectral_subtraction,p257_250,mid,6.081476364698808,14.839029993869811,0.6920448679816552,6.1822315593316315,2.925499200820923,1.844136118888855,0.9267698328370166,15.55763102471662
spectral_subtraction,p257_251,low,1.7960487639562888,12.234067036212558,-1.4212959424896219,4.961053590720825,2.113116979598999,1.2405915260314941,0.8805388733310122,12.047767354148196
spectral_subtraction,p257_252,high,15.734821069271813,16.925295840203095,4.40169137094591,6.023110565711789,2.8660359382629395,2.0118162631988525,0.8737633519334944,16.883564040395058
spectral_subtraction,p257_253,mid,11.273679836408428,15.767230601442144,1.609311832862949,5.771576548629446,2.4451241493225098,1.807013988494873,0.9242555998435719,15.680417907623138
spectral_subtraction,p257_254,mid,6.7635433490328385,12.139562123571125,-0.04062101201036126,4.0455507463559135,2.7306461334228516,1.858198642730713,0.896931968981084,11.99118219536333
spectral_subtraction,p257_255,low,1.1341607087552432,8.47466229320295,-4.8853923072116485,0.39341011559694783,2.344525098800659,1.6729170083999634,0.829770622980638,8.107892956469824
spectral_subtraction,p257_256,high,16.41944884744886,21.42278464472377,8.525743573760982,12.01953450540492,4.190313339233398,3.644209861755371,0.9904638242551715,21.607149736390532
spectral_subtraction,p257_257,mid,10.687710512262264,18.080672043461107,1.493631716701296,7.335176788112658,3.661694049835205,2.644871711730957,0.9855653159362284,18.038966869581724
spectral_subtraction,p257_258,mid,6.582137894067724,17.930066331050334,1.4007321777824548,10.25137359332716,3.5124409198760986,2.825892925262451,0.9587936453468149,17.8779957701022
spectral_subtraction,p257_259,low,-0.004614490266968178,11.710617029898154,-4.8015415800670995,4.0105082262647285,3.3283731937408447,1.9941976070404053,0.9358461557560219,19.42405029375206
spectral_subtraction,p257_260,high,15.66347263802794,15.86974922528963,5.54094901304938,5.958872913769745,2.257934093475342,1.8092243671417236,0.8381538842666665,15.83476269923464
spectral_subtraction,p257_261,mid,11.385976196130795,19.226659579722593,5.558174974318333,11.883118590152858,2.8493781089782715,2.270293951034546,0.9642496223708805,19.20109363749313
spectral_subtraction,p257_262,mid,6.919670510908733,16.81582855439949,1.8014643283749796,9.83988855720247,2.701810359954834,1.3026139736175537,0.9571511332378956,16.7329737109211
spectral_subtraction,p257_263,low,0.4452121137897419,5.759277165708804,-5.910922063095423,-2.7067571261019103,1.6496869325637817,1.0789446830749512,0.7938519151896897,6.0962095966536625
spectral_subtraction,p257_264,mid,14.573351690162044,22.321153475668723,1.250991115644012,8.17888467435578,3.653210401535034,2.5775537490844727,0.8892921394457356,22.664481743441947
spectral_subtraction,p257_265,mid,11.336793301598986,21.348288381688896,3.95552161950312,12.491981454283906,3.5530433654785156,2.9031317234039307,0.9896072349349351,21.471797325990693
spectral_subtraction,p257_266,mid,6.040424460804973,17.376059194420506,-2.2400232003849765,7.008479931366287,2.934354066848755,2.272470712661743,0.954711578166648,17.32715073625275
spectral_subtraction,p257_267,low,0.42674563900093493,13.318680916198025,-5.12217583949983,1.9025703509131218,2.8106515407562256,1.7888004779815674,0.8691572720926489,14.515091940809091
spectral_subtraction,p257_268,high,15.976991642018685,17.809999867643825,5.522075713951643,7.244884754612349,2.7512400150299072,2.034764051437378,0.8675110638421527,17.80588930765806
spectral_subtraction,p257_269,mid,10.782679063094044,16.19324131599066,3.95807276239911,6.641765038024701,3.1209123134613037,1.8454666137695312,0.9161417162982511,16.576320620642917
spectral_subtraction,p257_270,mid,6.133191425163487,9.308911067153364,-1.4405182682798496,0.8229446374355679,2.164560317993164,1.3613969087600708,0.7543479988725406,10.140431277667156
spectral_subtraction,p257_271,low,1.678882378672998,4.1988361293134,-3.60539602819737,-1.7592898143211637,1.5627899169921875,1.181350588798523,0.76355716390956,4.381888598977561
spectral_subtraction,p257_272,mid,14.636908002796723,18.61474937159462,2.606634201339312,6.0611233330984104,3.7472290992736816,2.337458372116089,0.8967225926225271,18.687724182053795
spectral_subtraction,p257_273,mid,10.82469130709085,14.581312368799054,-0.5258374727831032,3.3187940911335367,2.766340732574463,1.74705171585083,0.9229059548282401,14.54995305606163
spectral_subtraction,p257_274,mid,5.1103808300699995,12.699902480359036,-4.076284776676594,1.566858048393127,2.59529185295105,1.703028917312622,0.8305392870074201,12.559296152082641
spectral_subtraction,p257_275,low,1.6102343529198997,12.251805673150669,-3.1700921616111004,4.1364294046406975,2.202303171157837,1.3991292715072632,0.9030078440180296,12.419469620514487
spectral_subtraction,p257_276,mid,13.51890463745683,19.853560348514034,1.3528055901966225,6.550712078651242,3.5107946395874023,2.729637861251831,0.871800457823359,19.92328010573373
spectral_subtraction,p257_277,mid,11.35531800423566,19.262326104289926,4.518594710298824,11.138843340451293,3.4850893020629883,2.6055688858032227,0.9811649731251538,20.903294061633495
spectral_subtraction,p257_278,mid,6.137749947963389,19.897136998834547,-0.6376052907420452,9.347700807440757,3.6068758964538574,2.9037625789642334,0.9783740059063629,19.927484525749627
spectral_subtraction,p257_279,low,1.4868004599403077,19.110789025441935,-2.231310840197268,10.54619304033354,3.531989097595215,2.6281347274780273,0.9907832931849624,19.070908914204498
spectral_subtraction,p257_280,high,15.884258337276389,19.8700598183228,7.446325388037401,10.044795319896009,3.9318110942840576,2.9075634479522705,0.9844464446458615,19.949209246808756
spectral_subtraction,p257_281,mid,9.994183444020713,17.576976279435556,0.6288437962306798,6.105916190593774,3.1537015438079834,1.9677813053131104,0.8947139678390887,17.60393074868353
spectral_subtraction,p257_282,mid,5.330963647887806,14.562961370056648,-0.9887536921719047,3.960190547714809,2.3110461235046387,1.7475966215133667,0.9331396438481229,14.828665369415042
spectral_subtraction,p257_283,low,1.4032239331100362,11.5829317749204,-2.283520389591069,4.3170087588602435,2.7679529190063477,1.723868727684021,0.925840778848246,15.0437193368849
spectral_subtraction,p257_284,high,16.388912911503304,20.72694200484524,13.069365179312683,11.66643229634779,3.8149209022521973,2.8939425945281982,0.9739780930962606,20.690200843898452
spectral_subtraction,p257_285,mid,10.024204469887785,19.360290886669254,-0.4761963218262058,7.07747524830091,3.794177770614624,2.9059395790100098,0.9369238757493463,19.940341221359443
spectral_subtraction,p257_286,mid,6.048156687374197,21.547547773440428,1.3221533469124231,12.782289806321026,3.7080490589141846,2.789332866668701,0.9719480764770962,22.63722275208257
spectral_subtraction,p257_287,low,0.09483102492760093,15.621757475122365,-4.202569046527684,5.2725539749200925,3.440143585205078,2.829464912414551,0.9713023701567911,19.303868142666325
spectral_subtraction,p257_288,mid,14.819839258319771,15.583715514543934,3.2331129914122108,3.9986233382307557,2.6183507442474365,1.8862709999084473,0.7834214204340587,15.550757456132704
spectral_subtraction,p257_289,mid,10.802902019726838,15.513396728388782,0.20570152116598303,4.063576737265167,2.822824478149414,1.7868547439575195,0.8489127762031522,15.527054507797775
spectral_subtraction,p257_290,mid,6.167196061707093,9.548984444454389,-1.0876672668993252,0.9929874383812004,2.206319570541382,1.3847688436508179,0.8712343011381938,10.027583704610104
spectral_subtraction,p257_291,low,-1.333620576024398,7.931326211167573,-6.455411826073984,-3.82631163819344,2.3929660320281982,1.0406452417373657,0.6035232938513097,8.62675608544965
spectral_subtraction,p257_292,high,16.607344225784324,19.89922345610897,9.39970288641221,12.515015780737711,3.4333159923553467,2.86344838142395,0.9556040913346878,19.87576486107639
spectral_subtraction,p257_293,mid,10.004665850223367,13.661211779332753,-1.4419476539212333,2.057043779691431,2.687880754470825,1.7129652500152588,0.7966724836337923,14.030301885464397
spectral_subtraction,p257_294,mid,5.828345928214834,14.862407979742972,-1.6277668091107997,3.9975909971338326,2.553990602493286,1.7337113618850708,0.9378006160492672,14.931219849182035
spectral_subtraction,p257_295,low,0.5787309223404942,5.39692148751384,-5.636956757383293,-3.4429105574709333,1.9950487613677979,1.2069274187088013,0.8260360778106041,6.319676024527809
spectral_subtraction,p257_296,high,15.860750170819903,20.399549411345134,7.3685915860814974,10.452458175990449,4.050551891326904,3.3708598613739014,0.9575216131689861,20.405188444612058
spectral_subtraction,p257_297,mid,11.299215003365415,18.72310993669548,4.4858061944528504,10.809322396750261,3.994752883911133,3.215298652648926,0.9946455694385105,18.666292352801527
spectral_subtraction,p257_298,mid,5.872555994447507,17.736723476386928,0.3576105815602152,9.04858862462218,3.7076096534729004,2.7976930141448975,0.9329171972214998,17.81776981641825
spectral_subtraction,p257_299,low,1.509575794803917,19.45409910858349,-2.044553109277228,11.03523138853651,3.4337003231048584,2.628814935684204,0.970008039924599,21.723055873974985
spectral_subtraction,p257_300,high,15.600991498589634,17.578593955443242,5.212647450283865,6.648763424679084,3.6187405586242676,2.811333179473877,0.8781688743999603,17.503794754632352
spectral_subtraction,p257_301,mid,10.051294197942456,18.102471687707975,0.41230482762517423,6.469082476088831,3.328061580657959,2.5575268268585205,0.8490194485076652,18.044352462784968
spectral_subtraction,p257_302,mid,5.627609087300042,15.511287008845088,-3.8279192629388303,2.2045152257979423,2.7630741596221924,2.134108781814575,0.9728607846479572,15.392520152908606
spectral_subtraction,p257_303,low,0.878673115698303,9.178796167474882,-3.6655194061104845,0.40931600730845613,2.134456157684326,1.2287392616271973,0.8183229285791916,9.587541951340572
spectral_subtraction,p257_304,high,15.875235860306194,16.461386302804442,7.024990350158845,6.916991819631801,4.3927836418151855,3.9150099754333496,0.9730640868278218,16.474322368838934
spectral_subtraction,p257_305,mid,10.438288046983796,20.77179402811998,1.1103841466332267,10.632075710159254,3.118450880050659,1.9412901401519775,0.9310432585469266,20.735679823912783
spectral_subtraction,p257_306,mid,6.828389686825311,13.049366702099901,2.2136158441068194,6.237415524289615,3.9628331661224365,2.6879656314849854,0.9888675183900801,13.646395497816805
spectral_subtraction,p257_307,low,1.534026707931323,18.297512539213066,-3.8554469424702766,8.966415687125544,2.9108200073242188,2.14066743850708,0.9584729583925934,19.074599798638637
spectral_subtraction,p257_308,high,16.13904482117545,18.845414781848977,8.113138158381352,10.33139395533245,3.101186513900757,2.3167519569396973,0.9476854470156989,18.876336891186305
spectral_subtraction,p257_309,mid,9.305951914267238,14.713864570860283,-1.8228656959621576,2.46365139822401,2.8233463764190674,1.8317985534667969,0.7986802418235689,14.739846687112106
spectral_subtraction,p257_310,mid,5.186299062738717,9.79813585442854,-3.0798777414213965,-0.2837089676740044,2.023858070373535,1.3395562171936035,0.7934656163059368,9.430678476797365
spectral_subtraction,p257_311,low,1.3502110555260916,6.842754883684245,-4.167545763540474,-1.339514883320287,1.7718621492385864,1.1640912294387817,0.7742464618706868,8.016683538874661
spectral_subtraction,p257_312,high,16.172240032545172,18.798425740221013,5.1450841264387615,7.7611948553438195,2.9024178981781006,1.988469123840332,0.931673747513175,18.788961170725994
spectral_subtraction,p257_313,mid,10.578535268098667,16.241730915773516,-0.2909510838649136,4.786212426471327,2.7547607421875,1.9630177021026611,0.8986310030421054,16.247529833498483
spectral_subtraction,p257_314,mid,6.641924423509792,11.94860755372964,-0.3235543674817935,5.413447802181075,2.4569785594940186,1.610787272453308,0.9307265745441641,11.737588314667455
spectral_subtraction,p257_315,low,0.516376124581541,6.841233235777101,-5.539374314050018,-2.8176905985070446,1.7262202501296997,1.1504435539245605,0.7352071831421818,7.396298832391
spectral_subtraction,p257_316,high,15.787298366927462,18.480067730317415,6.537471391994266,7.846806604150371,4.1132917404174805,3.0469186305999756,0.9805547678706122,18.41945483555954
spectral_subtraction,p257_317,mid,10.810451599000066,20.100207863341137,1.6835471104875248,9.417185301232303,4.152701377868652,3.0486974716186523,0.9886325159551118,20.066462135464892
spectral_subtraction,p257_318,mid,5.47027715761862,18.8010535631407,-0.8582839501717545,8.35491416465307,3.8188986778259277,2.892489194869995,0.9120031974542839,20.122880858790975
spectral_subtraction,p257_319,low,1.4377871096365067,16.839662985169884,-0.8077307288803423,10.431725746298266,2.992459297180176,2.1576180458068848,0.952710425112915,19.525303437523483
spectral_subtraction,p257_320,high,16.423033812167354,19.97609018711489,10.494981479076143,13.935383976868412,3.8444693088531494,3.3245205879211426,0.9807075729018397,19.956514796987886
spectral_subtraction,p257_321,mid,10.668761859771067,19.023519798493737,3.9485634822297406,9.45533908373532,3.4571802616119385,1.262816071510315,0.904957274731517,18.987660082366276
spectral_subtraction,p257_322,mid,5.120517280831098,13.60176524258948,-3.0434157402307087,1.7970763649862824,2.698117256164551,1.1326978206634521,0.8724797677068611,13.731061844056512
spectral_subtraction,p257_323,low,1.2876260734049563,11.993922328146706,-4.33157340739891,2.3401913779269914,2.9435627460479736,1.1388810873031616,0.8706562374335223,12.429849691629594
spectral_subtraction,p257_324,high,16.6466456408175,21.007888799490196,10.29232663231829,13.726195157610706,4.341667652130127,3.8515470027923584,0.9957798442476606,21.243350846830484
spectral_subtraction,p257_325,mid,10.413371307341464,20.46039788082684,1.593592297028335,9.988963944278101,3.976297378540039,3.094132423400879,0.9918261780898221,20.4213099562887
spectral_subtraction,p257_326,mid,5.9374091359629935,17.660290849621184,-1.600211557275647,7.174213134962247,3.8877906799316406,2.962102174758911,0.9878914800776902,17.585661029463154
spectral_subtraction,p257_327,low,0.31965001338055754,15.588238335189464,-5.532131856483212,5.088738023012893,2.818084716796875,1.9247114658355713,0.9014086400880529,15.479314647259912
spectral_subtraction,p257_328,high,15.225637927570293,20.30957449741233,4.6761918838999055,8.523642204949644,3.1803553104400635,2.4937686920166016,0.8815941658736229,20.269571623240527
spectral_subtraction,p257_329,mid,10.327482309418702,14.924566769780682,0.944442075312732,3.86527156927233,2.6194875240325928,1.7712434530258179,0.8355056935057138,15.104492407714671
spectral_subtraction,p257_330,mid,6.469482234226179,12.481481490285582,1.830285638448006,5.81061743820179,3.1852900981903076,1.5520764589309692,0.9426777979321604,15.150656626868294
spectral_subtraction,p257_331,low,0.9791108366250333,4.255351520337551,-4.672947786820641,-3.034499520756353,1.5660003423690796,1.2003828287124634,0.754962234015652,3.6608250494486865
spectral_subtraction,p257_332,high,16.51515168279133,18.608166089895207,7.662584839036985,10.026389128590717,3.06203293800354,2.201554775238037,0.9665418614943065,18.566437623343997
spectral_subtraction,p257_333,mid,11.106897462284795,16.44544788293493,1.2829438610599089,6.3151040866978505,3.3562564849853516,2.350446939468384,0.9684083752719185,16.40143095302414
spectral_subtraction,p257_334,mid,5.427404240599673,13.522948254194656,-2.7949265949962165,4.207014102305111,3.0319266319274902,1.9971188306808472,0.8282665818404964,13.560876372864563
spectral_subtraction,p257_335,low,0.5214691538830828,7.138494778201773,-4.265862558026963,-0.9435054947607261,1.8688455820083618,1.2916141748428345,0.7968223253558924,9.192423716539802
spectral_subtraction,p257_336,high,16.33419273334172,22.24763544845802,7.200826946152932,11.730164434373936,4.240417957305908,3.134453058242798,0.9977785139686415,22.22873507172748
spectral_subtraction,p257_337,mid,9.78600846472785,15.55345965144635,0.4774129786624753,5.422171981365732,3.262911558151245,2.2878754138946533,0.9162886157586407,15.457866858247833
spectral_subtraction,p257_338,mid,5.982094114366738,19.425816264158932,0.8579690133044114,10.543728107582222,4.126145839691162,2.8765506744384766,0.9173529875960028,19.508841726275236
spectral_subtraction,p257_339,low,1.574009967574932,17.967176437740733,-2.9090355406254003,9.443492622419967,3.470982789993286,2.7616488933563232,0.983359832260111,19.012120718569477
spectral_subtraction,p257_340,high,15.590726432739984,18.188613470686555,8.174347779329379,8.541622621873843,4.153992176055908,3.0365211963653564,0.977657888649316,18.2208751549626
spectral_subtraction,p257_341,mid,11.163020754306297,20.288629876610113,2.7167064832887973,10.350284759483374,3.4521679878234863,2.5447771549224854,0.9829871297155904,20.24893358839528
spectral_subtraction,p257_342,mid,5.3820534360139884,17.508680180350453,-1.7615728889284963,6.626687885692356,3.1125378608703613,1.19700288772583,0.9205526223459524,17.446241864674363
spectral_subtraction,p257_343,low,1.3294784559805506,13.004533229222195,-3.208595499068217,4.880125242977626,2.6466989517211914,1.502844214439392,0.9297599541148941,13.290853793419359
spectral_subtraction,p257_344,high,15.754319845212681,20.67285322685413,9.75803838071343,12.57501910376545,4.269810199737549,3.2968239784240723,0.9779936018565526,20.645856263878738
spectral_subtraction,p257_345,mid,11.448723582192509,19.459243778102795,6.3444617372480705,11.7057861028379,4.113893508911133,3.6829710006713867,0.9798510328893101,19.409821279463348
spectral_subtraction,p257_346,mid,6.090632270315092,19.84031711686507,-0.6565585009313495,9.51026799009604,3.6474130153656006,2.667757987976074,0.9463301764751563,19.79852445028626
spectral_subtraction,p257_347,low,1.522027147036297,12.51440284961231,-3.914101045408692,4.521875810368397,2.6574792861938477,1.8944103717803955,0.8901567091862952,15.441850781310297
spectral_subtraction,p257_348,high,15.955517908400603,17.89450556297616,5.416915562828724,7.209861282731439,3.1172053813934326,2.2548396587371826,0.9429714978836264,17.8240753971131
spectral_subtraction,p257_349,mid,11.018771937601704,16.667040373102967,2.9968453697794413,7.158811278636563,2.3358731269836426,1.7634143829345703,0.9284400722811682,16.57273715429756
spectral_subtraction,p257_350,mid,6.944879640556919,11.030542805973877,1.1104716596049033,4.338589276230266,2.152667284011841,1.4036774635314941,0.9128396036271883,11.865542018126572
spectral_subtraction,p257_351,low,1.421135692050097,4.886947049044411,-2.147925507703711,-0.10596464910634457,1.6627519130706787,1.2091572284698486,0.7767465679610629,4.886288424901359
spectral_subtraction,p257_352,high,16.067217223377586,17.88612841338191,5.430236739261855,7.566763700381418,3.690417766571045,2.7890336513519287,0.9337027666652997,18.05893098759897
spectral_subtraction,p257_353,mid,10.500930330268298,15.15530025034926,0.38136604729379525,4.4014993018572035,3.113138198852539,2.056109666824341,0.9095485562835357,15.311052541031858
spectral_subtraction,p257_354,low,4.929908050406335,10.775388776224515,-3.9812197908828386,-0.06531712156978463,2.4492318630218506,1.5753486156463623,0.8054911829289337,11.170163955832885
spectral_subtraction,p257_355,low,1.2941894488058088,4.258273447360439,-3.9686359445000274,-1.5573850342052884,2.100734233856201,1.3708252906799316,0.8876090077545592,6.027757577579901
spectral_subtraction,p257_356,high,15.662191355262014,21.299764744037052,8.400014638253692,12.170872996939787,4.334750652313232,3.2582225799560547,0.9964969243991758,21.304889298704765
spectral_subtraction,p257_357,mid,10.91737243454292,20.58639277388517,2.731598223755041,10.963889558147692,4.2343244552612305,3.344886064529419,0.9983933295789534,20.746045078658348
spectral_subtraction,p257_358,mid,6.639122119975402,18.299129089017484,2.0734880299780754,11.715822808964662,4.083840847015381,3.4337007999420166,0.9773840011727226,19.84116811416509
spectral_subtraction,p257_359,low,1.0203722577377097,15.194143358939169,-3.8907359407171143,7.112351078631165,3.4241602420806885,2.513529062271118,0.9650231420867326,17.482513769256165
spectral_subtraction,p257_360,high,16.4104065684148,19.10696749477182,9.198184358881234,11.734151759874115,3.648853063583374,2.9489569664001465,0.98915161470747,19.05651283151397
spectral_subtraction,p257_361,mid,9.899335014969951,19.335994139936183,0.3512221652636004,6.8880202829372426,3.4462015628814697,2.2203776836395264,0.9515034310544256,19.450486716193616
spectral_subtraction,p257_362,mid,5.1054543451618075,14.562899001150216,-3.4235815982190165,2.217807885364989,2.6091675758361816,1.450907826423645,0.9134904734995116,15.155305984120954
spectral_subtraction,p257_363,low,-0.010297103122045395,12.70092659995358,-4.834133867734798,1.0280502590652365,2.337073802947998,1.0903403759002686,0.7639157602828217,12.675201859314729
spectral_subtraction,p257_364,high,17.084067681898947,18.122802723857486,14.255378672691068,11.824430225462573,4.412671089172363,3.7690112590789795,0.9980769816176416,18.06129473872652
spectral_subtraction,p257_365,mid,10.557344003740639,19.627031051592873,2.932922675740405,10.42735278698364,4.081188201904297,3.3928117752075195,0.9862842799354309,19.68558314118077
spectral_subtraction,p257_366,mid,6.625956810832947,14.659216721203173,2.094018997377664,8.964276351521598,4.177900791168213,3.391420364379883,0.9897897726527626,20.21424547195494
spectral_subtraction,p257_367,low,1.6583220983104228,14.4527172296206,-1.386735862998359,6.726297264456158,3.0240378379821777,1.7545502185821533,0.9754889813271265,14.517471375285318
spectral_subtraction,p257_368,high,15.79370130488086,17.356858601220047,5.475864462965642,6.915027937460773,2.834390163421631,2.282909631729126,0.925471167200478,17.283451529717986
spectral_subtraction,p257_369,mid,10.383336557647787,20.257759188259925,1.6871220892808407,8.063583991763597,3.255077838897705,2.4571800231933594,0.9277003826492279,20.236598881312148
spectral_subtraction,p257_370,mid,6.138899995812956,10.4391422139887,-2.649044606917203,0.41460156734369796,2.0437629222869873,1.4375951290130615,0.8105492111267689,10.254269253317696
spectral_subtraction,p257_371,low,0.4253551758264702,9.306298953299043,-2.5702249169793063,1.7917120811106904,2.991189956665039,1.3073891401290894,0.9141251449344834,11.916649476340561
spectral_subtraction,p257_372,high,15.978296937291038,19.079704937013634,6.922075955118008,10.355109904937253,4.093274116516113,2.9387855529785156,0.993069739423925,19.05362185011051
spectral_subtraction,p257_373,mid,10.542305742967892,16.411640448693003,2.6825083039466926,7.801113205464423,2.6629104614257812,1.9186294078826904,0.9381756606231141,16.31687263153443
spectral_subtraction,p257_374,mid,5.808880181763859,16.827202340556685,0.06078388793268088,7.3568112216974315,3.3006722927093506,2.2181193828582764,0.9330186408532677,17.247470930441224
spectral_subtraction,p257_375,low,2.0616652708091383,5.491583936583605,-3.7579331414841044,-0.9474996131607527,1.7869315147399902,1.0974916219711304,0.7535242567451648,5.885907882646977
spectral_subtraction,p257_376,high,16.735258348026605,13.109052688874831,8.885507007124321,6.430002939373066,4.007076263427734,2.8771822452545166,0.8912223505951551,12.9178213034287
spectral_subtraction,p257_377,mid,11.02258732763052,21.08488474387049,4.150184944620601,12.127319419505318,3.8928778171539307,2.6647582054138184,0.9420019307684676,21.053211629821096
spectral_subtraction,p257_378,low,4.7097004045813415,16.48446053991078,-4.021051404935854,4.952040885816158,3.450615167617798,2.5737223625183105,0.7786066338939257,16.615408926403607
spectral_subtraction,p257_379,low,1.301630293349019,10.33724997935426,-2.239692644166119,5.085391641468645,3.2088623046875,2.3810019493103027,0.9651110947136485,17.699596831036672
spectral_subtraction,p257_380,high,16.255370071808233,18.653862959884822,8.845162026714721,10.724894387703227,3.5610086917877197,2.4535281658172607,0.9896504928992618,18.97654181864357
spectral_subtraction,p257_381,mid,10.992484982984346,17.763322862356965,1.9071407679004555,7.660822962937502,3.1972877979278564,2.297788143157959,0.9279449460700658,18.021087178110765
spectral_subtraction,p257_382,mid,5.067746729129902,13.199222667799074,-3.0089063167462995,2.0441693484831673,2.6236560344696045,1.7712966203689575,0.8979976010972742,13.639163967161846
spectral_subtraction,p257_383,low,1.6164138280719915,13.764986017174472,-3.3257004654561353,4.339305348838552,2.3640236854553223,1.2316473722457886,0.92348286521071,14.284311453802736
spectral_subtraction,p257_384,high,15.786920218254306,20.74582198171781,7.5166396417165355,11.288512144493177,4.162932395935059,3.298354148864746,0.9658015250310868,20.929521984280647
spectral_subtraction,p257_385,mid,11.537749169872377,15.02758507879349,3.632903967915259,6.302664006758005,4.04822301864624,2.9267349243164062,0.9369196940200367,14.959603611990737
spectral_subtraction,p257_386,mid,5.450645318995538,19.893821295857254,-1.5316735394943024,9.339598969746554,4.103774070739746,2.9510838985443115,0.9813123945908084,19.84915388356245
spectral_subtraction,p257_387,low,-0.6810108024285859,11.465431681973485,-6.122403842842872,0.9073595647295091,2.6791625022888184,1.1082789897918701,0.8372120004538048,14.334810313666305
spectral_subtraction,p257_388,high,16.04424054808549,18.913296939477153,6.3919935088347275,7.59965144244051,3.2756035327911377,2.227623224258423,0.9607686778678161,19.828691036489783
spectral_subtraction,p257_389,mid,11.857434011598807,15.515263118796936,4.618010212191859,7.338932081509396,2.620790958404541,2.023860454559326,0.9410299184975309,15.884322777206975
spectral_subtraction,p257_390,mid,5.996592860070664,12.027428136612892,-1.8172312456875135,1.71925575843384,2.2271015644073486,1.542592167854309,0.8958534305120428,12.125494514673838
spectral_subtraction,p257_391,low,1.4506360080752438,11.846887751609511,-3.0133297339778737,4.052585474499868,2.4997408390045166,1.485943078994751,0.8463346015158559,11.595874958897685
spectral_subtraction,p257_392,high,16.853624171511132,19.134626503446018,7.95187206931649,10.162612070093898,3.489816665649414,2.579860210418701,0.9855269085691192,19.085638812734484
spectral_subtraction,p257_393,mid,11.079778128413258,16.23230560918772,2.8055172040667045,7.6466480321614245,3.3155362606048584,2.4874672889709473,0.9494041957886586,16.153762746401654
spectral_subtraction,p257_394,mid,6.420030600830813,15.456813490985844,-0.5189344066622983,7.903563728765269,3.1074135303497314,2.23105788230896,0.9631592192128013,15.40301157896488
spectral_subtraction,p257_395,low,1.0897008793758898,4.433415440492024,-4.277437827482415,-2.1573177930293697,2.153421401977539,1.3733190298080444,0.8963599038333235,4.80784278014003
spectral_subtraction,p257_396,high,15.762296706174103,19.82079078433533,7.710425457719591,11.06378027964635,4.38469123840332,3.5568878650665283,0.9956450403690513,19.948920364432233
spectral_subtraction,p257_397,mid,10.376443333779994,20.268511249611763,1.762411060759335,10.00654375609707,4.245535373687744,3.356449604034424,0.995268528934837,20.494894980246418
spectral_subtraction,p257_398,mid,5.3904837914098955,19.37724007191308,-1.3255196553961317,9.064515413626708,3.6771113872528076,2.0969717502593994,0.8732326213015476,20.1129190116102
spectral_subtraction,p257_399,low,1.750645088778613,18.108504729353147,-2.9915324304037787,9.128495224376051,3.3749101161956787,2.640962839126587,0.9858621470409722,18.60006178550111
spectral_subtraction,p257_400,high,15.655341805512194,20.470801228551153,6.286467263837097,10.263986544393848,3.6016578674316406,2.8362491130828857,0.9076300780170197,20.43166635665782
spectral_subtraction,p257_401,mid,10.26569035007515,16.458877826043143,-0.1538755058761262,5.279133708778932,2.9871649742126465,1.9831087589263916,0.9210785279933419,16.361782347179094
spectral_subtraction,p257_402,mid,6.380214105072623,16.581030139788655,1.9641114626108667,8.791947500216812,3.303704261779785,1.7151002883911133,0.963360719281624,16.599654352150214
spectral_subtraction,p257_403,low,1.0430403772778325,13.059699080935907,-3.39471124346965,4.570196264605535,2.5650863647460938,1.9876246452331543,0.9305050883961952,12.87022932145975
spectral_subtraction,p257_404,high,15.222253916547832,18.380999057410165,7.366995892182905,8.464097232232968,4.270645618438721,3.528313636779785,0.9184512588763287,18.381335010273116
spectral_subtraction,p257_405,mid,10.626429607854046,18.839753628057302,0.10734418290182876,8.417034105850059,3.1464927196502686,2.380711078643799,0.8946603756019872,18.826702278719804
spectral_subtraction,p257_406,mid,6.545836815478311,17.728716183523325,1.5818927734952393,10.28877720960044,4.075172424316406,3.604045867919922,0.9836112706779102,19.07544421869543
spectral_subtraction,p257_407,low,1.3695580224173365,16.009709902159226,-3.1925169879635455,8.409542813079364,3.525566339492798,2.5575945377349854,0.975743630769598,18.655734481400458
spectral_subtraction,p257_408,high,16.158623506988988,16.472598417497867,5.635265470160091,6.027904929798721,2.790872097015381,2.215054988861084,0.9326930762988993,16.37977072168455
spectral_subtraction,p257_409,mid,10.098274071262745,16.25947547257007,-0.9892474299759159,2.782085716398177,2.6126632690429688,1.9206271171569824,0.8977368526476259,16.17870834194949
spectral_subtraction,p257_410,mid,6.5784080079088545,15.938308307458426,1.1929456895516664,7.338235396670402,2.9105725288391113,1.7339704036712646,0.9361430195132829,16.213264151918384
spectral_subtraction,p257_411,low,1.8096293342400307,10.857299033919809,-0.7848059284827675,4.283456934753388,1.980748176574707,1.2466858625411987,0.8954104695058763,10.823679935480905
spectral_subtraction,p257_412,high,15.28688152986492,20.837559836199134,3.783468860379784,8.84053338123301,3.8966634273529053,2.641833782196045,0.9829670515652434,20.81791269221563
spectral_subtraction,p257_413,mid,10.981548136140935,16.171689629531055,2.190215615953529,7.345306756286298,3.112138032913208,1.9019345045089722,0.9382943842953447,16.083435949392207
spectral_subtraction,p257_414,mid,6.454198965740049,14.875888355158775,-1.3397413422309012,5.879867572396914,3.2513670921325684,2.3135602474212646,0.9187880770489946,15.670584619609873
spectral_subtraction,p257_415,low,0.6692530443864015,8.955765644820314,-4.99102059407286,-0.4794311308195544,1.994126796722412,1.5106101036071777,0.8404785623549541,9.672376933326351
spectral_subtraction,p257_416,high,16.015811213386318,22.26339573824522,7.141372316220246,12.450675932962577,4.151370048522949,3.466848611831665,0.9967739225397054,22.422140421242666
spectral_subtraction,p257_417,mid,10.385983877907792,22.66071223632889,-0.35021835878791896,10.061150985466861,3.6488053798675537,2.887799024581909,0.9896139692836833,24.491369762411765
spectral_subtraction,p257_418,mid,6.299320137984421,20.107329442475486,0.5214932213931083,10.77130760726862,3.142646074295044,2.3564021587371826,0.9521142445795736,20.627486073203983
spectral_subtraction,p257_419,low,1.0645980836421147,18.160461948248603,-2.922496857731758,8.64299184029912,3.6006431579589844,2.5453903675079346,0.9647437607863487,18.52481942672243
spectral_subtraction,p257_420,high,15.151142148996454,20.458015520966093,3.9639819926490367,8.306446336275055,3.7944841384887695,2.6627025604248047,0.9773625756645526,20.503030581206684
spectral_subtraction,p257_421,mid,10.287918293538077,18.203191822383378,2.3647980094497605,7.708860036552845,3.7545206546783447,2.456922769546509,0.8518616527144655,18.15115262940708
spectral_subtraction,p257_422,mid,6.448492168410304,11.094501194424847,-0.3367653180670993,4.190956698200309,2.018688917160034,1.4580867290496826,0.8465850100027867,11.070951187295869
spectral_subtraction,p257_423,low,0.3499491807957521,12.596575781426523,-4.537105079144383,2.212915139455616,2.59006404876709,1.0894373655319214,0.9117362539073008,13.476734823799376
spectral_subtraction,p257_424,high,16.593330612230506,21.66040819528096,8.766963585414011,12.45164769146443,3.92327618598938,2.770720958709717,0.9812886211238511,21.631523386144845
spectral_subtraction,p257_425,low,4.7991625402783935,15.455756933672271,-2.8357488569321623,5.004984818033804,3.3512580394744873,2.45184588432312,0.8948967422672314,15.74470798375846
spectral_subtraction,p257_426,low,1.1936222733246755,6.4102832844715385,-4.3035398211003,-1.142168391273456,2.1207730770111084,1.1664295196533203,0.8422987661872888,8.655539117940863
spectral_subtraction,p257_427,low,1.024359158414862,4.4815339953414535,-4.147372244749678,-2.211129304688623,1.5781482458114624,1.0848342180252075,0.7156100370752219,4.706272182023024
spectral_subtraction,p257_428,mid,11.167578571680504,18.32268983818173,2.9352910694162264,9.78096793082838,3.4430739879608154,2.8393657207489014,0.9693920111393843,18.288536555227804
spectral_subtraction,p257_429,mid,9.998056266731945,14.140092629101845,0.9683930747277808,4.966420851391449,2.7279319763183594,1.896405577659607,0.836279855838439,13.973842224304772
spectral_subtraction,p257_430,mid,6.650070809986114,10.29681922261178,-0.1060625264534381,3.152439804182722,2.307462692260742,1.5524117946624756,0.8771736307713273,10.066861211619075
spectral_subtraction,p257_431,mid,6.2782497587402775,12.633980976694168,-0.7197919742524268,4.435437876310648,2.3313920497894287,1.6397054195404053,0.9117842103442136,13.667005587662164
spectral_subtraction,p257_432,mid,9.937230895654602,15.745178956177178,-1.1152400756883447,3.3385670338631015,2.7539238929748535,1.0916657447814941,0.7468877645918961,15.752815992499166
spectral_subtraction,p257_433,mid,10.302933227286266,19.131016038622736,0.20297510711600675,8.217508514141633,3.5172624588012695,2.5460448265075684,0.9729151373985886,21.24494398389233
spectral_subtraction,p257_434,low,0.30021139538668123,18.37635520344799,-4.600316750060813,6.750481723357871,3.4861419200897217,2.536130905151367,0.8842491925418364,18.488590989279572
wiener,p232_001,high,15.478143175658591,18.989514085593065,6.76163176073041,9.175983986174451,3.948774814605713,2.8608744144439697,0.8979309485044124,18.947064928238298
wiener,p232_002,mid,11.314868438515354,18.324904371048433,6.16787037656566,11.446473684540816,3.671804666519165,3.2193431854248047,0.9696379091503624,18.26075507523266
wiener,p232_003,mid,6.719148613320238,16.086956971386414,1.8017472035388342,9.359244814823432,3.950800657272339,3.198946714401245,0.9712377993264739,18.370176062847765
wiener,p232_005,low,1.8546827150956735,7.312608549305374,-0.16645663084208548,4.724202684120934,2.2012553215026855,1.5114891529083252,0.8821700305490784,8.526024227192755
wiener,p232_006,high,16.857150803045947,17.015982691998822,10.583334487105049,10.060033115173637,2.9795312881469727,2.4200119972229004,0.9609218322283161,17.959322944613447
wiener,p232_007,mid,11.813771415956893,13.775071084633467,6.01249040905986,7.205897543131229,2.4473094940185547,1.8426140546798706,0.9328877935428305,13.648870780935825
wiener,p232_009,mid,6.788503370430386,14.289622330269623,3.3343673957546325,7.061694569432537,2.861119031906128,2.0115795135498047,0.9607469242202858,14.535627890714311
wiener,p232_010,low,0.9066936168060327,4.207422040737275,-4.257409955820757,-3.1640698565229615,1.7170170545578003,1.2859458923339844,0.776774321350853,4.856078419544229
wiener,p232_011,high,16.80851183214259,17.055496024148592,9.712284950287906,10.744231568037183,3.765545606613159,2.9917848110198975,0.9625405214123809,17.259788001523226
wiener,p232_012,mid,11.899547131884843,15.743879041359328,5.946006265924582,9.461954244263664,3.3712432384490967,2.3878538608551025,0.9651175880819757,15.641645618369251
wiener,p232_013,mid,6.7993187540295725,10.585258842632797,0.9457219260197094,3.914116855395907,2.4011518955230713,1.6677796840667725,0.9471393758901615,11.605075395096392
wiener,p232_014,low,1.9937545450060483,12.38371442037215,-1.3078113863063514,6.066728318373974,2.4841198921203613,1.636246919631958,0.9139291026603273,12.133318671208768
wiener,p232_015,high,16.952566714241165,17.857199964466496,12.06420933737392,12.865263545305346,4.329046249389648,3.9556570053100586,0.9945827648555301,18.223344184785006
wiener,p232_016,mid,11.993816376941611,17.84706794491065,7.68018333247171,12.891756872959029,4.2678632736206055,3.708575487136841,0.9909879893515914,17.85220648001643
wiener,p232_017,mid,6.436223794677417,17.6966815917644,1.1254763990014154,10.508166634534039,3.983549118041992,3.1152219772338867,0.9932878085153154,17.707404116894196
wiener,p232_019,low,2.05202120766863,16.4333210061155,-0.4817869421034928,10.522578630215225,3.3438568115234375,2.6218507289886475,0.9795401244168415,16.408095867729116
wiener,p232_020,high,16.239052020647037,16.719796831777597,8.525427979186547,9.8266008758211,3.717960834503174,3.143122911453247,0.9630508625636972,16.908798319376288
wiener,p232_021,mid,11.91520498819386,18.727317865143387,8.192230154682823,12.166040364078569,3.6103360652923584,2.978008270263672,0.9761608114406647,18.74183398899312
wiener,p232_022,mid,7.010128622490606,15.475402023437251,3.3511775685009866,10.0586140760437,2.8504440784454346,2.13519549369812,0.9699418264050705,15.478363649789863
wiener,p232_023,low,1.975597133592271,9.992993803206495,-1.404250576707713,3.6793276028041926,2.419053554534912,1.6002802848815918,0.9378675781411123,12.476344155442094
wiener,p232_024,high,16.804554579919447,19.351841210283954,12.381128370655501,14.89728095894041,4.356727123260498,4.0790205001831055,0.9963258221091257,19.37081527591962
wiener,p232_025,mid,10.63833546702772,17.836888273733035,2.0479282874631735,9.154936149493453,3.886354446411133,3.1489527225494385,0.9736126245270476,18.234997448616255
wiener,p232_027,mid,6.707315105384194,18.412879470852126,2.4808984771947755,12.530375431790342,4.076940536499023,3.4547860622406006,0.9857253180343898,18.70823484016264
wiener,p232_028,low,0.21379736377215422,9.918617908807816,-4.734614912454818,0.6420940531505882,2.086526393890381,1.5191340446472168,0.7930730300859503,11.570647452987657
wiener,p232_029,high,16.499056520506077,16.731901727617135,6.715958163072995,7.304922182765426,2.6582350730895996,1.9463834762573242,0.9739794174325591,16.640103254482383
wiener,p232_030,mid,11.7221696627976,18.013836843867555,6.6267607470605085,10.45806464262983,3.0571134090423584,2.206486463546753,0.990363845176372,17.96375949616007
wiener,p232_031,mid,5.534739998961802,14.54439442497379,-1.2538811075072966,5.033689124232033,2.8295958042144775,2.0186760425567627,0.7811499910915224,15.702589841429566
wiener,p232_032,low,1.7380253836068134,4.847495146665327,-1.8207158228084943,0.07067642897110366,1.622288703918457,1.1750954389572144,0.7616307694974034,4.380899439755856
wiener,p232_033,mid,14.94594265231197,16.587365877954536,3.144327417663852,6.525011279820823,3.928819179534912,2.753565549850464,0.8468704154748996,17.281446329608777
wiener,p232_034,mid,10.135034478735363,12.8168391743905,1.4049551040630262,4.539841685824859,2.569570779800415,1.5574674606323242,0.8656556419436524,12.640288710286118
wiener,p232_035,mid,6.651044785913879,12.68152413482113,1.832597734303441,6.1585586383837425,2.881730318069458,1.966612696647644,0.9708303133170149,13.494651912987031
wiener,p232_036,low,1.4849481256358747,6.4235264179739335,-2.7539650359267607,0.24748467632212878,1.9060261249542236,1.231576919555664,0.8235251661111517,6.114579971238038
wiener,p232_037,high,16.568257948848167,17.641080850677472,10.582391697114234,11.226897478592539,4.221871852874756,3.893557071685791,0.9986539856285591,18.492812908162122
wiener,p232_038,mid,10.95000106571957,17.710192827941967,2.8615003327783106,9.075176870394362,4.125814914703369,3.026982545852661,0.9477755006749317,17.822666089607875
wiener,p232_039,low,4.424833539765899,16.10936228481326,-3.910373183297428,5.029168291455247,3.346895456314087,2.1907477378845215,0.7763301712765903,16.041417333625315
wiener,p232_040,low,0.5144927894750544,17.147345856152228,-2.8883489204583643,6.773494338687004,3.3438830375671387,2.653810739517212,0.9905387274892217,17.072733127482916
wiener,p232_041,high,15.8302599533922,15.822537738983957,5.599998217791084,6.218462569774893,3.2713377475738525,2.4439308643341064,0.9060675518572896,16.2728652933063
wiener,p232_042,mid,11.242292028164085,20.37697490874647,4.842938976472098,11.111234157363175,3.7659711837768555,3.1949026584625244,0.9979428722110926,20.557014873280984
wiener,p232_043,mid,5.842319289834076,13.482841782041863,-1.778469495886671,2.8915155170506646,2.375335693359375,1.8977360725402832,0.8565158151041329,13.574437144931641
wiener,p232_044,low,-0.16832474639331726,5.324332910274464,-4.398926965431922,-2.2050935484812824,2.0009500980377197,1.4263442754745483,0.7760903307877219,7.726349737745353
wiener,p232_045,mid,14.375762550428924,17.591912047644442,3.285426213519644,7.535370986370299,4.348809242248535,3.798424243927002,0.9629248988161088,19.06907030651979
wiener,p232_046,mid,9.9272578306204,17.06370722543879,-0.6075520734585211,5.169480939791298,3.1894309520721436,2.173945426940918,0.823961586972461,16.997006862589355
wiener,p232_047,mid,5.701990973358938,14.900056389459781,-2.2495159561841387,5.701676247859071,3.133849859237671,2.3167953491210938,0.9396785857538892,15.259866464217106
wiener,p232_048,low,-0.6700592158933245,11.483565076462451,-5.17619883134678,1.205567141276193,3.0360898971557617,2.112790584564209,0.7019406829236704,11.68388446241385
wiener,p232_049,high,16.45011767729699,18.596919518838288,10.675544990887799,11.150323495054987,3.6484477519989014,2.883932590484619,0.993995133902554,18.537862169836792
wiener,p232_050,mid,10.500093341844032,14.497389927920617,1.0876179126338343,3.966173836077254,2.864297389984131,1.8804211616516113,0.9057673388846708,14.556889815190486
wiener,p232_051,mid,5.142898417342757,11.627881780244724,-3.424468054836418,-1.0468478296308583,1.7781727313995361,1.6320908069610596,0.8757174747815997,11.800631387255171
wiener,p232_052,low,1.1820050130212798,3.0120825544504832,-3.2734522471014804,-1.9330657878436106,1.6540108919143677,1.1974841356277466,0.728428007910444,3.004269805252402
wiener,p232_053,high,15.469257763697446,17.440268663267446,5.826312509457594,8.123303541786374,3.4067580699920654,2.633538246154785,0.9619391188578255,17.520525223382535
wiener,p232_054,mid,11.711591299388642,16.214440850783433,4.8549012092180295,8.525106972828409,3.2574591636657715,2.4281513690948486,0.9779088477396982,16.53046064806635
wiener,p232_055,mid,5.271980029993268,14.03010671603787,-1.6153665798950956,5.210752117712332,3.281181573867798,2.283376693725586,0.8746270622128588,14.121200599700988
wiener,p232_056,low,0.5889679341923114,4.681034514823996,-4.142809477932212,-1.908342253734346,1.9973442554473877,1.3302788734436035,0.8048215260823184,5.780966546443727
wiener,p232_057,high,16.07944909894978,17.708065827230236,7.461364529821506,9.165547166563902,3.9427239894866943,3.025036096572876,0.9801801574853285,17.8651760941583
wiener,p232_058,mid,11.737444100180403,17.126283921006674,8.035026865561662,12.122732973608231,4.02468204498291,3.5111374855041504,0.9724370493625121,18.26827840076511
wiener,p232_059,low,4.690482116164279,15.958464016310092,-3.216716865450228,5.6934918786760305,3.4300827980041504,2.492501974105835,0.8017612880905163,16.865860485028755
wiener,p232_060,low,0.09649512643968934,12.817158586470587,-4.145686572498152,4.035712463249081,3.3476250171661377,2.362725257873535,0.8475571385701718,15.280986181673343
wiener,p232_061,high,16.568240052229775,18.209109722747634,8.459649203641712,10.868576473755041,3.533489942550659,3.0197947025299072,0.9922062702007058,18.232957111730464
wiener,p232_062,mid,11.398477353318183,17.783546406373027,3.7331738958583753,7.961144728737817,3.080650568008423,2.26816987991333,0.9736967785351345,17.89891418237295
wiener,p232_063,mid,5.446013534272679,14.090946392861397,-0.7587678087674772,3.6011595556147515,2.875636339187622,2.231912851333618,0.9822980673119412,14.413105748288702
wiener,p232_064,low,0.8810715214857596,11.043293401326741,-4.141750572105143,0.5710025581469362,2.1496267318725586,1.723846197128296,0.9408504925265201,12.402985542258591
wiener,p232_065,high,15.203076703245044,13.644470912032086,4.521135335742883,3.9286777933588883,3.222261667251587,2.3218212127685547,0.9309302250166623,13.48406102899821
wiener,p232_066,mid,11.474704298276164,16.11289590683856,6.5212827908089865,9.766820966816109,3.4328043460845947,2.7745354175567627,0.9738645994325336,16.814066051672057
wiener,p232_067,mid,6.279873929943785,17.824777343085035,0.6468437132672267,9.459791640213894,3.5009186267852783,2.8702945709228516,0.9619441314771258,17.752530645852637
wiener,p232_068,low,1.355301859092335,15.4158965166498,-1.1608505113809109,8.96974124616386,3.5666117668151855,2.7478294372558594,0.9526415319490308,15.333593384613028
wiener,p232_069,high,16.36325010641325,18.493919763832707,8.874341815427707,10.480775893239256,3.1384689807891846,2.494319200515747,0.9761308009186404,18.52977389120853
wiener,p232_070,mid,11.27739654707912,14.940448705056422,4.622485973200154,7.72413788148626,2.6911065578460693,2.0827102661132812,0.920760643256074,15.604729244003394
wiener,p232_071,mid,6.194990125042872,9.868479838468078,1.7643415214157834,2.003067623289087,2.3496949672698975,1.575635552406311,0.8683747767453117,10.537946181622837
wiener,p232_072,low,0.882892186597829,7.086256708641089,-3.0680590895876025,-0.241094409510247,1.7681300640106201,1.238459825515747,0.7356989403605485,6.144085838630739
wiener,p232_073,high,15.43246281120257,17.92534493443421,2.31073223843043,5.239834296184089,3.4216115474700928,2.6743149757385254,0.9963886809075159,17.92305955793117
wiener,p232_074,mid,11.220078781819243,18.98959468170949,1.9075605248323502,7.75932080065742,3.5585389137268066,2.3408384323120117,0.9208647748258412,18.939639157975385
wiener,p232_075,mid,6.21158112060594,12.258053852582602,-0.4419628949693139,3.0292411373294477,2.593540668487549,1.8336215019226074,0.9705624585611546,13.144919749250283
wiener,p232_076,low,0.8183809639355315,7.598729490164652,-3.417052808920441,-0.29602172636689744,2.3751943111419678,1.447648286819458,0.8367932526789567,6.773524869404462
wiener,p232_077,high,15.133797582132491,17.227878868806012,5.009166402816261,7.237412640249177,4.31578254699707,3.2089877128601074,0.9120194580259376,17.66119111316818
wiener,p232_078,mid,11.050493547825564,18.896711621158936,3.385371886136685,10.238018304359453,4.212998390197754,3.4087796211242676,0.9977053005564137,19.04033257109341
wiener,p232_079,mid,5.906648542170593,18.147874794538666,1.089599286939879,10.28845856121583,4.122608184814453,3.0761213302612305,0.9522364820648533,18.528556017164387
wiener,p232_080,low,-0.7084165621259059,15.876224736964264,-5.457355650791562,2.0277825023847464,2.8317384719848633,1.8087315559387207,0.9451267024459904,16.589644043374847
wiener,p232_081,high,15.7419667576657,18.468375174805942,7.743680559837646,10.927706454229307,3.549053907394409,2.8942673206329346,0.9363918305733219,18.407092072434143
wiener,p232_082,mid,10.286033398998187,12.093366293189733,0.18063313659420427,1.880399033922315,2.260403871536255,1.549676775932312,0.8420015080195435,11.818765598819477
wiener,p232_083,mid,5.423723203455582,14.062842233341753,0.39716607076597765,4.8071340700943255,2.7509632110595703,2.0927257537841797,0.8883787435735134,14.14839847438106
wiener,p232_084,low,-0.3059274093520855,11.949090763518168,-3.871234086092423,1.5522990602310942,2.297617197036743,1.5162872076034546,0.8769342236776365,11.734925071414619
wiener,p232_085,high,15.836123529394792,20.45330480817753,7.040960423549436,11.284198099334727,4.360509872436523,4.100983619689941,0.9969523316547776,20.93341969992213
wiener,p232_086,mid,10.723775296935834,16.824534609274473,3.081479013090971,9.181371409217842,4.095684051513672,3.3390657901763916,0.9845938874087318,17.84480336218818
wiener,p232_087,mid,5.796226717942164,18.623262524286922,0.15572651753630865,9.474966129493291,3.9251716136932373,3.23236083984375,0.9447912697876963,18.800884839747106
wiener,p232_088,low,1.456020667829045,13.031695359934133,-1.1252376721180708,7.105732290276798,3.2219197750091553,2.383347511291504,0.9329197465332075,16.119013631182074
wiener,p232_089,high,16.21915630739612,15.64523937444566,7.331988514778394,7.817315290130311,3.1775901317596436,2.3466527462005615,0.903937174594862,15.75435659105674
wiener,p232_090,mid,11.398379617999367,16.42352080020878,4.801581208625869,7.597309745640106,2.5732803344726562,1.9932746887207031,0.9651814854345355,16.403923406383594
wiener,p232_091,mid,5.280443493226226,11.213613645161898,-0.972059418163667,1.560797817697494,2.232361316680908,1.7077391147613525,0.9122564343427881,10.90744551685951
wiener,p232_092,low,0.5620798484616649,8.939708867672277,-3.6486393045251693,-0.11915633331416142,2.3411784172058105,1.6534020900726318,0.8425139847758368,10.680141025835454
wiener,p232_093,high,16.096022492351974,17.523135879440993,7.104713150667237,8.522783212209042,3.2274365425109863,2.5969488620758057,0.9248110131195001,17.449340926287224
wiener,p232_094,mid,11.490006162780347,15.74897731485054,4.200047450790601,7.63298588679902,2.7826156616210938,2.0426182746887207,0.9524528222473798,15.875148771877125
wiener,p232_095,mid,7.439109500392424,11.139523484608167,2.6901262367378744,6.0385960793405244,1.853636622428894,1.187118411064148,0.8889674745479512,10.817249707668225
wiener,p232_096,low,0.8413553704039041,7.310847625591185,-4.414304697583549,-1.427475829043764,1.8679001331329346,1.1849794387817383,0.7801997374987588,8.525262762978107
wiener,p232_097,high,16.3644918227414,17.855279557562323,8.194074563582912,10.147720996444262,3.484513521194458,2.7455739974975586,0.995471422029074,17.79501091099043
wiener,p232_098,mid,11.114011928132912,19.620490948514977,4.03178555183647,10.741967520339944,3.4369335174560547,2.2586991786956787,0.9372294154682983,19.953298359267222
wiener,p232_099,mid,6.375333047633324,20.009079852666606,1.9968406356188477,11.75809455852014,3.898138999938965,3.35441255569458,0.9858381995596063,20.48178788178526
wiener,p232_100,low,0.2559964386777005,15.496831117139793,-4.21313804551275,5.544041907187672,3.690455436706543,2.6404082775115967,0.8800988886715682,15.54601286132241
wiener,p232_101,high,15.759480056097704,19.101201390624883,4.787243191310367,8.40596459535036,3.6902291774749756,3.2111849784851074,0.9921915930411718,19.219582310960053
wiener,p232_102,mid,10.750743238766452,16.756228190111827,2.5896855472823237,7.370630824634113,3.3987197875976562,2.5341296195983887,0.8980666640067304,16.86502550894503
wiener,p232_103,mid,6.653319183879876,12.448435347187601,1.7560774815712485,5.652789490040545,2.3763983249664307,1.769061803817749,0.9066375330983877,12.25156404588203
wiener,p232_104,low,1.273775746046616,12.574026868019605,-2.020780396973793,4.14354950892668,2.6816177368164062,1.8646856546401978,0.9239372860419816,12.576240050425323
wiener,p232_105,high,15.429730015209643,16.78170597460836,5.5057142034913005,8.22666125366703,4.321316242218018,3.5461580753326416,0.9657867660675311,17.411203574936604
wiener,p232_106,mid,11.152456569808093,19.519491396382335,4.183856031482502,11.757657727085641,4.298378944396973,3.635120153427124,0.9831475535065283,19.69588797124101
wiener,p232_107,mid,6.195830303790057,18.47529044776618,0.5813308326698028,10.243990422351684,4.174096584320068,3.532438278198242,0.9647803654282862,19.52803866319258
wiener,p232_108,low,0.4609489314468247,12.443741162216659,-5.064426590893881,3.69608292412065,2.9607698917388916,2.2315304279327393,0.9159734791842177,16.846471519110153
wiener,p232_109,high,16.60339602341139,16.421307802365533,9.844523141588166,9.699062875364968,3.246896266937256,2.540739059448242,0.9714631044553538,17.233807417874782
wiener,p232_110,mid,10.950392828301664,12.550719185253286,2.5293863756102213,3.246747282861929,2.0960378646850586,1.5623092651367188,0.9179687084847195,12.359567629856048
wiener,p232_112,mid,5.400221810958726,13.392601436721376,0.0040983283504499955,3.5615453391773486,2.757706642150879,1.965834379196167,0.8966305305356808,14.376156153426772
wiener,p232_113,low,-0.2162371493095648,6.25177736789714,-4.863982565596019,-2.5578358714269984,1.6809536218643188,1.3247601985931396,0.6669101900480473,5.126520659238356
wiener,p232_114,high,16.835240798247256,16.381515433038096,9.53883082965631,9.655705327685355,3.6332128047943115,2.7109529972076416,0.9503937724552595,17.198348105409845
wiener,p232_115,mid,11.416770654919146,15.974968708690913,4.736577500610868,8.255993014427153,3.142622232437134,2.3717098236083984,0.9459189584969474,15.866261617507
wiener,p232_116,mid,6.006708813089588,16.209272071291277,-0.7827039915792295,5.8309705855175435,2.6801064014434814,1.7526185512542725,0.9254685593029154,16.44829021198281
wiener,p232_117,low,1.7208154608387936,8.789420190186476,-1.9342719830173583,3.7674747934459782,2.1140825748443604,1.3276405334472656,0.8953486183711413,8.824877637624116
wiener,p232_118,high,16.33650306851513,17.88715762316118,8.220259390254633,9.877391595409804,4.033876895904541,3.537224292755127,0.9892318951408461,18.94287083214348
wiener,p232_119,mid,11.219717644644069,18.603111823061443,4.5715383427770355,10.13789991085855,3.83927059173584,3.0871219635009766,0.9479391242508053,19.01100374617556
wiener,p232_120,low,4.952655601179238,16.76322299941946,-1.2985987530443568,6.737777345553929,3.630662202835083,2.8572139739990234,0.9162405444908363,17.600551167174572
wiener,p232_121,low,1.5250594602647571,3.3004696707127894,0.1752889960526791,2.2117766628995255,3.5115504264831543,2.521017551422119,0.9629847242335458,14.018981013380092
wiener,p232_123,high,16.69124123832897,17.54780565343088,9.56692465668555,10.289992279031322,3.6489622592926025,2.9979968070983887,0.9729482439680405,18.73022751159866
wiener,p232_124,mid,10.070422248448219,17.843936521424176,1.654147127861109,7.028140624411755,2.8799567222595215,2.4604196548461914,0.913739864439207,17.820177634754536
wiener,p232_125,mid,5.334158544498855,14.296143156162426,-1.3880767446931919,3.4161528746210994,2.544903039932251,1.893294334411621,0.8374662446134385,14.147434208490019
wiener,p232_126,low,0.9020065535568017,10.193318983203932,-3.1560178936015126,1.9394004981531672,2.260483980178833,1.6814327239990234,0.8896246747348346,10.779686131345
wiener,p232_127,high,15.732943904165024,19.566053260579817,6.213868605319623,10.217895359633296,4.2424702644348145,3.8027753829956055,0.9940117360505873,19.585445970480905
wiener,p232_128,mid,11.143908653175336,16.768177083264696,2.5694167273067854,7.227705134325977,2.7136523723602295,1.8324984312057495,0.9844360684337788,16.675852377567924
wiener,p232_129,mid,6.652450581300993,17.986959983159508,5.619545116088509,10.465081302408409,3.2973718643188477,2.627504587173462,0.9804610668493587,17.997127972264018
wiener,p232_130,low,1.235702270305818,11.298645607824405,-3.049302212644077,3.5205138391399777,2.3243250846862793,1.6975743770599365,0.97380403129484,12.863863593594228
wiener,p232_131,high,16.49187891769592,18.75402836809605,8.176022484136434,10.230188557300634,3.3264713287353516,2.6792147159576416,0.9748138431163467,18.883528737616267
wiener,p232_132,mid,10.691262629271314,14.043976153340306,3.0691223641609975,5.855711001861044,2.5623953342437744,2.097776412963867,0.8437726296831312,14.045709045110206
wiener,p232_133,mid,6.231469313143037,11.193824360370801,-0.4272930551424368,2.2175190418599695,1.824427843093872,1.282299518585205,0.8678114577008169,11.004920908988783
wiener,p232_134,low,0.482558878555408,4.741911913193216,-5.103919640525353,-3.2249131771806874,1.8595045804977417,1.2632067203521729,0.7647261582626725,4.667869739429143
wiener,p232_135,high,15.572231562874112,16.507115501624288,4.471578040941366,7.097624823311952,3.7420756816864014,2.8065152168273926,0.9408746017041022,16.90416218763132
wiener,p232_136,mid,10.08796659786833,12.980199488849244,-1.480305297608803,0.722749101364413,2.484680414199829,1.6956150531768799,0.7781660445234179,12.764434964144122
wiener,p232_137,mid,5.260138996259015,10.63007455825417,-3.065622188573401,0.8665654184819305,2.564833641052246,1.892591953277588,0.927024693718307,12.04068286335306
wiener,p232_138,low,0.36343016025511926,9.99133295324801,-3.900810223973358,1.7366306780510314,2.848422050476074,1.975616693496704,0.7804494794495174,10.971763356097615
wiener,p232_139,high,15.993149384920645,20.906134410750873,6.837032259103696,11.439278243317313,4.340249061584473,3.7937614917755127,0.9996256239037734,20.906513809117463
wiener,p232_140,mid,10.186734563563824,18.102197422176094,1.7687114160353423,7.451658499903157,4.025136947631836,2.975992202758789,0.8586829434507265,18.497935861267027
wiener,p232_141,mid,5.453138236120191,15.89309611460154,1.0719047062079643,8.365722534374187,3.88081431388855,2.78899884223938,0.8311451845469683,15.982115518871396
wiener,p232_142,low,1.8747151358336454,14.373868901962757,-1.4140244990897,8.716347024330844,3.3062872886657715,2.433791399002075,0.9072992936014602,14.233669009504055
wiener,p232_143,high,15.279891491583712,17.35004920283378,3.9996169591731205,4.883277918163366,3.3399817943573,2.6617209911346436,0.9474701723891548,18.395298135763667
wiener,p232_144,mid,11.10028481530204,16.840206926810257,4.464962540504058,8.342700755051197,3.6664230823516846,2.6302099227905273,0.9623343230930856,16.75932218625578
wiener,p232_145,mid,6.094378530026451,13.07239551723806,0.3760016981345121,5.121744553400636,2.4983620643615723,1.9008965492248535,0.8495590380255572,13.166636066244596
wiener,p232_146,low,0.8509034815401499,11.796160442582108,-3.1230522448360984,3.131927121267654,2.7948555946350098,2.242980480194092,0.8634272528873649,14.076198319488729
wiener,p232_147,high,16.355905616908696,17.670381067522683,9.980687155661995,10.929020735838932,4.400735378265381,3.8457961082458496,0.9883879523029874,18.567087795284163
wiener,p232_148,mid,11.609525384008382,18.40313774672092,5.784712783958264,10.892438216554083,3.9034082889556885,3.412933588027954,0.9991304932859729,18.829868857993585
wiener,p232_150,mid,5.875025768201533,19.90042475622877,-1.2578138548265005,10.070140411238233,4.0211005210876465,3.238842010498047,0.9810731297700762,19.873549430086253
wiener,p232_151,low,1.3397424459434748,15.40498949396978,-3.5029906576053804,6.154908152885768,2.5374391078948975,1.713935375213623,0.9631100743587128,15.767854243685505
wiener,p232_152,high,15.59960636824087,16.54856223078433,3.8230437423277537,5.393050629590443,2.71476149559021,2.0729880332946777,0.962443774312461,16.61815647862259
wiener,p232_153,mid,10.778347164480307,14.332394219296765,1.9703391509429344,3.949477621486354,2.4712557792663574,1.7668156623840332,0.8588555060129462,14.31612232636695
wiener,p232_154,mid,6.14427317552236,10.194053136501328,-1.380704274385985,1.2315611271099407,1.7775962352752686,1.3656738996505737,0.8829521252483181,10.28154651888199
wiener,p232_155,low,1.2517055702183382,2.452289712302727,-2.7959065007760926,-1.5282994003536474,1.487867832183838,1.1724402904510498,0.7275693213802933,1.5805603544728246
wiener,p232_156,high,15.936732239234026,15.08590514189115,7.4496482538819855,7.242777413379473,3.0610105991363525,2.421194553375244,0.9042553916621933,15.709806573767581
wiener,p232_158,mid,11.557342271932322,15.426103065728077,4.8993842884759875,7.7422801901068965,2.635056972503662,1.8236539363861084,0.9657633260486869,15.381423851785023
wiener,p232_159,mid,5.680717280305997,14.365349299803231,-2.173910477380437,2.4951118972378405,2.7204954624176025,1.9159343242645264,0.9757054403198504,14.210564381085254
wiener,p232_160,low,2.4284410416616993,8.626420711944636,-1.504463407119681,3.6052982221371095,1.7888474464416504,1.2156587839126587,0.8084986393200021,8.05805597772184
wiener,p232_161,high,16.36985088844687,19.965209774141513,8.837228241627345,12.484366686434996,3.8102049827575684,3.5017988681793213,0.988104465475028,19.921540729422446
wiener,p232_162,mid,10.202589926055431,19.363505377825817,0.9989135938885558,9.49663376210116,4.290409564971924,3.1280534267425537,0.9477931378814357,24.267190126180353
wiener,p232_163,mid,6.010576109207579,20.229583953540974,0.8713406279862068,11.100522621387212,3.7838168144226074,3.051692247390747,0.9463309831771213,20.51831991085162
wiener,p232_164,low,1.1715926792088764,16.883494225363826,-2.6956355114849484,8.066383212308153,2.955444097518921,2.0471246242523193,0.9090704114098515,16.799613893188127
wiener,p232_165,high,15.47497790290577,17.03326879176486,4.0876588681546435,6.24359756342399,3.053002119064331,2.511284828186035,0.965742412647817,17.716126480279
wiener,p232_167,mid,11.327007447357737,18.32898900856078,4.972064083027344,10.185777030290573,3.5507583618164062,2.872269868850708,0.9941333983250026,18.475658594247694
wiener,p232_169,mid,6.595540081806953,12.988385493055418,2.0495391073206997,6.637619467904719,2.761120080947876,1.9575072526931763,0.9734042847464668,12.885087725229381
wiener,p232_170,low,0.7226472150156302,8.155279199694782,-3.292436324441023,1.6074648041767883,2.1319634914398193,1.4553747177124023,0.7135350375237742,8.03618122000141
wiener,p232_171,high,15.778042996222919,17.457801364373715,5.1169051715394005,8.68102933263416,3.7165205478668213,2.9125208854675293,0.9637127151617992,17.68219073325183
wiener,p232_172,mid,10.866934773638608,19.580805346847608,4.03015345322312,10.307487463333604,4.26316499710083,3.688530206680298,0.9766354604520897,19.921023815243377
wiener,p232_173,mid,5.931247108741703,18.179428730174145,-1.756334379691123,6.6653742140785415,2.936863899230957,2.312509298324585,0.912466326741418,18.330486449717927
wiener,p232_174,low,0.939758238668617,8.776666604509067,-4.023656632441952,0.37032786061139383,2.305007219314575,1.7265093326568604,0.8853669307349595,13.04513310714796
wiener,p232_175,high,16.547849991567723,19.26816034046903,9.125908638749436,11.327064267837981,3.4554920196533203,2.7945454120635986,0.989412625647893,19.435207530801666
wiener,p232_176,mid,11.454512322988048,13.662402364900622,3.046301581173135,5.002766345768875,2.269409418106079,1.6324349641799927,0.9141573913296391,13.49739922715213
wiener,p232_177,mid,5.3079828196006895,9.605491239960326,-3.176826384536903,-1.6751635643230187,1.871717929840088,1.4297066926956177,0.7914958633903026,9.32236756377801
wiener,p232_178,low,0.8920313956687852,8.9952735454366,-3.4609205987419247,0.12692605978771457,1.902205228805542,1.4197503328323364,0.7844382715164909,9.074144638363794
wiener,p232_179,high,16.642105940238125,19.036134757697837,7.745218047455707,10.743855231095628,3.365692615509033,2.568405866622925,0.9719853936273184,19.02960387618637
wiener,p232_180,mid,11.478055337938924,15.81902725545505,3.7075045413828516,7.994286798334297,3.3146941661834717,2.4892501831054688,0.973673940738478,15.732414709194735
wiener,p232_181,mid,5.765798266392097,13.26715485886086,-2.062332142655531,2.6744840446850504,2.841601610183716,2.0989365577697754,0.9758604973266588,13.400707527393223
wiener,p232_182,low,1.3970121381898544,5.511258606354151,-3.635559975412534,-1.5749533481090734,2.085977792739868,1.3770146369934082,0.9162999376270451,6.197944306992097
wiener,p232_183,mid,14.92422952829516,19.210663604558572,3.866766879743057,8.163697702593618,4.243213176727295,3.1127800941467285,0.9685523838043313,19.190959316470725
wiener,p232_184,mid,10.933556151627222,18.941260573398864,4.7368782781956424,11.305398195881173,3.6257612705230713,2.8335883617401123,0.9754523426676837,19.038141163332256
wiener,p232_185,mid,6.320286190654473,18.571712402874372,1.5017245182031773,10.3832545179307,3.543653726577759,2.5618436336517334,0.9955422866308816,18.952982771774433
wiener,p232_186,low,0.23779432384853252,8.118708509494148,-4.581224687226656,-0.24324481729107825,2.237656354904175,1.4675942659378052,0.8668413644208545,7.888696752857218
wiener,p232_187,mid,14.931361027285437,14.680196565288403,2.9994805082047162,3.3631959929691067,3.6909067630767822,2.6023850440979004,0.7413916555685047,14.541783761645172
wiener,p232_188,mid,11.252020215556374,17.632429887530567,3.7619089142460957,9.126678048662923,3.414605140686035,2.8519551753997803,0.9118048443062656,17.738164606629837
wiener,p232_189,mid,6.162218354148903,10.870203994546227,0.39772339775534865,3.585051571707144,2.2948403358459473,1.8525118827819824,0.8522513464590233,11.524055302493686
wiener,p232_190,low,0.6578289811849785,9.289872819279534,-3.830904008066478,1.2853195716231574,2.7105579376220703,1.980651617050171,0.9700836405287812,9.541374665442717
wiener,p232_191,high,15.60244354097665,18.52016926739741,3.183223442676456,8.217962396847403,3.842761993408203,3.067902088165283,0.9561936367017713,19.544052735804314
wiener,p232_193,mid,10.975855648414337,17.203539422457837,2.7257631689094777,8.868060702507409,3.092360258102417,2.6162924766540527,0.9651308261143177,18.851402946721166
wiener,p232_194,mid,6.63753665477195,16.40451919434508,1.073476893718494,9.717607852652076,2.8723819255828857,2.140340566635132,0.9688600916908161,16.871365947228718
wiener,p232_195,low,1.020516007766522,16.826820697530152,-2.1765402873959165,7.847801684256032,3.8385112285614014,3.0017311573028564,0.9532360166842108,17.281001072115767
wiener,p232_196,high,15.17493427075584,19.089479629335752,4.980760908852832,6.80537509705987,3.3620119094848633,2.5434412956237793,0.9833970487107767,19.273551233263607
wiener,p232_197,mid,11.381493295608818,16.01807180288587,5.469999750672372,7.866918503675639,3.300116777420044,2.6233108043670654,0.9644949792621048,18.30545451293166
wiener,p232_198,mid,5.593028511387018,10.95412020228264,-2.4951167958739147,0.3645688608665749,2.2211668491363525,1.6058995723724365,0.9570813211046887,10.670491181756368
wiener,p232_199,low,1.194461022600229,8.392006049505426,-3.898104511959003,-0.1391589241677644,1.9948945045471191,1.3214893341064453,0.8495563470460146,8.249952639414563
wiener,p232_200,high,16.367681746756325,19.215512168329013,7.667515241328378,10.938870441108996,3.661623001098633,2.711775779724121,0.9857443624240055,20.07478081247219
wiener,p232_201,mid,11.408150863611727,16.789594070449965,3.440498915210832,8.49157880456294,3.3298590183258057,2.4717962741851807,0.9883325576191468,16.840109840219014
wiener,p232_202,mid,7.007292992889504,15.470692157732628,1.4924735282796882,8.266729089031058,2.6383447647094727,1.5399171113967896,0.8768303121417672,15.541712009032988
wiener,p232_203,low,1.5111001046737624,6.234340435636561,-3.5076223002533613,-0.28571249923628017,1.7126967906951904,1.1505070924758911,0.8399531580136914,5.81098915591189
wiener,p232_204,high,16.53942907381467,21.81455399605121,8.710701329880244,13.258863297172047,4.370874404907227,3.798203468322754,0.9992999198185543,22.725830703388368
wiener,p232_205,mid,10.597488641384821,19.00013574764364,3.2104453775196045,9.980308097245292,4.4188551902771,3.78139591217041,0.9807007327657125,19.874979664286325
wiener,p232_206,mid,6.3251255301995855,16.94465841172252,0.7924642589843447,9.809967781031444,4.023428440093994,3.1070985794067383,0.9582597601121698,19.76615750937087
wiener,p232_207,low,0.25500161335699056,16.71270173806523,-3.8645560873831877,6.284116999652375,2.798046827316284,1.8987598419189453,0.874599437738462,17.93857023914893
wiener,p232_208,mid,14.640845242348998,19.92825090042714,5.131529235285027,9.27389502776848,3.380289316177368,2.967848062515259,0.7749646356923555,19.889463627818913
wiener,p232_209,mid,9.966396230607684,17.241317274794447,2.7765941066955695,7.574148599281635,3.544248342514038,2.5413172245025635,0.8090693748620974,17.171494916171678
wiener,p232_210,mid,5.202012817498575,12.371843282626456,-0.13138796712145215,2.8088329946368082,2.818470001220703,2.029524326324463,0.9690976562806922,12.115599635891705
wiener,p232_211,low,-0.5041967452151148,10.171379960982891,-5.710095801008875,-2.126561317461333,2.5473134517669678,1.7848743200302124,0.7753185869398239,12.956002928534696
wiener,p232_213,mid,14.880649140388481,20.840506853214205,3.690702166190197,9.002349056665013,4.281994342803955,3.4312894344329834,0.9682913817750973,21.872357653588686
wiener,p232_214,mid,10.688882116574,17.02814441494118,1.529046405932762,8.282992248233596,3.5884039402008057,2.85884428024292,0.9912363022677344,17.002195470062684
wiener,p232_215,mid,5.645091161842388,20.622316127132674,-0.32289878003919953,8.09495744561765,3.2766952514648438,2.686494827270508,0.9952089191645276,20.587351936801856
wiener,p232_216,low,1.3579140366687636,14.93422908759575,-2.468359159044886,6.334089107056311,2.7660140991210938,2.0680744647979736,0.9686130967892402,15.48204364164377
wiener,p232_217,high,15.14110951978427,18.396004546492875,6.587529811149563,8.13471007691404,3.795440435409546,2.9836416244506836,0.8885641831251846,19.132225476651122
wiener,p232_218,mid,10.892582935368953,18.28469387142206,4.534447720835284,8.829904419889015,3.2809460163116455,2.3771917819976807,0.9222389010410318,18.695139802444775
wiener,p232_219,mid,6.622261159395062,12.660866532243327,1.657218640221577,5.680096630353131,2.422430992126465,1.7697503566741943,0.9166948273375237,13.431638118692888
wiener,p232_220,low,1.6712183012319068,11.541079672640375,-1.152938965430798,4.50058203749621,2.32238507270813,1.5641740560531616,0.9235828879128878,11.308413224377706
wiener,p232_221,high,17.00944937515036,18.41655973700967,7.961053466238761,10.11051843990318,3.118648052215576,2.19421648979187,0.9895271758340629,18.35413930221237
wiener,p232_223,mid,10.664430306090463,15.01392402294323,1.6152885996160764,5.312845463233328,2.8277180194854736,2.233199119567871,0.9077668429856512,15.32172678930703
wiener,p232_224,mid,5.8476635922609175,11.88801165520289,-2.3951929995964387,2.7971442755976863,2.6649742126464844,1.8475980758666992,0.9021439553748671,11.613433245622836
wiener,p232_225,low,0.5175142224489166,9.350931410748176,-4.420767661242714,-0.11460022330681023,2.295487880706787,1.532979965209961,0.8685641069250868,9.578819262125815
wiener,p232_226,high,16.112292095764328,17.9417266853396,8.261569449120266,10.586859408376538,4.1517510414123535,3.407071352005005,0.9829711740359149,18.52208715688526
wiener,p232_227,mid,11.563715829962284,21.17370016050003,4.9843799087318725,12.302994331954693,3.8419501781463623,3.2154135704040527,0.9987090600106395,21.43846215576726
wiener,p232_228,mid,5.391277181475549,13.496584102947951,-2.375968876313545,5.135670254947957,3.9320578575134277,2.840285301208496,0.9719786627520357,19.692258484447255
wiener,p232_229,low,0.21523818435836561,13.496141978742957,-2.696228533860709,6.05999844768058,3.51788330078125,2.637702703475952,0.9651951911529043,16.52393282859021
wiener,p232_230,high,15.861949843067546,17.5787975705491,5.715677431573306,7.754740746234394,2.949805974960327,2.3660695552825928,0.8891088988032912,17.874986966626185
wiener,p232_231,mid,10.803059637751764,18.78761839096129,2.200932083120607,8.115059996938562,3.547823190689087,2.6960842609405518,0.9952812829668817,18.81432338643334
wiener,p232_232,mid,6.366790097352767,14.086294117789052,0.14118951651984096,3.9680419731540213,2.3740432262420654,1.8603546619415283,0.9466283259779147,14.471343241883163
wiener,p232_234,low,-0.0003182764690964203,4.505397745246524,-5.111439238416704,-3.500103587141193,2.836658239364624,1.7873650789260864,0.7991289013586711,11.225480531631707
wiener,p232_235,high,16.734081801327925,21.828359593887143,10.399204474307346,12.920781827199574,3.7713842391967773,3.3073525428771973,0.9975141919188404,21.835364797767912
wiener,p232_236,mid,10.013811211606704,18.44437531717589,-0.18991056718119037,5.073770949915741,3.821136713027954,2.8428683280944824,0.9212125530740558,20.186074213064305
wiener,p232_237,mid,6.3127028343356,19.95992334310838,0.5109975812697313,11.541976352110659,4.056883335113525,3.445054769515991,0.9954972082797346,19.952792384183486
wiener,p232_238,low,0.4687611239357541,19.498623061138534,-3.665662090839382,8.099879451320346,4.115508556365967,3.565018892288208,0.9986721207923712,20.181689125478087
wiener,p232_239,high,15.60999581572853,18.55646534139997,4.0605761624531915,6.698141909611349,3.0756046772003174,2.3291702270507812,0.9809412202245359,18.590569287176415
wiener,p232_240,mid,11.496915938663378,18.292956189255225,5.701979989098508,9.911714545716439,3.1902129650115967,2.5456557273864746,0.9742145761688134,18.228166594437642
wiener,p232_241,mid,5.138210054385883,10.429358375369466,-3.085681292155393,-1.2242828687841563,1.9938372373580933,1.4978364706039429,0.8300635674870953,10.531970690203288
wiener,p232_242,low,0.5476895775362746,4.34473289736397,-5.265815952212909,-3.427989356750819,1.869652271270752,1.3814524412155151,0.740870390163794,3.770897670205441
wiener,p232_243,high,15.7777181224326,18.61243329989016,5.195927980385622,7.930097002901989,3.7133989334106445,3.0288190841674805,0.9949151137905228,19.419856964238893
wiener,p232_244,mid,11.369641863416307,13.93971866310621,2.9382919594680703,5.21651787168206,2.890993356704712,2.112022638320923,0.9671636216087948,13.767152777606146
wiener,p232_245,mid,5.347917465554239,17.51359467804656,-2.293325662092811,4.8770498304358325,2.7617368698120117,1.783279538154602,0.87230849180294,18.026100804606777
wiener,p232_246,low,1.0522371833825475,10.259652039914561,-4.150515974201628,1.0001545214541,2.270310878753662,1.4900603294372559,0.8894066327802963,10.251536219144327
wiener,p232_247,high,15.228620400036377,24.47841677657726,4.4997870827859385,12.09059856940018,4.185427188873291,3.6109089851379395,0.9606607115928029,24.483071281141857
wiener,p232_248,mid,11.607352421480247,18.042013832261834,6.617444642598253,11.85872180574968,3.7861311435699463,3.396319627761841,0.9699123558953296,19.382244253913058
wiener,p232_249,mid,6.167504089565307,20.25259392521329,-0.3666898986644578,10.325514026011952,3.4220571517944336,2.549168825149536,0.9952454605361091,20.601775631350886
wiener,p232_250,low,1.23784516896793,15.617155451943018,-1.8341138546800286,8.56471772562688,3.035677671432495,2.369354009628296,0.9478958441359854,20.312644212731588
wiener,p232_251,high,16.28746650543051,20.734273266534046,8.512609773221401,12.484013628473102,3.6903295516967773,3.282412052154541,0.9752893522340493,20.697539637743617
wiener,p232_252,mid,10.96800883411687,19.399498308070207,3.2525405437098427,9.172426235830075,3.364670753479004,2.6580910682678223,0.9677771921240194,19.407929200050066
wiener,p232_253,mid,6.351085784990884,14.018203336854073,0.43838628982955447,6.181628879162667,2.5574207305908203,1.7932934761047363,0.90135889479069,14.107923198731267
wiener,p232_254,low,1.3948547513105356,10.649965837022892,-2.1989247203466933,3.090247776048709,2.6865408420562744,1.732799768447876,0.9064469689740682,13.4280369856768
wiener,p232_255,high,15.738461981907614,18.225110510345115,7.001621465413632,8.388036117357329,3.727036476135254,3.2142937183380127,0.9718813707760324,18.612991986697775
wiener,p232_256,mid,10.90014311250114,19.225485075849747,4.533506950923204,9.952461746041573,3.5149569511413574,2.9304580688476562,0.9546439827262092,19.17449507356977
wiener,p232_257,mid,5.311923067511347,17.729775017937182,-2.954122626014451,5.8022222914120585,3.168827772140503,2.4394071102142334,0.9970146300658148,18.50049778083891
wiener,p232_258,low,1.364480749688064,15.421236895536577,-2.6348797525681005,8.127763070324887,2.672025680541992,2.003004789352417,0.9486694455077118,16.34230384203213
wiener,p232_259,high,16.56657573172079,21.2448482622951,8.766675314889492,11.789067445569492,3.4666945934295654,2.8355331420898438,0.9868878702595882,21.342006174181044
wiener,p232_260,mid,10.894767982030277,14.237563687519046,3.2663454415646114,4.659114738506759,2.70664119720459,2.0062968730926514,0.982170834842866,14.076169097213771
wiener,p232_261,mid,6.608309875161179,10.732245444390793,0.9227355825471861,3.5017294497523848,2.2720894813537598,1.4741754531860352,0.8698401582804898,10.388338789299622
wiener,p232_263,low,1.5023535557966716,7.940932324153533,-1.8643022175950716,1.0552631415421398,1.573822021484375,1.176880955696106,0.7815890791497869,7.891597730058591
wiener,p232_264,high,16.625867597250846,19.165916066169896,9.544738242858921,12.399302022076256,3.8634228706359863,2.949601650238037,0.9941896792882124,19.14758001856725
wiener,p232_265,mid,10.836717138416978,15.057056184320965,0.9965066753548361,4.545499800242825,2.663409948348999,1.9070796966552734,0.9420424191227724,15.304217329510985
wiener,p232_266,mid,6.267990945438248,16.544695024338477,-0.446591658675395,8.27485029598037,3.4143600463867188,2.3290352821350098,0.9391589718937596,16.63881842851295
wiener,p232_267,low,1.6868559450145748,6.135205212588843,-2.7699281217302945,0.9881445494691845,2.0657482147216797,1.2418577671051025,0.8855238954153964,6.679735332677063
wiener,p232_268,high,15.95142980985911,19.012702066386062,8.059037539355163,10.758943344562146,4.271017074584961,3.7809946537017822,0.9905977013501561,19.052633214395584
wiener,p232_269,mid,11.496829496766132,20.274701774648925,6.855699853043975,13.90767362229419,3.8856308460235596,3.2968006134033203,0.9881902410525671,20.355309915230933
wiener,p232_270,mid,6.506053628508122,19.167005312979228,1.7635210962502488,12.017933096692834,3.7681186199188232,3.3356690406799316,0.9733716500464284,19.52919468708808
wiener,p232_271,low,1.4370112062592713,16.449287725887864,-2.780037209818682,9.03171033410567,3.589811325073242,2.7597033977508545,0.9701816687973714,18.719224335710766
wiener,p232_272,high,15.94185398806162,18.851221503091292,11.411488591241858,12.370016590975744,3.6916325092315674,3.156730890274048,0.916387283462535,19.102816411173894
wiener,p232_273,mid,10.73712805853178,17.311910993579144,2.6001139093967014,7.283338761242243,2.9156553745269775,2.285973310470581,0.9441740653352058,17.27129243242165
wiener,p232_274,mid,6.44064795007723,15.177574729695344,1.5403616628575187,7.846131295297218,2.807133197784424,2.072143793106079,0.8823845517879532,15.19537335269452
wiener,p232_275,low,1.504246638908147,12.771841719036319,-1.65823817342964,4.347408361159225,2.178940534591675,1.572795033454895,0.8939286624760681,12.655092350752078
wiener,p232_276,high,16.310271247806256,22.47623620456303,7.782768166695012,14.638020081515476,3.9069488048553467,3.4358808994293213,0.9949304583483922,22.505352617854303
wiener,p232_277,mid,11.4794002688917,18.618105472439876,3.4559481277785378,11.29873693672934,3.473504066467285,2.4992406368255615,0.9469775815436575,18.577667018999975
wiener,p232_278,mid,5.561987921046127,21.090968189300924,-1.4355062309100677,9.539903085525,4.0822954177856445,3.3024954795837402,0.9837125453392546,21.17961523955443
wiener,p232_279,low,0.8535602481441584,8.741778691279968,-4.016143135153897,-0.26934700533008277,1.6601835489273071,1.2373312711715698,0.7698768843208251,8.923966065881253
wiener,p232_280,high,16.32995607307356,16.411915160656218,6.936971381545505,7.035140095115129,2.4844796657562256,1.8808515071868896,0.9073848990851567,16.338584129262678
wiener,p232_281,mid,9.83646440369818,13.278818907767512,-1.3024337437074387,1.0368135337721065,2.34694766998291,1.7562205791473389,0.809766123948796,13.143274959509359
wiener,p232_282,mid,6.6754021771484116,16.947011907900006,4.835905925517762,10.742179089047962,2.95514178276062,2.1982460021972656,0.9543574541503195,16.933265620035947
wiener,p232_283,low,0.39040858306695403,4.7543125384544505,-4.477141777489743,-2.9816666073627847,1.5570788383483887,1.3088483810424805,0.7285247542922794,6.7507375465456265
wiener,p232_284,high,16.397398852250284,19.76768451654232,5.219496413879144,9.683050860118737,3.7891573905944824,2.98343563079834,0.9944581353817027,19.75023308395784
wiener,p232_285,mid,10.51394353198178,17.170599752064245,1.4534638709406575,5.146685174281045,3.2231380939483643,2.4002180099487305,0.925686193275948,17.164341945229502
wiener,p232_286,mid,6.007627046939463,11.99579930343157,-1.712143829374973,2.7196395321233564,2.472230911254883,1.8252699375152588,0.9117134699877039,12.861661364372669
wiener,p232_287,low,0.8012496317643681,8.064494628823189,-3.959937228151246,-0.440006236161972,2.2459909915924072,1.52516770362854,0.8953517856251981,8.153129631801217
wiener,p232_288,high,15.450282970306263,22.185158673448907,4.823562042457406,10.749957140506162,4.3698601722717285,3.64137601852417,0.9878659322436035,22.561154601486844
wiener,p232_289,mid,11.479622497990347,21.051838652088406,4.351833377888839,12.294495666292294,4.269533157348633,3.855989456176758,0.9991411835387002,21.0328400700921
wiener,p232_290,low,4.76496524666147,19.905984245702783,-2.506279612291927,6.838953761509113,3.9411370754241943,3.3496296405792236,0.995941969396302,21.738473440586624
wiener,p232_291,low,0.5749149288128906,19.6510696521809,-4.904596700306384,8.633782030811165,3.484468698501587,2.8272640705108643,0.9978024912620441,20.26572586371682
wiener,p232_292,high,15.134856661013817,19.946808468349804,3.303929529558159,7.820303405945446,3.7081947326660156,3.0586564540863037,0.9938119071716837,20.486001882714774
wiener,p232_293,mid,11.612271136151387,18.072118068208344,4.6744816827180795,9.644646653888604,2.9366703033447266,2.2785050868988037,0.955244695385964,18.110656512749188
wiener,p232_294,mid,6.520389009265245,13.813138548881799,1.405168570823618,6.674464597071879,2.7668111324310303,1.9246089458465576,0.9049817426662093,14.689125593797598
wiener,p232_295,low,1.4393578150975044,4.470208610543538,-1.4996635349114191,-0.019841535436903722,2.107348918914795,1.4194203615188599,0.875929254590644,10.484773086434737
wiener,p232_296,high,16.00064657189552,19.372201344771323,6.6116077951746846,11.132193221496934,3.823981761932373,3.150883436203003,0.9550880955025526,19.39890301415613
wiener,p232_297,mid,11.000175844957615,16.701946765066786,3.5540633994909143,8.801972814366458,4.071319580078125,3.335134506225586,0.9458962774447242,19.435812248476353
wiener,p232_298,mid,5.14754997596861,16.061223253990864,-2.5784292996909306,4.174546982433647,2.9117348194122314,2.2790017127990723,0.9429037489726178,16.649759726670815
wiener,p232_299,low,0.33189553512138215,14.433321612512987,-3.5464605182740225,4.7083711653026175,3.545973777770996,2.8168420791625977,0.9119052567356487,17.81515149030937
wiener,p232_300,high,15.23886074735281,18.677023356697898,1.947893163262469,4.787361422556184,3.0031938552856445,2.413884401321411,0.8833906197442832,18.757711209438174
wiener,p232_301,mid,10.29157344272199,16.8270176079214,1.4849025329175427,5.453914800720145,2.8576433658599854,2.152437686920166,0.9690478747474872,16.74221121481736
wiener,p232_302,mid,5.318424510314177,7.4029669397898115,-2.799535241978996,-1.483790198254896,2.1003575325012207,1.3699861764907837,0.7065892220807263,7.024710763261175
wiener,p232_303,low,1.6232975069818603,5.795654557433173,-2.6855762880375433,-0.0746907333968237,1.8898828029632568,1.2721823453903198,0.8026782810901014,5.843697339883826
wiener,p232_305,high,15.956917550968967,18.935406461851166,3.595935411836612,6.133005768535863,3.0244669914245605,2.3184237480163574,0.942822052422651,19.034795855260455
wiener,p232_306,mid,10.7815293374472,15.275391442916668,1.1113642379525512,4.8219873721286035,2.8840203285217285,1.7123550176620483,0.8605307217513103,15.180491143306057
wiener,p232_307,mid,7.110062084664767,11.029150990425823,-0.6443762870594334,1.8852012865576466,1.934444546699524,1.2893062829971313,0.8921198004815196,11.22084271082704
wiener,p232_308,low,0.49230072960260246,6.312791539196848,-3.7809924859580977,-1.4347787074188876,2.153552293777466,1.5164966583251953,0.8027175527381202,7.907845131419304
wiener,p232_309,high,16.2432446995501,21.949393251977693,10.282694500776968,14.449654510884406,4.253532409667969,3.867474317550659,0.9840827103142092,22.22224726558425
wiener,p232_310,mid,10.015005387205525,16.105008826713544,1.4100373419775762,6.837479146675487,3.7864747047424316,2.9032750129699707,0.945676704857568,18.470477196040754
wiener,p232_311,mid,5.669837182673447,19.01137527984052,0.5815756372908695,8.997297102873034,3.68479323387146,3.041515350341797,0.9583034951441153,19.358652706487632
wiener,p232_312,low,1.3814192476146383,16.70716406465171,-1.0880418050017024,9.949167888410688,3.4723644256591797,2.4818549156188965,0.9592886340996513,18.9100809409538
wiener,p232_313,high,15.948424788118738,20.11703485287618,6.05831601917236,10.125969090623382,3.5228183269500732,2.9593284130096436,0.9545956101464884,20.61880433515072
wiener,p232_314,mid,10.60782095992215,15.2585551087661,0.9820250590532006,5.229152983357242,2.762472152709961,2.178331136703491,0.9119973826911423,18.018460920949938
wiener,p232_315,mid,5.111344103010906,15.359316862661615,-1.6948352427094568,4.144001204602159,3.051689863204956,2.208622694015503,0.8572384256097865,18.011681669327903
wiener,p232_316,low,0.3191680697655762,11.187859647933006,-4.84055579102942,0.34700455670363867,1.688136100769043,1.2884562015533447,0.7498927686177296,11.29995166935429
wiener,p232_317,high,15.9845739852556,22.113277426145213,6.585144578282711,12.387449115388396,3.833435535430908,3.3911216259002686,0.9930486974381468,22.244976217437788
wiener,p232_318,mid,11.177310523407613,20.342250499711604,4.2411887195783695,11.08584169916777,3.5867676734924316,3.1263844966888428,0.9909051037941318,20.533958327072348
wiener,p232_319,mid,6.219884611922353,18.780996436840802,1.5627516656915492,11.487734121499207,3.865540027618408,3.3567168712615967,0.9722082453624721,20.183665544144496
wiener,p232_320,low,0.7944646395362109,15.653579357856787,-1.9573002157943675,7.963699965447749,2.9635279178619385,2.0827550888061523,0.9084566335640794,16.027491324037836
wiener,p232_321,high,16.293907832385138,19.35573606864577,9.31808112150177,10.130022992437757,3.2248685359954834,2.466935157775879,0.9889048937952071,19.309644135492555
wiener,p232_322,mid,11.380697418920596,16.811452101062297,1.8591477148985958,5.809103417287398,2.6338565349578857,1.8520965576171875,0.9187554977321968,17.061437573789796
wiener,p232_323,mid,6.047092119444032,11.341577151521667,-0.2085398932225369,3.043284130859431,1.9841629266738892,1.4966371059417725,0.9130579263145623,11.121829290799672
wiener,p232_324,low,1.297579943528628,7.86324010628033,-1.4815594695835803,0.6703568026619876,1.8843510150909424,1.324298620223999,0.8979050050092121,7.682109378747426
wiener,p232_325,high,15.385803503045034,19.75479661206819,1.9441463972071917,6.688700578927107,3.2686264514923096,2.3497705459594727,0.9775969751965892,19.708734878566055
wiener,p232_326,mid,10.448061209932941,13.343983184068842,0.805803839439039,3.263976137165279,2.7044646739959717,2.046527624130249,0.8526169871171465,13.142939447968436
wiener,p232_327,mid,6.207547018166463,14.027760970321728,-0.3845131652292232,4.97698272409003,2.5193276405334473,1.7711904048919678,0.9580804320856477,13.853565634106463
wiener,p232_328,low,1.3929258724669669,6.87968789450709,-3.444396993263189,-0.20951236381149402,2.1682817935943604,1.3769941329956055,0.8344346976092313,7.160550260388456
wiener,p232_329,high,15.801514836362973,20.69658223011252,5.51214752694868,9.934125132805672,4.369707107543945,3.2692887783050537,0.9994645321933161,21.680313944698657
wiener,p232_330,mid,10.354135336951106,19.198752640746058,1.6947988636793845,8.428925737076748,3.789597272872925,2.8500943183898926,0.9751194653779166,19.514690778603935
wiener,p232_331,mid,5.8813979722824,21.68424493112919,13.40485784064526,11.59292768733635,4.315678596496582,3.567537546157837,0.9804077957821634,22.053914120754676
wiener,p232_332,low,0.6314649529509495,14.669972399791252,-3.2628374494268444,6.050128295719162,3.494018316268921,2.8670542240142822,0.9966259129858827,19.672342933419138
wiener,p232_333,high,15.559645949956016,18.73621281523578,5.335125238044597,7.716279334850485,3.560053586959839,2.9203779697418213,0.9265418316230513,18.894394027907982
wiener,p232_334,mid,11.488184818372977,18.41814537434219,4.014514400807401,8.853974279475631,3.069326877593994,2.51847243309021,0.9773355015507446,18.674833011413284
wiener,p232_335,mid,5.853604054514799,13.039781529810144,-0.3208256683938258,3.65157798512923,1.9813488721847534,1.422023057937622,0.9010020699109097,13.290159423743157
wiener,p232_336,low,0.9650299583603434,10.603027272934275,-3.672354900024504,1.779234948817306,2.208378314971924,1.5308239459991455,0.8763477155988012,10.22096694793052
wiener,p232_337,high,16.42478872373083,20.631458538139285,8.423964067309882,13.375452903875944,3.845290422439575,3.5238285064697266,0.9968450157855141,21.14632703523987
wiener,p232_338,mid,11.122374743711713,15.731914132203988,3.538300740049755,9.395518624899413,3.3746678829193115,2.745408296585083,0.9935516972619401,15.640191438015743
wiener,p232_339,low,4.683189393002377,17.059687248051357,-2.78339186447716,5.7355511871553775,3.7130088806152344,3.174678087234497,0.9967070963441791,18.959682620904065
wiener,p232_340,low,-0.16547378609871485,14.719591271790717,-5.00513789788219,1.5850489542063408,2.8527979850769043,2.097064971923828,0.9581246240596102,18.77849235688252
wiener,p232_341,high,16.315832040035772,18.002001437097135,4.697955697192648,6.433400792038344,2.4565088748931885,1.9443325996398926,0.9368619940156562,17.956208217556014
wiener,p232_342,mid,11.403176843884157,13.371363587971672,4.445367959369113,5.930778125901017,2.12190580368042,1.518479585647583,0.8943006111921742,13.454715001151111
wiener,p232_343,mid,6.195354248036712,13.063141278103942,-0.45843497943131767,3.4237255034936576,1.9697329998016357,1.388871192932129,0.8622764534441074,12.905868214981922
wiener,p232_344,low,0.2774296254643565,6.808556427644526,-4.172783508234479,-2.0218244920200017,1.9532965421676636,1.3135637044906616,0.7855674576916177,6.202518220955095
wiener,p232_346,high,15.873497545377987,17.551598343156826,4.983499745015087,8.0686659598653,3.746046543121338,2.949410915374756,0.9560256439283741,19.227771757970352
wiener,p232_347,mid,11.682051093936048,17.034479309012703,3.6237427549399532,9.560546697902476,3.1312389373779297,2.1967782974243164,0.9870698953420697,17.061284637834852
wiener,p232_348,mid,6.391279612437584,7.982070030263308,0.8199823833931449,1.9330459533220798,2.5289580821990967,1.6234240531921387,0.921714304672281,9.624353443383244
wiener,p232_349,low,1.3739941516228218,9.01526574122934,-2.465135449779217,2.0417986323674864,2.2785415649414062,1.428842306137085,0.9107910120040328,10.054500095514836
wiener,p232_350,high,15.374719954951077,23.128695623309234,12.80524788419709,11.01054582139675,4.486178874969482,4.156866073608398,0.9887947974007841,23.49765935507509
wiener,p232_351,mid,10.518916753792777,18.83504679153248,1.8161646402142195,8.69222579014686,4.116637229919434,3.2839691638946533,0.9759709851320846,18.785465090958017
wiener,p232_352,mid,5.668635212752902,17.260156688121967,-0.7850492143082158,7.558742394143573,3.7437679767608643,2.9952237606048584,0.9860340217317463,18.72470113806369
wiener,p232_353,low,1.0392723629633493,16.606691611571733,-2.988603059981014,7.360938856990518,3.2695600986480713,2.4431071281433105,0.9938102217626765,18.17562421897088
wiener,p232_354,high,15.442755341422053,16.917280474230736,7.1139984013798845,7.990980483239368,3.753283977508545,3.036227226257324,0.8678399420138211,17.023217862896043
wiener,p232_355,mid,11.518176995542825,18.878409741986562,5.632528979902881,12.009439216976986,3.3517658710479736,2.5123393535614014,0.9798028087260681,18.856714769055824
wiener,p232_356,mid,6.489416082447173,15.547012460583156,0.8837952531414124,6.813497038910446,2.5724990367889404,1.7608048915863037,0.9396516826397173,15.441070196304995
wiener,p232_357,low,1.0682890681433002,2.815049530319176,-1.5709676952371072,-0.48288599834572365,3.3416249752044678,1.862786054611206,0.9586035642327372,11.758620130262731
wiener,p232_358,high,15.528011907122616,21.240329492320807,5.197507730207687,11.083870219187464,3.5482125282287598,3.059408187866211,0.9075839135111144,21.3385494382176
wiener,p232_359,mid,9.948213846058753,18.05272675339163,2.157430884099105,8.548051648828807,3.9778754711151123,3.167870044708252,0.877929639445605,18.2134051584146
wiener,p232_360,mid,6.356183382557894,12.471580629941723,2.018775596375779,8.000986529475739,2.8732287883758545,1.9940078258514404,0.9296915031059177,13.042291399118643
wiener,p232_361,low,0.4729473252980636,15.9671061408121,-3.745496099276584,5.241650024178295,3.576672315597534,2.706103563308716,0.9968007886721291,17.317919446107773
wiener,p232_362,high,16.388243015189612,19.678872003171673,8.156053853276768,10.163256008326062,2.963963747024536,2.311007022857666,0.9902770840967893,19.68447954309722
wiener,p232_363,mid,11.607192856849116,15.906465135992763,4.450983942476145,7.083458166503015,2.7638368606567383,2.0859198570251465,0.972215447694604,16.744210866617646
wiener,p232_364,mid,6.098070304992474,14.95878510951854,0.7471730568543815,5.89242556322909,2.5910885334014893,2.0146398544311523,0.971309781981399,14.827627537950587
wiener,p232_365,low,0.8992064756110939,8.478162206753073,-3.179970576484785,0.3604567270872448,2.323303699493408,1.6733424663543701,0.8608737194043425,11.445393390506084
wiener,p232_366,high,15.853018844442479,18.146272634139308,5.646838164263947,8.384097020463628,3.3252720832824707,2.6591904163360596,0.9940232608661234,18.122472147512713
wiener,p232_367,mid,10.63986892438146,17.900258700147,1.7766118457085447,7.299835310203037,2.6653530597686768,1.9607195854187012,0.8754461929596129,17.92862400930785
wiener,p232_368,mid,5.9121698371960605,15.837427792701886,-0.35642750610392493,6.423297437695182,3.1554055213928223,2.3252196311950684,0.8862695586022721,15.812848000119942
wiener,p232_369,low,1.6771211276487838,11.298203013372332,-1.912958455779693,4.579429924762489,2.6854007244110107,1.6835665702819824,0.9495257060509247,11.313242710518143
wiener,p232_370,high,15.334036619684943,20.699145390571772,5.84859578721063,11.139936302805642,3.9119038581848145,3.1553733348846436,0.9781202762615631,20.9188967291433
wiener,p232_371,mid,10.540559076413414,21.612513349411856,2.561979906740875,10.195452834684748,3.822098970413208,3.1264355182647705,0.9986171565099747,22.966701893335117
wiener,p232_372,mid,6.589255523258482,16.103175990888566,1.4617583556372875,9.048410712132831,3.232207775115967,2.4407236576080322,0.9317212974875002,18.840419656967097
wiener,p232_373,low,1.5637973022502014,16.385271342659497,-0.9894233291084372,10.389719969988848,3.7702786922454834,3.167466878890991,0.9965975142261528,18.005749711263714
wiener,p232_374,high,16.436273281928624,19.223718859864263,7.2019812712054145,9.887811410068688,2.987974166870117,2.512598752975464,0.9859503197686,19.171652375696905
wiener,p232_375,mid,11.177091587022343,16.916036328333465,3.1690431529913186,7.126813319177335,3.023672342300415,2.4624435901641846,0.9859271769681357,16.832794000160614
wiener,p232_377,mid,6.411168074204858,16.968988659563983,0.88483896137461,7.4696003222097005,2.777794122695923,2.257235527038574,0.9751076819958929,16.931633460746422
wiener,p232_378,low,1.5478935665210747,10.889393875698506,-1.905290811766407,3.738757845909107,2.5648255348205566,1.626664400100708,0.9570827356924858,12.010751659264185
wiener,p232_379,high,16.267381489498927,20.034825608551934,6.93345770722334,11.488778618436571,3.8409626483917236,3.2274577617645264,0.979140728234834,20.2677186730581
wiener,p232_380,mid,11.465479537602068,19.296371453495166,5.454375571461728,12.072420294822502,3.373745918273926,2.4942798614501953,0.9766833390465952,19.525416392719485
wiener,p232_381,mid,5.852098666792518,16.45987876625904,-0.6426126798233103,7.709630390992182,3.1978509426116943,2.30700945854187,0.9463448052822975,18.794678287530182
wiener,p232_382,low,0.7320750112940079,15.811594643115098,-2.4784260386649177,7.6696452345139505,3.9094150066375732,3.08282470703125,0.9221938914302111,17.154243824628963
wiener,p232_383,high,15.446015915440865,17.847066230080625,2.6309351899492714,4.966525310598999,2.867398738861084,1.9244163036346436,0.9896149641118456,17.77932321139255
wiener,p232_384,mid,10.591631045880705,14.468871644845073,2.3138679643616844,4.951563929112655,2.640390157699585,1.8749871253967285,0.8556556294929006,14.312719423127549
wiener,p232_385,mid,6.430224938004856,15.14323361468045,0.5929629854119839,6.182169122500034,2.650203227996826,1.9329469203948975,0.8772360564297113,15.09602690854851
wiener,p232_386,low,1.1125589583617839,4.137913432333798,-4.01039405900015,-2.641823261605417,1.9338446855545044,1.3056977987289429,0.7387930541995366,4.6012621113282846
wiener,p232_387,high,16.521619543627732,17.401232253115435,7.728773684102639,9.233820396100228,3.422593832015991,2.7358789443969727,0.9839649654662022,17.359195286694828
wiener,p232_388,mid,11.77369312367706,14.965080223474597,3.672036684001628,6.522389892901964,2.771144390106201,1.874382734298706,0.8344785134763402,14.882424633961936
wiener,p232_389,mid,6.588814408621044,13.549767813958674,-0.9661070683241638,5.976278253446789,2.184734582901001,1.2883641719818115,0.9244456799058094,13.448400918362308
wiener,p232_390,low,0.753659304455535,12.450032041656812,-2.907444443918065,4.298470795228243,2.6273670196533203,1.554513692855835,0.9052587256933738,12.209161868224975
wiener,p232_391,high,15.53904395330479,19.805703029154436,5.947739665721107,10.113381584819203,4.186966419219971,3.666355848312378,0.9922242924911809,20.06712433950678
wiener,p232_392,mid,11.575014283741416,17.98109669057695,5.470096727179794,10.951216453929794,3.771639108657837,2.8118836879730225,0.9474974099279372,20.336112324406173
wiener,p232_393,mid,6.56721047943667,21.89462703034402,0.5941461321721883,12.443929419764089,3.956439971923828,3.1279537677764893,0.9988754667395463,21.869072945398756
wiener,p232_394,low,1.536730570682538,16.379627402432615,-1.8834396897453667,10.175627521815077,3.555124282836914,2.6304471492767334,0.9966970763537455,19.537344228863024
wiener,p232_396,high,15.657975675463291,17.29029911926379,6.352284279545458,8.533433789164203,2.9430038928985596,2.4206736087799072,0.9498505947804565,18.405240649198934
wiener,p232_397,mid,11.494459868852935,18.74729034115822,5.168241162265467,9.671793469473307,3.50827956199646,2.750877618789673,0.9963133072162255,18.741583834595662
wiener,p232_398,mid,6.484919496750878,15.228289179095373,1.3045677716552229,7.018213889704593,2.8436312675476074,2.0520312786102295,0.9592219550896028,15.852925554074398
wiener,p232_399,low,1.0834091749957953,7.952342395577676,-2.9069917402520353,1.3569693234541018,2.5332350730895996,1.750455617904663,0.879665693819237,13.393006847059144
wiener,p232_400,high,16.332819408279807,22.196925171595034,8.229288264030446,13.211591446325365,3.962569236755371,3.5322952270507812,0.9994256363849564,22.392189914211876
wiener,p232_402,mid,5.664201808719315,14.133705524977396,-1.2160624583971338,4.052198903426599,2.7276620864868164,2.179067850112915,0.9543371866127967,13.963121820026554
wiener,p232_403,mid,11.691135570248463,16.386884982696454,2.8835731264470965,8.769082036112955,2.6774356365203857,1.44963800907135,0.9401338101674507,16.351756665361847
wiener,p232_404,high,15.60325104351649,19.20381967593652,3.990519240390355,7.623733524664465,3.236886501312256,2.451803207397461,0.981884109978024,19.816736618902745
wiener,p232_405,mid,6.267943033547011,17.45127419515153,3.612509397801537,10.7713130883555,3.4359309673309326,2.365868091583252,0.9682621079780428,17.78073978624565
wiener,p232_407,low,0.27900769681193976,8.380430703096165,-3.576093005958568,0.009357118026483851,1.7798779010772705,1.3154704570770264,0.7318499399535888,7.800260564777145
wiener,p232_409,low,1.32202903847927,10.893404365983983,-3.598600447933705,2.044447723154132,2.0021615028381348,1.4664826393127441,0.8757164113014467,11.576697476911747
wiener,p232_410,mid,6.557975027284999,15.718783931855004,2.587996413820941,10.753545584067712,3.1210482120513916,2.449457883834839,0.9491262996724625,16.22991089007235
wiener,p232_411,mid,14.661089949975384,21.779198316904726,3.575234788488119,9.270789735470053,3.5885894298553467,2.8865439891815186,0.9738378239451455,21.77402560213242
wiener,p232_412,mid,11.653411393936334,16.737910933193408,5.931327460744346,9.340808893004082,2.7224156856536865,2.065437078475952,0.9372157751829964,17.438854978638393
wiener,p232_413,mid,10.97830770496329,22.238606188715913,2.9970892700244476,11.567013494173807,3.9027183055877686,3.226330280303955,0.9989072177902887,22.847614943274802
wiener,p232_414,low,0.48591680430958434,12.443081758630786,-2.7680110843617878,3.066023160455999,2.439970016479492,1.5359039306640625,0.842503392285663,13.131161349264524
wiener,p232_415,low,1.0506995844962128,7.166134485507174,-3.754746019501775,-1.054312865524751,1.615543246269226,1.1689858436584473,0.821574855037179,6.356763395273626
wiener,p257_001,high,16.197803188124475,13.107786614844468,8.593199442164584,5.267242910477603,3.867648124694824,2.744915008544922,0.9749146512678362,13.194023065871503
wiener,p257_002,mid,11.328616620309313,15.870967094378091,4.845956953568364,8.801521287191948,3.588935136795044,2.867213010787964,0.9909996595641125,16.260191319348216
wiener,p257_003,mid,7.010393662681972,15.51470910289568,2.108726472983697,8.527751045418526,2.8759114742279053,2.002328634262085,0.9430589615433246,15.44399662107001
wiener,p257_004,low,1.4200154733545647,16.51905802600592,-4.581068057048657,6.459195316439066,2.708535671234131,1.9787192344665527,0.9690334454238863,16.482599203475722
wiener,p257_006,high,16.897870955714986,19.510858450279855,11.284658560733254,12.529706232259063,3.2888100147247314,2.673389196395874,0.9707703025828268,19.6077041795587
wiener,p257_007,mid,11.67391898123716,14.503145865146188,4.177218364296229,7.314490325810082,2.168344497680664,1.6219236850738525,0.9241516740588603,14.814087378590772
wiener,p257_008,mid,7.107941783957068,11.302052809133711,2.011509934981018,5.859786060149314,2.0860748291015625,1.484230875968933,0.9105016619726842,10.986083831566575
wiener,p257_009,low,1.712833982849403,8.233763925470608,-2.5791886094168803,1.8426331082433158,1.6563551425933838,1.1751501560211182,0.800976389791653,8.308751291197105
wiener,p257_010,high,16.239661082616966,20.391249480839505,5.938514296403984,10.134017786525268,3.4689528942108154,2.6346919536590576,0.9735444649572823,20.938994011664228
wiener,p257_011,mid,11.95645001433751,18.286136561656075,8.719696281875192,11.83826225388047,3.5335636138916016,2.998854160308838,0.9869309710124108,18.873786607730526
wiener,p257_012,mid,6.772656560307392,19.177328556196656,0.9029140836489795,11.843626274679968,3.2450058460235596,2.147132158279419,0.9647338232057112,19.203946371627758
wiener,p257_013,low,1.7913696407221402,8.56824138945768,-2.8587457877521136,2.397791628748937,1.9484944343566895,1.1713320016860962,0.8703908851796673,8.56190345976205
wiener,p257_014,high,16.519408340728468,21.321325520647672,11.267723707457144,14.44647587299913,3.9821839332580566,3.4227006435394287,0.994946301020539,21.28955055022491
wiener,p257_015,mid,11.887531797182032,20.897297876196014,7.296843642391421,14.743635842082394,4.21492338180542,3.6405632495880127,0.9966528690342792,20.880236425669988
wiener,p257_016,mid,6.995410204794538,20.483834290758555,1.6420479319691548,12.823600009585316,3.4752626419067383,2.8239474296569824,0.98955971760979,20.507798315046205
wiener,p257_017,low,1.6286663123487557,17.431623281892346,-2.6681757823267893,9.89186859277633,3.0767130851745605,2.1843650341033936,0.973016616537951,18.16724780875517
wiener,p257_018,high,16.839619324394302,21.096055094653185,9.928881562935391,13.928982860324144,4.005699157714844,3.3437507152557373,0.9884950648704631,21.062713836633225
wiener,p257_019,mid,12.053879534604022,19.438208041195853,6.032295500959367,12.44820632591056,3.381816864013672,2.7041566371917725,0.9847138829430382,19.431685992550285
wiener,p257_020,mid,6.387439647658354,18.251909585064524,0.1851875400185846,9.108276977187726,2.7098031044006348,1.9573966264724731,0.9505590467939419,18.25542023859648
wiener,p257_022,low,1.8955042465822012,17.84526297319435,-1.1029936000868816,10.500017115917917,2.925079584121704,1.9723249673843384,0.9456846249439589,17.78230275609072
wiener,p257_023,high,17.093130909292274,19.322836826328334,12.643035178380961,13.74366320196987,3.8101046085357666,3.279386281967163,0.9946076019892132,20.276752519957743
wiener,p257_024,mid,11.890572785451557,19.620694178550103,8.476979294663682,14.646334366174786,3.9126358032226562,3.340697765350342,0.991526024346059,21.18407216892289
wiener,p257_025,mid,6.103761603196569,20.88845064751701,0.05997067909023033,11.406161487463928,3.8351500034332275,3.18625807762146,0.9744768398824339,21.156859720784528
wiener,p257_026,low,0.557650698552471,13.41473137145428,-5.065634777443324,4.963246922029558,3.4803524017333984,2.3082025051116943,0.9240314556554398,13.237512039527026
wiener,p257_027,high,16.695558169728983,18.87586543489403,10.40017752460502,11.390921229293417,3.473051071166992,2.685664653778076,0.9762392090073322,19.198478282944823
wiener,p257_028,mid,11.32892941749158,14.363744711030225,2.8181487845152153,5.1517725585220635,2.7302584648132324,1.9822361469268799,0.9273866894053838,14.325883252791991
wiener,p257_029,mid,5.777558256951959,13.02962984416829,-2.509324053075921,1.9897805797796002,2.3154757022857666,1.6653172969818115,0.8625725768736316,12.868865702726248
wiener,p257_030,low,1.4588718594874386,12.282710550296175,-3.005603331354404,5.49632348093282,2.3752620220184326,1.183717131614685,0.9161964142279906,12.167668738382956
wiener,p257_031,high,15.152199285620163,16.001512399603925,5.80687114048076,6.68859428237237,3.342620849609375,2.315082311630249,0.8637328223705688,16.035448883939548
wiener,p257_032,mid,11.072928945791132,16.548179915868413,0.6807752014541684,5.661240673416594,2.9914257526397705,2.2364919185638428,0.9662744674810245,16.475657536895454
wiener,p257_033,mid,5.7618765831303085,11.686312934686837,-2.5590526590979765,2.2056511786401014,2.311276912689209,1.4488258361816406,0.8783398133193744,11.852704712891327
wiener,p257_034,low,0.7949124949611013,11.873085351531959,-4.297224195273157,3.3503877541735507,2.485520839691162,1.7546117305755615,0.872274946062107,12.24914277301448
wiener,p257_035,high,16.412045310962583,20.620594490016757,8.358126108069847,12.121824853077388,4.016162872314453,3.328763723373413,0.9985742784633186,20.671763820549884
wiener,p257_036,mid,10.088058401011843,18.8972374218053,-0.1533290634930363,7.170937483832505,4.10202169418335,2.5079421997070312,0.9859423911983344,19.310317408569073
wiener,p257_037,mid,5.498526837487946,16.656997199172096,-1.6802244276235214,7.446592379837388,3.471604585647583,2.471850633621216,0.950254343412823,16.730984072648194
wiener,p257_038,low,2.0352640017866017,16.30031419066168,-1.0106260397491778,10.393355485004495,3.6590709686279297,2.868058681488037,0.9820267789932393,18.164593590914393
wiener,p257_039,high,16.317540309385773,19.718370604175718,9.32337148132138,11.404122865218877,4.034715175628662,3.2197928428649902,0.9808177727875668,19.714392886981415
wiener,p257_040,mid,11.247602837151769,16.67455608845613,3.241487451213652,7.922840318365115,2.9954724311828613,2.3689942359924316,0.9682168225697795,17.342886246439488
wiener,p257_041,mid,7.207677066923113,11.382588551246222,0.3093383862643367,4.544482877282144,3.083385944366455,1.8124265670776367,0.9090819728370143,11.176318263839608
wiener,p257_042,low,-0.6922250472664349,5.4078859629922835,-5.439934458354101,-3.170293985431187,2.6417346000671387,1.1801754236221313,0.7303385850523325,9.375244141817094
wiener,p257_043,high,15.684107318202717,19.52530928784668,6.3594192941909435,10.771854178871088,3.8939449787139893,2.9242537021636963,0.9737005843630125,19.735112036117062
wiener,p257_044,mid,10.363274669038162,17.752163193468316,2.7616943665990723,8.311783646187083,3.4152133464813232,3.0018470287323,0.9871913201992705,17.683095212545254
wiener,p257_045,low,4.732722038412213,18.316184303971202,-3.73514720118245,6.029403643417067,3.6627449989318848,2.7443418502807617,0.9658327572509143,18.437815289195647
wiener,p257_046,low,2.2900212540871463,12.462158271679506,-1.6786258682708057,6.5340695602663414,3.7349696159362793,2.6336543560028076,0.8813469397717328,12.261722159929338
wiener,p257_047,high,16.113205495835924,19.6254446713222,6.047260645005551,9.304838632651563,3.4167823791503906,2.5032970905303955,0.9513625611158193,19.66417740590312
wiener,p257_048,mid,10.982170586268463,16.505193453704898,1.584151220576644,6.9155788189395775,3.0972213745117188,2.266029119491577,0.9326296122035815,16.462062797180536
wiener,p257_049,mid,6.832905834817568,15.10962262313556,1.8834553123261777,8.208822747937873,2.502556085586548,1.6851040124893188,0.9303924009269589,14.985789829685148
wiener,p257_050,low,0.29748539691863135,5.096776254328564,-4.840869366203103,-2.163282810065839,1.7613990306854248,1.0322693586349487,0.6147189074896597,5.1689830544584145
wiener,p257_051,high,16.904748450619017,17.300295046886752,8.850384557356097,9.416141564944704,3.5309276580810547,2.6980631351470947,0.9923799192002204,17.224140094717594
wiener,p257_052,mid,10.727246987475276,20.60843225130778,0.8752327454885086,9.47544960485986,3.748218059539795,2.641730546951294,0.9604705842672818,20.597577898808627
wiener,p257_053,mid,5.9344372904870255,9.962989536816343,-2.875197984844109,2.5151488355430867,2.282383680343628,1.2434545755386353,0.8979535858034337,10.767689608834834
wiener,p257_054,low,1.085227680539321,6.983105744840322,-5.524310099862158,-2.2437813653561167,1.770357608795166,1.171271800994873,0.7413163092085949,8.87172443115831
wiener,p257_055,high,16.066215769687496,16.433533220974994,7.397566696867757,7.876915512749444,4.294755458831787,3.4943315982818604,0.9955795243022952,16.3477323460023
wiener,p257_056,mid,10.12883245578587,20.011460788785197,1.23607006150595,8.837566937227514,3.762734889984131,2.9101803302764893,0.9813216521177803,20.2228362349192
wiener,p257_057,mid,6.453209055437135,15.689995668254802,-1.2651373818282097,8.094901059135042,3.8725616931915283,3.2433271408081055,0.9867419938788737,21.54393935792726
wiener,p257_058,low,0.42575971749553665,18.79811509946705,-3.888182661409008,7.269556154865358,2.9825685024261475,2.2344160079956055,0.9659671809246074,18.758535368407586
wiener,p257_059,high,16.698233903891655,20.549631565803498,7.429820137776959,10.579791029273567,3.158370018005371,2.5664117336273193,0.9817966944503314,20.695579023458322
wiener,p257_060,mid,10.392000498452242,17.99562052431957,0.8256020062932304,7.5787323686341255,3.2699811458587646,2.3744847774505615,0.9185378579744866,18.294270982587296
wiener,p257_061,mid,5.325114938678199,11.928629376409301,-2.98183154743121,1.006836653423896,2.5362517833709717,1.8283329010009766,0.8724237346519842,12.013558339839667
wiener,p257_062,low,1.1625259835893067,8.011379638343955,-4.484793718615441,-0.037363646980343015,2.3911166191101074,1.4259536266326904,0.8760822884695187,12.68055017376244
wiener,p257_063,high,15.633968195194479,17.07226965673562,5.683160550638234,7.323387027539745,3.2374768257141113,2.207552194595337,0.9274048088436735,17.31381273528917
wiener,p257_064,mid,10.201620672902408,20.040657956953353,-0.8467330512079851,6.81012738096244,3.4635281562805176,2.5467755794525146,0.9559601419857637,20.378978441428398
wiener,p257_065,mid,6.1321865640438915,17.64457821626265,-1.1950139624840987,7.712854299436301,3.6976120471954346,1.4251192808151245,0.9652333046418134,18.70278909857465
wiener,p257_066,low,0.6607432352399825,17.227523073076625,-3.7230738836051884,7.814154672296236,3.3954222202301025,2.3985860347747803,0.9171372393191698,17.900015922225506
wiener,p257_067,high,15.483402692441672,17.138738581088226,5.533812062138447,6.981449328345034,3.066640853881836,2.105088233947754,0.9279022592345829,17.0706810017425
wiener,p257_068,mid,9.974395622964863,16.49926024847083,1.0262543066307956,5.662165207224219,3.1812756061553955,2.0403249263763428,0.9358270862321735,16.561108743861006
wiener,p257_069,mid,6.884953139103973,9.232463631568042,-1.7466269772632788,0.5895725751996248,1.8378183841705322,1.2408349514007568,0.7470995960787735,9.086981716898933
wiener,p257_070,low,1.5572791095355019,4.221701867903925,-4.808389327325144,-2.933219425757648,1.4524292945861816,1.1588120460510254,0.7038663853788727,4.061334081223033
wiener,p257_071,high,16.712059922006453,17.14784688587257,7.84357848583135,8.759526341490265,3.446373224258423,2.6523947715759277,0.9783397798672395,17.0943876822337
wiener,p257_072,mid,10.715131024780518,15.046344412023544,1.8813883863485852,6.240388540667258,2.6072518825531006,1.7529475688934326,0.9158252605846098,14.91865216385856
wiener,p257_073,mid,6.216924948761497,16.117899587203432,-1.8137896766059487,6.453370616022295,2.9845826625823975,2.088608741760254,0.9433818555562681,16.017422808697784
wiener,p257_074,low,0.5920862208926404,7.217297285625519,-5.314162791808987,-1.7448226022069144,2.268874168395996,1.4649534225463867,0.8998812716733482,8.01223866751862
wiener,p257_075,high,15.345675061528684,22.3895060968672,5.843941589790619,11.132180015048263,4.3512492179870605,3.541940212249756,0.9933177855078922,22.38524174127193
wiener,p257_076,mid,10.66168573345281,20.216262359860156,1.9282915429686838,9.786118081515285,3.6712646484375,2.9676663875579834,0.9659923764405828,20.293296039582724
wiener,p257_077,mid,5.554817423037683,16.903204845369835,-1.0136609257364566,7.793380062371152,3.4914228916168213,2.6137075424194336,0.9743980054493828,19.30203423755315
wiener,p257_078,low,1.4310499929114084,13.06900731274819,-2.6627459327366467,6.767084647573182,3.4111034870147705,2.3153467178344727,0.9834230741246588,19.415699729898876
wiener,p257_079,high,16.376993071127483,17.527750891440945,8.017646822093806,9.556032413221123,3.5919852256774902,2.652876615524292,0.9751234615789365,17.760231849206313
wiener,p257_080,mid,11.553481744144245,18.33319894037951,3.4597930810456488,9.576577559480896,3.3382327556610107,2.546959400177002,0.9734021090975328,18.9321595145543
wiener,p257_081,mid,5.050570261980047,14.297686369378685,-3.3940029708276076,2.6904907973473513,2.5736193656921387,1.7837560176849365,0.7551677379428734,14.134079741219065
wiener,p257_082,low,0.935497444621573,14.640330516019,-3.7694396760596676,5.256489206359878,2.462006092071533,1.863513708114624,0.8783115077839125,14.520245745734268
wiener,p257_083,high,16.047476866576,17.522197818925424,9.354464372854352,9.12641159941908,4.325307846069336,3.903353691101074,0.9982552460803207,17.450767362513652
wiener,p257_084,mid,11.29778553940952,19.069786241224733,5.0356616996269175,10.730429040403175,3.928429365158081,3.1930220127105713,0.9853638214368823,19.01594105431559
wiener,p257_085,mid,6.767265911363821,19.37386491662434,0.9753592603589117,11.512668148542355,3.30891489982605,2.3488664627075195,0.9575083250726336,19.365132786041677
wiener,p257_086,low,1.4178280818607316,16.096980591822344,-3.0882930138967546,7.657536925044619,3.8518683910369873,2.581272602081299,0.9313577898063315,15.98951621831574
wiener,p257_087,high,16.056946632438653,17.3108519987021,5.612974941752428,6.904200169877292,2.541998863220215,2.0773870944976807,0.879134250719004,17.240206062342253
wiener,p257_088,mid,11.64224936377648,16.559013763992066,4.3948169648938515,8.566960618752603,2.602381706237793,1.951403260231018,0.9447050015973927,16.47539328763673
wiener,p257_089,mid,6.453346667432296,13.713557631990431,0.3188713499526375,5.4892840977646085,2.236701726913452,1.595876693725586,0.9090827613702528,13.525520941828312
wiener,p257_090,low,0.25448007826241514,3.442236784039446,-5.901658795460046,-4.192177383748429,1.5168476104736328,1.1221567392349243,0.6454241083150096,3.094672730726567
wiener,p257_091,high,15.795392652818261,17.15793031973192,5.4581754245928815,7.112446102855282,3.536236047744751,2.3743884563446045,0.950407996435949,17.152464937964137
wiener,p257_092,mid,9.694311620791753,14.222822737408176,-0.7516623994097396,3.329099474968433,2.9162750244140625,2.0348806381225586,0.7981237390856887,14.417904455278261
wiener,p257_093,low,4.626007086000875,11.072447764973399,-5.481704776028024,-1.6430458493392603,2.3070361614227295,1.3951356410980225,0.8466140520746034,10.87187805798199
wiener,p257_094,low,-0.606677132658243,6.446956219552309,-5.867828527587479,-3.0086192624475476,2.129973888397217,1.239842176437378,0.7015592454623141,8.115408907211776
wiener,p257_095,high,16.55426375969894,19.561785844315246,11.166773695501298,13.129122956089445,4.350623607635498,3.8616716861724854,0.9973546103233859,19.829549841006568
wiener,p257_096,mid,10.233395764131586,16.75592638147545,1.8643002599534395,7.154625366053777,3.9530956745147705,2.708958864212036,0.9345092297991965,16.696823206489455
wiener,p257_097,mid,6.004033912838734,18.76365596470229,-0.8250040876634641,9.126210789549848,3.7970776557922363,2.970825672149658,0.97201881757278,19.0833824237561
wiener,p257_098,low,-0.7404525013354436,14.805379032071492,-5.553548251433906,3.6480428914369463,3.0511133670806885,1.8353239297866821,0.7749137606264757,17.782238364577744
wiener,p257_099,high,15.805948599116403,20.352473868511602,6.791172782658416,10.95088206408728,4.0004496574401855,3.1698503494262695,0.982637050644032,20.45037700639088
wiener,p257_100,mid,10.123043300541003,18.757813339420416,3.0024774559135246,10.130217185865739,3.2858333587646484,2.0615744590759277,0.8777182750148984,18.712693227602465
wiener,p257_101,mid,6.418764357867355,12.03890504508256,-0.311479286206613,4.315319510617247,3.1284523010253906,1.4550440311431885,0.9255925609334735,15.22308987287216
wiener,p257_102,low,1.2622699439161633,11.826360708317408,-2.754962204303472,3.1379271072626453,2.023145914077759,1.3449389934539795,0.8645659566492749,12.840003577279536
wiener,p257_103,high,15.869949217415929,21.451482874364423,4.256622713359049,10.152415500710553,3.652742862701416,3.091247797012329,0.982617059890884,22.274753274259243
wiener,p257_104,mid,10.97252493996579,19.611856258308066,3.5673098097813676,11.131801028257307,4.163600444793701,3.607804536819458,0.9310838006788387,19.96491025938203
wiener,p257_105,mid,5.900063819454745,18.268310356486296,1.694381749490936,9.625492891473073,3.42647647857666,2.375342845916748,0.8933826016416195,19.615029913086172
wiener,p257_106,low,1.452708254374527,16.508456040242862,-1.8416393211091557,9.228401283639172,3.2821171283721924,2.4350078105926514,0.9585860608134608,16.417972742372427
wiener,p257_107,high,15.814028628034137,17.570114917624334,7.403615156504147,9.288312494946334,3.2986037731170654,2.4623701572418213,0.9157652087363898,17.52397940088028
wiener,p257_108,mid,10.710722943235215,16.18958558079698,1.2235281779744487,5.61333870122696,2.698612689971924,1.8595012426376343,0.9203726165855324,16.436481169294318
wiener,p257_109,mid,6.414865025440555,13.57493800449137,2.2740786109522446,5.7603671787117365,2.477046489715576,1.710204839706421,0.9457844098827314,13.500688336205132
wiener,p257_110,low,2.039526249619029,6.679464479197524,-2.182747543888293,0.05755957623553756,2.1689229011535645,1.2123305797576904,0.7205699197076633,9.109920801937095
wiener,p257_111,high,16.68445126475391,15.130909541244877,7.491528601465,6.224730154585233,2.954366445541382,1.9748201370239258,0.9326784084969825,15.06117961615087
wiener,p257_112,mid,11.007320640612729,16.911231966128547,2.358344874062379,8.110787491670427,3.0850138664245605,1.9243829250335693,0.935153577037027,16.837919178734428
wiener,p257_113,mid,5.743516335931801,13.174611319666578,-2.0870787058202946,4.488113167777315,3.255934238433838,2.1405389308929443,0.8661022484340729,13.185520519005909
wiener,p257_114,low,0.9199466710905027,7.604154126332477,-5.520369254339103,-2.4790293775150354,1.7809734344482422,1.0681761503219604,0.748455671471128,7.284180631470801
wiener,p257_115,high,16.14317122958642,19.673749128531476,8.336600181294589,10.566835834285378,3.8559000492095947,3.05403208732605,0.9923079135849204,19.632884294220908
wiener,p257_116,mid,11.74081209360317,19.69692233620991,5.959494940312756,11.674844305454842,4.05172061920166,2.5893728733062744,0.9975404876259975,19.712681136874753
wiener,p257_117,mid,6.4466057785704765,18.387855381878456,-0.719665513842263,9.363583508985382,3.108978271484375,2.2506771087646484,0.9703634194202947,18.338315098154013
wiener,p257_118,low,1.6683996131869148,20.246322582661268,-1.6205014809488427,12.19569934186814,3.1598377227783203,2.468050718307495,0.9887701038530694,20.54366923024958
wiener,p257_119,high,16.260427431569873,17.240854556315966,8.240196942243243,8.008618534397524,3.9042654037475586,2.9406189918518066,0.9326194000256026,17.2548369237911
wiener,p257_120,mid,10.057516310565758,14.366483236381924,0.14600829138892502,4.148483958153728,2.237950325012207,1.4336961507797241,0.864311204875376,14.47642772815714
wiener,p257_121,mid,6.59899212903745,15.776850408142929,0.287005358285762,7.219564350417357,2.7365992069244385,1.9288721084594727,0.9283174437784255,16.00760718168766
wiener,p257_122,low,0.18678355130444899,13.429050313933184,-5.119997820144311,2.875182768678562,2.2551469802856445,1.41382896900177,0.8586893886700756,13.229525405256329
wiener,p257_123,high,15.701741729559203,20.99905565488494,7.068089350036753,11.572221089234926,4.375995635986328,3.924013614654541,0.9983632728768657,20.965788667408425
wiener,p257_124,mid,10.258629837143458,15.914055458293301,1.446599091987387,6.262621936563143,3.643038511276245,2.3373100757598877,0.9455132742504134,16.30261600327345
wiener,p257_125,mid,5.009577828638534,15.078750131553019,-3.061275076524051,4.589153819850818,3.099410057067871,1.790217399597168,0.7980391715914142,16.02444783284515
wiener,p257_126,low,0.2225297987222285,16.028308249685207,-5.340296891534159,5.668843323967739,3.4604594707489014,2.08158802986145,0.8872606367902566,17.59730070941269
wiener,p257_127,high,16.338693553752293,19.832366190140213,9.649292734349656,11.252118083003003,3.1219375133514404,2.4374194145202637,0.9401936890782099,19.988609542063784
wiener,p257_128,mid,11.34871587855078,16.678939169449997,3.9868667724330558,8.057782428082673,2.845543384552002,2.061753273010254,0.9507421038140706,16.614615529184963
wiener,p257_129,mid,6.359505792418641,10.765953316592189,-0.9071372553582276,2.638161541054514,1.945142388343811,1.3812568187713623,0.7352593102407019,10.7087711173112
wiener,p257_130,low,1.214853060740746,7.044941893432847,-3.6496019854020982,-0.8861834052491214,1.7667253017425537,1.1840190887451172,0.7504124259790736,6.546859721131999
wiener,p257_131,high,15.203534201464084,18.118860312947696,3.2973515859659335,6.760393936945589,3.354548692703247,2.5487139225006104,0.9505539353979118,18.55784349908123
wiener,p257_132,mid,11.678629257302894,19.183403754812993,2.575198884065687,9.56560096799651,3.5598299503326416,2.3131117820739746,0.9490775949133422,19.929389135757816
wiener,p257_133,mid,5.8052384690011705,15.498764429653924,-1.8470762100492288,4.9431881546691505,3.3239753246307373,2.0268101692199707,0.9086958541270627,15.39306973794951
wiener,p257_135,low,1.5833936630197019,7.370260562392698,-3.5288341099217035,1.685658932592048,1.8903329372406006,1.287674903869629,0.897446997619244,7.128628185580846
wiener,p257_136,high,16.036393628239065,19.707677582566948,9.414470203492087,12.57229582020583,4.26040506362915,3.8471434116363525,0.9963920579292127,19.66673870890221
wiener,p257_137,mid,10.881615314972382,17.539734990343835,2.889405464357707,8.514252519602822,3.7397992610931396,2.6653051376342773,0.9364695882220956,18.23757873267931
wiener,p257_138,mid,5.738544684001252,19.769646613960205,-1.3462431026613966,9.55875500418988,3.4199929237365723,2.4448142051696777,0.9429789078777068,20.062381593656294
wiener,p257_139,low,0.10369841418299472,16.627863325558756,-3.7797924489105394,6.881002548523897,3.250919818878174,2.0303752422332764,0.8281346113979395,17.323906723705274
wiener,p257_140,high,15.506780227062196,15.521361540017393,5.390820244459309,5.529232123112597,3.4370813369750977,2.2272846698760986,0.8331608793041826,15.398719617487423
wiener,p257_141,mid,10.965654618981384,20.810841494411044,1.01815487023181,9.756621729463665,3.4225051403045654,2.5014774799346924,0.9620278740600255,20.830722675141793
wiener,p257_142,mid,6.473482787194391,16.638883363670608,0.09944245881001597,8.315755784809996,2.793894052505493,1.9014348983764648,0.9061864206197878,16.543730325150392
wiener,p257_143,low,1.2856452188942566,6.684250540733931,-3.1797087770395205,-0.15618913707282814,2.1262052059173584,1.1016656160354614,0.7761512608906714,10.01709703035091
wiener,p257_144,high,17.05822545932672,15.080172646183376,12.84368777186733,8.809490119203488,3.9094278812408447,3.4660208225250244,0.9965717193303242,15.064261610642188
wiener,p257_145,mid,11.978250508168953,14.756027739528449,5.443032511070576,7.6154679930757,3.9616219997406006,3.373866319656372,0.9749356548381647,14.969550760653402
wiener,p257_146,mid,6.118143482373623,16.767863133432083,-1.8097669843900597,6.869200376376096,3.1267428398132324,2.2614426612854004,0.9372848845567172,16.73579279411655
wiener,p257_147,low,1.7493788301556836,6.065553743954966,0.0334915189146812,2.2454609639623437,2.8351211547851562,1.9021588563919067,0.9446546441586643,13.396378160379863
wiener,p257_148,high,16.44306844055585,14.91997218752208,10.673295261528487,7.36246932029044,3.490736722946167,2.5731990337371826,0.9745705281977156,14.81034921691451
wiener,p257_149,mid,11.197464499593973,17.641737524742155,0.5240672382219034,5.747781599054232,2.581792116165161,1.8425135612487793,0.9027153519040285,17.602382497645802
wiener,p257_150,mid,6.009387443584178,8.473560488305754,-0.9777121985960628,1.2977728565463844,1.756469964981079,1.3400737047195435,0.8140763663962821,8.607649241622088
wiener,p257_151,low,1.2617289676467807,3.9285062023782604,-4.176490819990987,-2.7889688859195556,1.4323251247406006,1.1194556951522827,0.6637919201132326,5.454688666000177
wiener,p257_152,high,15.57894656374705,16.960247578540923,6.590451553951186,8.10243499637884,3.803729772567749,2.6266913414001465,0.9071247466737006,16.875188679793386
wiener,p257_153,mid,10.964002444427873,16.044545565334857,1.3629299215971418,6.081028636353467,3.008878231048584,2.0191855430603027,0.9414121809887261,16.07761167616648
wiener,p257_154,mid,7.165972538929282,10.332301110331343,-0.2453981634649353,2.324380379673895,1.7810006141662598,1.2189655303955078,0.8683578261973349,10.06280660360769
wiener,p257_155,low,0.774842732342716,6.206188683492079,-5.547815528891454,-1.831497709225441,2.357952117919922,1.3384172916412354,0.8786027301904579,6.474287440830494
wiener,p257_156,high,15.889298734939196,20.063288366437693,8.11053389640942,10.86743544031911,4.485640048980713,3.876209020614624,0.9984280157210043,20.130530848832805
wiener,p257_157,mid,11.551001190645025,19.88938541069889,6.594752508406113,13.076678516672908,3.9803593158721924,3.3261752128601074,0.9894828940730775,21.011408987119268
wiener,p257_158,low,4.959611361096371,18.017986132496937,-2.3061689031548096,7.943830782252815,3.9031121730804443,2.6519176959991455,0.9422104275611526,17.990117313831593
wiener,p257_159,low,0.4815078605427556,16.403744738977664,-2.778885537050304,7.968486639507429,3.0380022525787354,1.9338607788085938,0.9134437039268625,16.32090095311685
wiener,p257_160,high,16.560319700247657,17.389971159608088,8.554845007999827,9.634198812535997,3.902846097946167,2.5506937503814697,0.9623303696252261,17.324813771899024
wiener,p257_161,mid,10.648131386458473,14.610976790748232,5.8687981367575235,6.962615909467108,3.9133479595184326,2.4648263454437256,0.9544641995747137,14.533408622758785
wiener,p257_162,mid,6.489009303809299,13.787454982071303,-0.08624206952008848,6.592885283693055,2.641603946685791,1.7412855625152588,0.937846263237733,13.60994865399681
wiener,p257_163,low,0.9986911220984596,10.220922257916495,-4.193701924527596,1.051349907144621,2.27435564994812,1.464007019996643,0.8608536096745089,14.191965139930762
wiener,p257_164,high,16.54596553066384,22.210721886287807,7.102694077199413,13.587693464689822,4.1116132736206055,3.4737119674682617,0.9917776867786104,22.66678745531277
wiener,p257_165,mid,10.094796732103667,17.367898072632833,4.61171432129565,7.967366651448187,4.039018630981445,3.145632266998291,0.9813169351244041,17.36339572964879
wiener,p257_166,mid,5.225423533511563,15.8685296237128,-1.8148618528421638,5.34948759220998,2.7161824703216553,1.4628263711929321,0.865915844960577,16.27774937228204
wiener,p257_167,low,1.4341275895826398,13.334951996950304,-3.230064273651941,6.684022666884884,2.750741481781006,1.892959475517273,0.9336984862209503,14.586681751111906
wiener,p257_168,high,16.390920726360502,19.553040660890776,8.501840359046307,10.491618470824543,3.4120700359344482,2.4915573596954346,0.9701007812150882,19.583097400870695
wiener,p257_169,mid,11.267611152953334,17.375031730919737,1.3614297418181762,6.741599314049142,2.671175479888916,1.9159411191940308,0.9468656599436494,17.520099060485055
wiener,p257_170,mid,5.760715686141964,15.075798144763136,-1.5646241901499147,3.6159981231027456,2.8069753646850586,1.9078459739685059,0.8783167863262935,14.938901024440309
wiener,p257_171,low,0.8888768296365785,6.203867859542944,-4.259615161599819,-1.5554817624400943,1.6842539310455322,1.059635043144226,0.7476661614434543,7.090081639297327
wiener,p257_172,high,16.85048454547691,17.633567723998567,7.983545076846356,8.831661197288588,3.299145460128784,2.2918293476104736,0.9348905453063013,17.590586093087143
wiener,p257_173,mid,11.346044713489341,16.50526796470791,3.3201698896694474,7.775654061903715,2.806095838546753,1.9578934907913208,0.9155146183694244,16.73542137323919
wiener,p257_174,mid,5.353181658018666,18.49203660127197,-3.2886912899286354,6.906790848375233,3.604355812072754,2.1751554012298584,0.9211068047007879,19.679613620917745
wiener,p257_175,low,1.4502490112352553,9.538048826076622,-5.4843636512836245,-0.8730007605707744,2.001821517944336,1.095679521560669,0.8170629398122067,10.364241475953428
wiener,p257_176,high,15.33099974854036,20.689024978048156,4.289645921751008,8.921549140524473,4.382331371307373,3.3109688758850098,0.9978967059385987,20.735774014184717
wiener,p257_177,mid,11.604507658821186,18.902310634061074,7.90192360351434,11.647376195600966,4.103808879852295,3.582686424255371,0.9880285399515446,20.064469488262002
wiener,p257_178,mid,6.587502722847466,19.86154103715642,0.8639633026079361,11.324204100302753,4.148919582366943,3.355243682861328,0.9937688188827398,20.241590533586834
wiener,p257_179,low,0.008041895698570256,19.184196618739048,-4.916504348596843,6.805080194261699,3.6609761714935303,2.6014907360076904,0.9292435646437109,19.27059518759721
wiener,p257_180,high,15.435748841931202,15.35833306661814,5.584707377576658,5.782491819779005,3.231614828109741,2.1027414798736572,0.7879311575357771,15.276741040632118
wiener,p257_181,mid,10.754440849296019,18.70610225500747,1.4858789393480027,8.105123490926939,3.528315305709839,1.3017703294754028,0.9398121455365605,18.973873521573783
wiener,p257_182,mid,5.9960025824251195,18.387746734645376,-0.9683768532356148,8.140598039642601,2.9463698863983154,2.3287200927734375,0.9362406774843438,19.614261681327335
wiener,p257_183,low,0.18559879301521365,10.047748800645307,-4.678554877631314,-0.06432444893656815,2.3158302307128906,1.0920929908752441,0.7907624300978188,11.46298257715831
wiener,p257_184,high,16.388563846910063,20.69536427278851,7.8535465936007816,11.732472908208788,4.272028923034668,3.561048984527588,0.9972234530004038,20.745903851442137
wiener,p257_185,mid,10.878286860132524,19.598512117997878,2.5774365998500866,10.467091847615169,4.047932147979736,3.242983818054199,0.9903577644972353,19.90046018076671
wiener,p257_186,mid,6.7154312593956265,16.9151663471425,0.6002305282674663,9.683854067736007,3.6780829429626465,3.094360828399658,0.9842128044909605,18.930824421069076
wiener,p257_187,low,0.37014456760718245,16.042756981937792,-4.767907290578629,5.950781559531554,3.8762333393096924,2.7223453521728516,0.9674347645183725,17.557157615886485
wiener,p257_188,high,16.236412415140656,17.810910732764643,7.682208609908866,8.817594458077927,2.7633984088897705,2.2489981651306152,0.9419473863622086,17.74235592391402
wiener,p257_189,mid,10.734356435863585,16.69029960091519,2.1055208752532537,6.226310466534629,2.8699729442596436,2.0994577407836914,0.9335488121532174,16.60473359962039
wiener,p257_190,mid,6.439999953250867,11.257043416628406,-1.1723468394380845,2.5612148850478342,2.0014097690582275,1.4303693771362305,0.8117876846478578,10.95746765489783
wiener,p257_191,low,1.6321634604284607,9.243867697677326,-2.5074949464377805,2.2367922656485213,1.775890588760376,1.2266666889190674,0.8205392525877421,9.397865153228063
wiener,p257_192,mid,14.320811308184975,17.049129138724858,2.183836781320697,5.081039198552611,4.040536880493164,2.9260289669036865,0.9131491677510439,17.81345459221965
wiener,p257_193,mid,11.593118982084613,16.372751761503967,1.4125575899987606,6.2114098288240935,2.450258493423462,1.5642132759094238,0.9294795200683573,16.33272330988309
wiener,p257_194,mid,7.049920602222796,14.365714754189373,0.3501402340898687,7.417410183678996,2.991316318511963,2.247347593307495,0.9289348922568563,14.580794956690255
wiener,p257_195,low,0.5055366998661083,7.788151022035904,-5.1389524205827675,-1.0405264623104251,2.2313919067382812,1.3552757501602173,0.846799435364181,8.672090719026489
wiener,p257_196,high,16.5212715421236,22.397453162675088,8.74981612405094,13.038697714770368,4.17418909072876,3.375096559524536,0.9985615515622022,22.48128281884788
wiener,p257_197,mid,10.436289962988035,18.374029322135044,0.6891115564540209,7.101194254339707,3.251453399658203,2.4018001556396484,0.9750123690917881,18.310628952598396
wiener,p257_198,mid,6.456075468988594,19.100418752836394,1.3909488990695555,11.888360493616352,3.7818572521209717,3.107872247695923,0.9857200046966414,19.047185074322424
wiener,p257_199,low,-3.081986442958967,16.804580295390995,-7.043745982250048,2.8048160829256106,3.2956533432006836,1.8512067794799805,0.5534414909392614,18.669612138749216
wiener,p257_200,high,15.656267325876613,20.318802029134627,6.430247306101373,10.254090482451682,3.7417259216308594,2.8889167308807373,0.9666466674685978,20.75441448841844
wiener,p257_201,mid,9.885990250690602,18.971754807287535,0.25804127975612745,6.627403443129152,3.110192060470581,2.3989295959472656,0.8801654898233481,18.99007320563029
wiener,p257_202,mid,5.648756056402363,15.681631928461329,-1.8800972012142756,5.561372790000146,3.5872178077697754,1.983121633529663,0.8918245154320921,16.248535809090388
wiener,p257_203,low,0.832614681550265,10.296721855279005,-3.78859084850277,2.092130270945195,2.0391342639923096,1.2922134399414062,0.8635395648664431,11.0873481597547
wiener,p257_204,high,15.087047823215062,18.717917025821876,5.10125338371782,8.362505155626266,4.344207286834717,3.754063844680786,0.9776120445748667,18.743865928726493
wiener,p257_205,mid,10.341082280305036,18.833783492050948,1.6348653219777343,8.610062957371047,4.2684125900268555,3.4671671390533447,0.9144123049586539,18.786480704928582
wiener,p257_206,mid,6.481985566848971,20.06561203405731,2.153695137492906,12.421223702238885,3.5377705097198486,2.8441989421844482,0.9321952538936117,20.301421764818883
wiener,p257_207,low,1.5940919347187574,15.894976182063509,-3.3490340290140233,7.340900503510994,2.9154202938079834,2.0461361408233643,0.9371909461051996,16.975975439690888
wiener,p257_208,high,15.610553428392159,16.67902441165094,5.7533280389426755,6.97880153515696,2.818298816680908,2.020941972732544,0.8406739474964974,16.61058544953773
wiener,p257_209,mid,10.503441717669205,13.24822071577074,2.6972662701881,4.707866064608386,2.384838819503784,1.8180378675460815,0.848093047694665,14.85438437674852
wiener,p257_210,mid,5.786594318241724,13.482567356073115,-1.8715033917585666,2.744182796183909,2.4732117652893066,1.3886561393737793,0.8291172587364256,13.283777101683452
wiener,p257_211,low,0.9863344126293939,3.451820017528094,-5.226363186757434,-4.211088740697741,1.4035707712173462,1.1960633993148804,0.7672190641918619,3.4198662860066484
wiener,p257_212,high,16.830593830266345,19.916625316162047,6.215841756118993,9.812939193219911,2.8056564331054688,2.0524115562438965,0.9745600549790379,19.927291594027643
wiener,p257_213,mid,9.575395742680907,13.510075570841234,-2.098321101823208,1.4155032680998991,2.654761552810669,1.7847378253936768,0.8924190629101396,13.41044008309662
wiener,p257_214,mid,6.094069841324988,11.959175425941645,-4.145500336859939,0.9251158650518996,2.333608865737915,1.2788636684417725,0.7569865580474301,12.278106843862686
wiener,p257_215,low,1.4596214091149924,8.990125801507356,-4.610434915613225,1.0238797916576903,2.560908794403076,1.5897778272628784,0.8743679094959401,10.638489526661237
wiener,p257_216,high,16.3857995571868,17.772985254218074,9.792320647050454,10.353620107884106,3.902508497238159,3.0977299213409424,0.9935765341024901,17.71337643600171
wiener,p257_217,mid,11.454740708922548,19.088424804008692,5.319550848166447,11.617262827135974,3.813931941986084,3.120175361633301,0.9842603917705786,19.058635090502595
wiener,p257_218,mid,6.029067784933072,19.709515848977,-0.6159568785685856,10.222864947706244,3.0130813121795654,2.4069271087646484,0.9362400530833493,19.66929077751797
wiener,p257_219,low,2.157553529533062,16.50995500338617,-1.213747010727027,9.714989743284383,2.742666006088257,1.9732626676559448,0.9398703538936597,16.473313158389217
wiener,p257_220,mid,14.974822638084277,19.588034695975093,2.313525136148285,6.889446705750454,3.374018669128418,2.5763072967529297,0.9545493844466304,19.575649363476334
wiener,p257_221,mid,11.531552922443938,15.456466584175052,4.617994629564661,7.905275951487168,3.5680994987487793,2.5667343139648438,0.9430653597322285,15.347159699103976
wiener,p257_222,mid,5.822823139785629,13.835733884727237,-0.2185574105573492,5.484970059976834,3.118940591812134,2.0492076873779297,0.8374593366476473,14.069483195574737
wiener,p257_223,low,1.6731517409609176,12.413329651196282,-1.213784658252493,5.746068438439901,2.8964626789093018,1.7189733982086182,0.9106220844578784,14.454946207661308
wiener,p257_224,high,16.77985486407309,17.185537345892634,10.382708504909727,10.661662592197837,4.351805210113525,4.015336990356445,0.9994134902500896,17.103106700639454
wiener,p257_225,mid,11.486751629911742,18.2064611784792,5.254851994780147,9.595000513909685,4.054719924926758,3.3249199390411377,0.9888408048125358,18.282698283963462
wiener,p257_226,mid,5.761665272125378,18.37441999335812,-1.7409938626213914,7.445116795443707,3.888355016708374,2.8914198875427246,0.9734707328966438,18.510816747044608
wiener,p257_227,low,0.6900166458522039,18.338393985629807,-3.7430089919568017,8.79755189788456,4.064530372619629,2.9274420738220215,0.8297928621981667,18.275167319969572
wiener,p257_228,high,15.849094988335967,15.8643545092941,12.008592536713335,7.618554079967725,4.001181602478027,3.008399248123169,0.8751100745854784,15.779807084764945
wiener,p257_229,mid,10.733119208855896,14.214507352401299,1.1708986212327979,3.6760559636820913,2.353334665298462,1.5883939266204834,0.8335344919780858,14.102654042710974
wiener,p257_230,mid,6.2893844145451405,9.930311578284307,-1.0914648069754882,1.7192541213283172,1.7897673845291138,1.3903191089630127,0.8254416247108167,9.942606924601078
wiener,p257_231,low,1.5642154497352043,3.936085478444651,-3.7844236781321343,-1.4327226916589584,1.4930503368377686,1.0692116022109985,0.7617043842796134,4.158355929692955
wiener,p257_232,high,16.818794050930496,17.31929243298664,8.744897957476995,9.401148065929831,3.1581320762634277,2.4134016036987305,0.9709721267248386,17.27527766796453
wiener,p257_233,mid,10.731344487258909,16.48714290466345,0.39747422469135885,5.8584782555966335,3.596944570541382,2.5231435298919678,0.9249093880901024,16.539368972077035
wiener,p257_234,mid,6.975604231685471,11.54178280954579,-0.15959030457735468,4.006452614385274,2.1313037872314453,1.477881669998169,0.918866097203323,11.360168701806055
wiener,p257_235,low,0.9495209819708662,8.46329437538188,-4.575825391952522,0.4821342081002058,2.0528218746185303,1.126797080039978,0.8527552696445188,8.399614594399695
wiener,p257_236,high,16.41174737312882,19.864677529350708,8.506012493560494,10.888772596729126,4.322173118591309,3.544773578643799,0.9650502077076168,19.879739472158896
wiener,p257_237,mid,11.575412366460693,20.577474015741007,4.4206986015582395,12.065993897161198,4.075401306152344,3.1442759037017822,0.9912348751967747,20.562615974372154
wiener,p257_238,mid,5.588876090100625,19.263643545409415,0.3463660331382931,9.355446036444121,3.7610225677490234,2.8707218170166016,0.9602381431359485,20.401304321138007
wiener,p257_239,low,0.8661718700075538,17.834031411457318,-2.7469967661233636,8.927433650842495,3.234074831008911,2.1313860416412354,0.9268035437387669,18.406366656617273
wiener,p257_240,high,16.699079683129494,17.310327466085326,7.922808377043809,8.506830599847243,3.1784863471984863,2.465365171432495,0.8924508770424264,17.256384610608894
wiener,p257_241,mid,10.41732412537128,17.01154300597327,2.0497062122927625,7.616466175043437,3.537317991256714,2.400966167449951,0.9733688795015928,17.000153012820178
wiener,p257_242,mid,6.497607318594682,14.729889141968764,-0.748698718502695,5.663748572437918,2.607858896255493,1.9550299644470215,0.9218394210845687,16.594353647741894
wiener,p257_243,low,1.245705495144608,15.571166472347164,-1.733738795433104,7.250574106762413,2.886246681213379,1.7068874835968018,0.9345453876653896,15.826444228234706
wiener,p257_244,high,16.27664649858541,20.182359606399064,7.681951809913648,9.874033917250905,4.370858192443848,3.515883207321167,0.9956630096997602,20.257160777881076
wiener,p257_245,mid,11.434702426360637,19.892560651903274,4.960317472320402,11.350632761304405,3.6951651573181152,2.9077095985412598,0.9722464524973681,20.05280498917648
wiener,p257_246,mid,6.324240139221875,19.668111901613837,0.6766022233570663,10.952625497424897,3.274611711502075,2.4764044284820557,0.9551541120615279,19.900071205568302
wiener,p257_247,low,1.4191324085736814,12.791784470880794,-2.118700714923229,6.890747840250719,2.492976188659668,1.7204524278640747,0.8663412257410381,12.64043114966656
wiener,p257_248,high,16.434838528807422,21.818883822005088,11.21328657635826,12.34167807878657,3.816215991973877,2.9973528385162354,0.9820128752054726,21.988152383347376
wiener,p257_249,mid,10.38353837546495,14.804642514744284,2.6531044635260432,5.564969981133593,2.8251707553863525,1.9608707427978516,0.9401491676151823,14.703280397830934
wiener,p257_250,mid,6.081476364698808,15.088937447206664,0.6920448679816552,6.520850463066754,2.966609477996826,1.911978006362915,0.9273179667409439,15.871122785784753
wiener,p257_251,low,1.7960487639562888,12.640605039000292,-1.4212959424896219,5.4106075177695825,1.8348935842514038,1.3506989479064941,0.8810367998555682,12.464606390192518
wiener,p257_252,high,15.734821069271813,17.082501033522327,4.40169137094591,6.293709945156006,2.92303729057312,2.046027660369873,0.8739824870622469,17.040538165685764
wiener,p257_253,mid,11.273679836408428,16.043803262210737,1.609311832862949,6.128401393822114,2.5032639503479004,1.834545612335205,0.9242059376504386,15.957112756898459
wiener,p257_254,mid,6.7635433490328385,12.46698440793814,-0.04062101201036126,4.475583056181996,2.708311080932617,1.8869493007659912,0.8966045746002184,12.305027216380921
wiener,p257_255,low,1.1341607087552432,9.1227598720663,-4.8853923072116485,1.0367906733229793,2.423844337463379,1.7506071329116821,0.8325719433943152,8.73530981211104
wiener,p257_256,high,16.41944884744886,21.350749120041623,8.525743573760982,11.927729071929067,4.2040300369262695,3.641108274459839,0.9898764574120891,21.547653487758037
wiener,p257_257,mid,10.687710512262264,18.07321207523915,1.493631716701296,7.348682383006219,3.6799426078796387,2.652318000793457,0.9858087948153907,18.033606099425917
wiener,p257_258,mid,6.582137894067724,17.905468589176017,1.4007321777824548,10.232698651926563,3.565058469772339,2.8813791275024414,0.9590261499649114,17.852782666543952
wiener,p257_259,low,-0.004614490266968178,11.713470616268056,-4.8015415800670995,4.358224387299244,3.3620975017547607,2.0582168102264404,0.9359945276696796,19.669017786956704
wiener,p257_260,high,15.66347263802794,15.875189554148108,5.54094901304938,5.981408598584644,2.259403944015503,1.8168989419937134,0.8384585694741757,15.842622921314632
wiener,p257_261,mid,11.385976196130795,19.174170111107067,5.558174974318333,11.858416509434997,2.892068386077881,2.2495667934417725,0.9649478291900951,19.187816278697344
wiener,p257_262,mid,6.919670510908733,17.13589871851022,1.8014643283749796,10.152935215800408,2.76282000541687,1.311807632446289,0.9574239201163144,17.05202338407605
wiener,p257_263,low,0.4452121137897419,6.167015437026747,-5.910922063095423,-2.183542378434605,1.6683259010314941,1.0945179462432861,0.7901177167050814,6.496904880675438
wiener,p257_264,mid,14.573351690162044,22.293730978030677,1.250991115644012,8.18281845967692,3.6848385334014893,2.582930326461792,0.8898093594893497,22.6275127217598
wiener,p257_265,mid,11.336793301598986,21.333996890181805,3.95552161950312,12.468375930935379,3.565438747406006,2.927823781967163,0.9897338415208118,21.45411629544389
wiener,p257_266,mid,6.040424460804973,17.46460722420953,-2.2400232003849765,7.095348660594643,2.9982001781463623,2.31618070602417,0.9555746542613621,17.406308057074398
wiener,p257_267,low,0.42674563900093493,13.668942675939824,-5.12217583949983,2.456091138536163,2.8005683422088623,1.8132717609405518,0.8675061187241897,14.932243190279479
wiener,p257_268,high,15.976991642018685,18.03736829408859,5.522075713951643,7.561511057764816,2.773314952850342,2.0613961219787598,0.8663796299428015,18.024982202918714
wiener,p257_269,mid,10.782679063094044,16.326318589755157,3.95807276239911,6.810695180189176,3.0650827884674072,1.8315372467041016,0.9156028175021867,16.69874439414229
wiener,p257_270,mid,6.133191425163487,9.613107289097645,-1.4405182682798496,1.2677234805169946,2.173689365386963,1.3737797737121582,0.7518463477924113,10.46307417108073
wiener,p257_271,low,1.678882378672998,4.653436294184518,-3.60539602819737,-1.4158388046719834,1.5191271305084229,1.1605638265609741,0.7539869543582307,4.843433345355867
wiener,p257_272,mid,14.636908002796723,18.765955574173315,2.606634201339312,6.286126211654753,3.771040678024292,2.3448634147644043,0.8973880852955908,18.83315421057575
wiener,p257_273,mid,10.82469130709085,14.93879287109645,-0.5258374727831032,3.6167366621454504,2.720536231994629,1.7059741020202637,0.9211719946128903,14.889212077294843
wiener,p257_274,mid,5.1103808300699995,13.436441964389056,-4.076284776676594,2.190908883443559,2.704730987548828,1.7339664697647095,0.8302985326673974,13.287116523761977
wiener,p257_275,low,1.6102343529198997,12.79187179563754,-3.1700921616111004,4.795896264913546,2.2801904678344727,1.443537712097168,0.9054655776435008,12.942252318717838
wiener,p257_276,mid,13.51890463745683,19.79824613499381,1.3528055901966225,6.471764739265459,3.4986445903778076,2.649085521697998,0.8728407482310877,19.863561538406092
wiener,p257_277,mid,11.35531800423566,19.251824298416086,4.518594710298824,11.12119296506273,3.5181703567504883,2.6087448596954346,0.9818287509817166,20.875579350978974
wiener,p257_278,mid,6.137749947963389,19.880707929477108,-0.6376052907420452,9.358051527694263,3.6079001426696777,2.910191297531128,0.9779319409108261,19.914126624511237
wiener,p257_279,low,1.4868004599403077,19.150976914693175,-2.231310840197268,10.682742463574314,3.602245330810547,2.7156662940979004,0.9912048408042621,19.118045001170646
wiener,p257_280,high,15.884258337276389,19.870441987847734,7.446325388037401,10.083544275265261,3.926635265350342,2.9092307090759277,0.9846606658878297,19.956931172898408
wiener,p257_281,mid,9.994183444020713,17.82424790988101,0.6288437962306798,6.375976785966681,3.0796587467193604,1.9546904563903809,0.8884192363497082,17.86927244638652
wiener,p257_282,mid,5.330963647887806,15.133794032154523,-0.9887536921719047,4.245688774721387,2.3248720169067383,1.7400050163269043,0.9318847149306113,15.394422016740672
wiener,p257_283,low,1.4032239331100362,11.84469093761044,-2.283520389591069,4.772777024339072,2.8555495738983154,1.764818549156189,0.926368854998006,15.371794692209155
wiener,p257_284,high,16.388912911503304,20.663962926787374,13.069365179312683,11.571084014128965,3.801769971847534,2.8294620513916016,0.9712603883053053,20.62721624948637
wiener,p257_285,mid,10.024204469887785,19.38099032666819,-0.4761963218262058,7.168143405307855,3.8343212604522705,2.922760486602783,0.9378394979817278,19.971954572907308
wiener,p257_286,mid,6.048156687374197,21.559687066872918,1.3221533469124231,12.8208285222701,3.7167751789093018,2.807910919189453,0.9732484846202747,22.6607694514043
wiener,p257_287,low,0.09483102492760093,15.714223447908392,-4.202569046527684,5.684095926747907,3.517301082611084,2.905900001525879,0.9734969059112212,19.419245267748273
wiener,p257_288,mid,14.819839258319771,15.861730685992603,3.2331129914122108,4.357637304989361,2.5990283489227295,1.8800674676895142,0.78223329316937,15.826394619215584
wiener,p257_289,mid,10.802902019726838,16.212319169973874,0.20570152116598303,4.819105911153368,2.8279364109039307,1.8699288368225098,0.8474428979095268,16.222567976848403
wiener,p257_290,mid,6.167196061707093,10.034930159599929,-1.0876672668993252,1.481796276191754,2.2321088314056396,1.4337705373764038,0.8691215870956811,10.604221304538
wiener,p257_291,low,-1.333620576024398,8.563067015479525,-6.455411826073984,-3.3457362949817084,2.397706985473633,1.0416170358657837,0.604465160466952,9.264652939685238
wiener,p257_292,high,16.607344225784324,19.947081333601567,9.39970288641221,12.618921827704863,3.4719386100769043,2.916020154953003,0.9565167162539953,19.923523770402404
wiener,p257_293,mid,10.004665850223367,14.139511435888776,-1.4419476539212333,2.634617858864798,2.722545862197876,1.7646167278289795,0.7998317865911176,14.508954435152654
wiener,p257_294,mid,5.828345928214834,15.304872931236599,-1.6277668091107997,4.552233157356042,2.588163375854492,1.7880024909973145,0.938391054068038,15.352343949228429
wiener,p257_295,low,0.5787309223404942,5.9257282637095,-5.636956757383293,-2.977916632573375,2.0223851203918457,1.250077247619629,0.8227929583339894,6.681729620048145
wiener,p257_296,high,15.860750170819903,20.368541040195808,7.3685915860814974,10.413857860207019,4.068760871887207,3.3828988075256348,0.9576738110582527,20.374528686567057
wiener,p257_297,mid,11.299215003365415,18.702335112538233,4.4858061944528504,10.770043843463906,4.011943817138672,3.2793774604797363,0.9943363194063582,18.644706131395093
wiener,p257_298,mid,5.872555994447507,17.703394486517404,0.3576105815602152,9.026196727034778,3.7486164569854736,2.8374781608581543,0.9339077082780131,17.78429410065283
wiener,p257_299,low,1.509575794803917,19.6742281176237,-2.044553109277228,11.354810758885419,3.4912312030792236,2.7724931240081787,0.9697792508416062,21.85651132847456
wiener,p257_300,high,15.600991498589634,17.57069113416104,5.212647450283865,6.6691903237798185,3.599249839782715,2.8032026290893555,0.8766383138389803,17.49637864764335
wiener,p257_301,mid,10.051294197942456,18.314566119548473,0.41230482762517423,6.828273008305299,3.3585832118988037,2.611933708190918,0.8507547512405276,18.260573452772213
wiener,p257_302,mid,5.627609087300042,15.806913884564594,-3.8279192629388303,2.613276049942866,2.7988975048065186,2.194044828414917,0.97299512548627,15.692438452435617
wiener,p257_303,low,0.878673115698303,9.863662122787217,-3.6655194061104845,1.0433268832895237,2.1480062007904053,1.2796962261199951,0.8172324781637718,10.21825260102188
wiener,p257_304,high,15.875235860306194,16.411581414576602,7.024990350158845,6.836923372344045,4.38745641708374,3.9342124462127686,0.9727113841089489,16.42725315984624
wiener,p257_305,mid,10.438288046983796,20.80170918402496,1.1103841466332267,10.702589268532755,3.14117693901062,1.9498569965362549,0.9309598934752856,20.76580150884824
wiener,p257_306,mid,6.828389686825311,13.014881395932374,2.2136158441068194,6.200917810949003,3.9743597507476807,2.686131477355957,0.989087086960406,13.609560668982915
wiener,p257_307,low,1.534026707931323,18.555465439067817,-3.8554469424702766,9.293385615863741,2.9218435287475586,2.1802821159362793,0.9577622324437726,19.294436934684896
wiener,p257_308,high,16.13904482117545,19.023968564703924,8.113138158381352,10.57681707154787,3.1496715545654297,2.3657498359680176,0.9482372687473516,19.07784246387195
wiener,p257_309,mid,9.305951914267238,14.876446252376539,-1.8228656959621576,2.8397628447271406,2.786639928817749,1.8170746564865112,0.7923114882655017,14.880721785315483
wiener,p257_310,mid,5.186299062738717,10.406982092706613,-3.0798777414213965,0.43679078118920694,2.046689987182617,1.3742761611938477,0.7907001094048117,10.038260313622178
wiener,p257_311,low,1.3502110555260916,7.395221548608739,-4.167545763540474,-0.840109997707965,1.7429274320602417,1.1869040727615356,0.7717033945847364,8.560918403847241
wiener,p257_312,high,16.172240032545172,18.94551279141033,5.1450841264387615,7.9640945244105525,2.9172964096069336,1.9878859519958496,0.9319244145761274,18.93701627984419
wiener,p257_313,mid,10.578535268098667,16.403355348751806,-0.2909510838649136,5.0101329687032505,2.771591901779175,1.9910902976989746,0.8987091320965979,16.427674882566766
wiener,p257_314,mid,6.641924423509792,12.265585534007876,-0.3235543674817935,5.8464627887631755,2.494210720062256,1.6526461839675903,0.93091024092491,12.030754445062577
wiener,p257_315,low,0.516376124581541,7.493450515852311,-5.539374314050018,-1.8501211820302608,1.7294156551361084,1.1373060941696167,0.7361209404632467,8.052012275524891
wiener,p257_316,high,15.787298366927462,18.44431867054113,6.537471391994266,7.797965151840794,4.12741231918335,3.042945623397827,0.9806222760594442,18.383077171901434
wiener,p257_317,mid,10.810451599000066,20.066157825581502,1.6835471104875248,9.376385804176197,4.18538761138916,3.1044704914093018,0.9896461882242952,20.035171340528606
wiener,p257_318,mid,5.47027715761862,18.841729188985735,-0.8582839501717545,8.453680810273509,3.9217312335968018,2.9932661056518555,0.9130322614387428,20.159113430173313
wiener,p257_319,low,1.4377871096365067,16.969539288822787,-0.8077307288803423,10.635325188927803,3.064500331878662,2.2079970836639404,0.952661409985391,19.669470773699402
wiener,p257_320,high,16.423033812167354,19.949751236543996,10.494981479076143,13.929475349836919,3.894233226776123,3.4124794006347656,0.980788480040604,19.929401237049312
wiener,p257_321,mid,10.668761859771067,19.11532576170474,3.9485634822297406,9.594818967828486,3.446354866027832,1.286573886871338,0.904310585137054,19.078113323175884
wiener,p257_322,mid,5.120517280831098,14.009800493424544,-3.0434157402307087,2.250123195670319,2.699398994445801,1.1359575986862183,0.8720308378963432,14.159892211999814
wiener,p257_323,low,1.2876260734049563,12.559426986921128,-4.33157340739891,2.960260127143341,2.9377264976501465,1.1528041362762451,0.8710968184834287,13.079538738629864
wiener,p257_324,high,16.6466456408175,20.936352805348292,10.29232663231829,13.628722766070814,4.34596586227417,3.8373138904571533,0.9955976261944921,21.17086733357064
wiener,p257_325,mid,10.413371307341464,20.417520989783995,1.593592297028335,9.971460638239714,3.995544195175171,3.075523853302002,0.9919643546980084,20.378057853463662
wiener,p257_326,mid,5.9374091359629935,17.69639542543282,-1.600211557275647,7.256882717465741,3.9320123195648193,2.986567497253418,0.9883803274103674,17.622049537238695
wiener,p257_327,low,0.31965001338055754,15.725085938684469,-5.532131856483212,5.278172716002173,2.835826873779297,1.939622402191162,0.9004099518879947,15.619297767455347
wiener,p257_328,high,15.225637927570293,20.48704704200626,4.6761918838999055,8.762879640059614,3.185248374938965,2.4903697967529297,0.8797893279862822,20.44823837804991
wiener,p257_329,mid,10.327482309418702,15.190915781206575,0.944442075312732,4.331668525003301,2.5230958461761475,1.744543194770813,0.8326781424396429,15.435388484481734
wiener,p257_330,mid,6.469482234226179,12.556535406301832,1.830285638448006,6.011957388209686,3.2267372608184814,1.5851190090179443,0.941365153944528,15.287238081799204
wiener,p257_331,low,0.9791108366250333,4.550872405834828,-4.672947786820641,-2.725961019492645,1.5768401622772217,1.171889066696167,0.7542026650100333,3.93397049271051
wiener,p257_332,high,16.51515168279133,18.700131448673204,7.662584839036985,10.162125050873945,3.156646490097046,2.2372262477874756,0.9689372925141224,18.660640490829334
wiener,p257_333,mid,11.106897462284795,16.66231717517599,1.2829438610599089,6.615206162707441,3.46262264251709,2.395944118499756,0.968869581400947,16.6086552137547
wiener,p257_334,mid,5.427404240599673,13.95876892921912,-2.7949265949962165,4.757480143820531,3.125058174133301,2.020240306854248,0.8293773579258499,13.977710817393685
wiener,p257_335,low,0.5214691538830828,7.374043380813921,-4.265862558026963,-0.5783504980471526,1.873152732849121,1.2991318702697754,0.7953612450482151,9.51971605306664
wiener,p257_336,high,16.33419273334172,22.185091250097265,7.200826946152932,11.652886685800214,4.258695602416992,3.1255123615264893,0.997919901573776,22.16619761329058
wiener,p257_337,mid,9.78600846472785,15.523269685874295,0.4774129786624753,5.383622975641783,3.257084846496582,2.2569825649261475,0.9172860894223548,15.428724963320079
wiener,p257_338,mid,5.982094114366738,19.454920666757715,0.8579690133044114,10.588487550856021,4.161645889282227,2.9669461250305176,0.9188530675952742,19.527138489910275
wiener,p257_339,low,1.574009967574932,17.98939313708977,-2.9090355406254003,9.51857572851761,3.6168322563171387,2.9064414501190186,0.9831676560830819,19.09166553600909
wiener,p257_340,high,15.590726432739984,18.14925659140799,8.174347779329379,8.489953985427201,4.166173934936523,3.0158908367156982,0.9784732400294555,18.183476299731872
wiener,p257_341,mid,11.163020754306297,20.422675084230058,2.7167064832887973,10.569941187996239,3.3502631187438965,2.4776670932769775,0.982845696845428,20.383350475596515
wiener,p257_342,mid,5.3820534360139884,17.966787439494492,-1.7615728889284963,7.1787448837229,3.2096757888793945,1.966773509979248,0.9209736794261268,17.9046127940684
wiener,p257_343,low,1.3294784559805506,13.620508140936858,-3.208595499068217,5.446513063232167,2.68625807762146,1.562889814376831,0.9299756063162583,13.909191402710622
wiener,p257_344,high,15.754319845212681,20.613223671087624,9.75803838071343,12.501664576349437,4.311959266662598,3.339376449584961,0.9780590851621344,20.58565561278477
wiener,p257_345,mid,11.448723582192509,19.40886415786039,6.3444617372480705,11.63570399961137,4.134135723114014,3.665377616882324,0.9799356972631446,19.358853918234463
wiener,p257_346,mid,6.090632270315092,19.966924403320288,-0.6565585009313495,9.662055513988898,3.613194227218628,2.5697100162506104,0.9416217926988266,19.93031418004008
wiener,p257_347,low,1.522027147036297,12.752498749241173,-3.914101045408692,4.869039205852721,2.658893585205078,1.911056637763977,0.8887604182274423,15.623088452740896
wiener,p257_348,high,15.955517908400603,18.058120764636875,5.416915562828724,7.4512952200651865,3.1846532821655273,2.3167529106140137,0.9426309546068837,17.99025815679962
wiener,p257_349,mid,11.018771937601704,16.894151894209223,2.9968453697794413,7.40198582375781,2.3681204319000244,1.7916734218597412,0.9275918176015338,16.80715603160372
wiener,p257_350,mid,6.944879640556919,11.306195391745064,1.1104716596049033,4.762082957248895,2.1609394550323486,1.416480541229248,0.9133875733552904,12.130331876880769
wiener,p257_351,low,1.421135692050097,5.1519288183578436,-2.147925507703711,0.060511585238772723,1.6084221601486206,1.1820058822631836,0.7719488776291283,5.234416632461219
wiener,p257_352,high,16.067217223377586,18.012391469865257,5.430236739261855,7.706747880806914,3.7642056941986084,2.81024169921875,0.9341323093291213,18.210539584165687
wiener,p257_353,mid,10.500930330268298,15.475979001916087,0.38136604729379525,4.840407806202449,3.1287713050842285,2.0634119510650635,0.9132442654379781,15.624810878162425
wiener,p257_354,low,4.929908050406335,11.41911523153861,-3.9812197908828386,0.6871723876955034,2.484645366668701,1.6061018705368042,0.8054175364269617,11.776523222641199
wiener,p257_355,low,1.2941894488058088,4.422852776551395,-3.9686359445000274,-1.2390312603804934,2.1111111640930176,1.3910365104675293,0.8869964410998883,6.196353574048742
wiener,p257_356,high,15.662191355262014,21.256041719808444,8.400014638253692,12.093937939803093,4.35848331451416,3.3264882564544678,0.996529036770006,21.260993233801535
wiener,p257_357,mid,10.91737243454292,20.49920038902515,2.731598223755041,10.851255820372465,4.279576301574707,3.4324870109558105,0.9985100185109639,20.64697961853721
wiener,p257_358,mid,6.639122119975402,18.28546434835276,2.0734880299780754,11.709854896060454,4.129581451416016,3.514692544937134,0.9777388751599321,19.820600486028603
wiener,p257_359,low,1.0203722577377097,15.22615400691743,-3.8907359407171143,7.2338766572813835,3.5021064281463623,2.601975917816162,0.96500704170675,17.521336845713144
wiener,p257_360,high,16.4104065684148,19.121052245822916,9.198184358881234,11.75986956835351,3.6872942447662354,2.973400592803955,0.9895802982006355,19.07080525370686
wiener,p257_361,mid,9.899335014969951,19.444346810032297,0.3512221652636004,7.068435350559744,3.520761251449585,2.2557010650634766,0.9522689360159594,19.589070190991414
wiener,p257_362,mid,5.1054543451618075,15.215916333737391,-3.4235815982190165,3.0388290655877386,2.6607303619384766,1.5129098892211914,0.9119240034273765,15.83136524984441
wiener,p257_363,low,-0.010297103122045395,13.433483434550645,-4.834133867734798,1.708810130418162,2.3511626720428467,1.0874598026275635,0.7626597922041735,13.446465416399857
wiener,p257_364,high,17.084067681898947,18.060460689711412,14.255378672691068,11.738112655393847,4.416631698608398,3.754305601119995,0.9978485158353249,18.000258661133767
wiener,p257_365,mid,10.557344003740639,19.60297869831122,2.932922675740405,10.391433323700758,4.119747161865234,3.3776464462280273,0.9862286902907494,19.64910152658417
wiener,p257_366,mid,6.625956810832947,14.629605479753302,2.094018997377664,8.984033269101822,4.16629695892334,3.3589227199554443,0.9891639487055146,20.19907471949606
wiener,p257_367,low,1.6583220983104228,14.580562796415418,-1.386735862998359,6.836899740551412,3.0483574867248535,1.7931931018829346,0.9751048894806239,14.64216933014649
wiener,p257_368,high,15.79370130488086,17.534621236292757,5.475864462965642,7.202726676422248,2.885571002960205,2.3382177352905273,0.9253462688753752,17.459862020548965
wiener,p257_369,mid,10.383336557647787,20.468208152593736,1.6871220892808407,8.327753966553153,3.2878623008728027,2.4935355186462402,0.9260838917808465,20.449824598971233
wiener,p257_370,mid,6.138899995812956,11.025988731718172,-2.649044606917203,0.8620421617886328,2.0767242908477783,1.466616153717041,0.808761644189848,10.8288271329764
wiener,p257_371,low,0.4253551758264702,9.422804773148092,-2.5702249169793063,2.0065799829841144,3.0140254497528076,1.3354129791259766,0.9132927171861119,12.055492917990623
wiener,p257_372,high,15.978296937291038,19.029027145627264,6.922075955118008,10.295172767307,4.15392541885376,2.9945015907287598,0.9932369277213043,19.004700755020316
wiener,p257_373,mid,10.542305742967892,16.698837892772328,2.6825083039466926,8.195881368714694,2.753666639328003,1.9676607847213745,0.9390059328224698,16.606009071088987
wiener,p257_374,mid,5.808880181763859,16.950697676460294,0.06078388793268088,7.532250481329796,3.3192217350006104,2.2970070838928223,0.9336734649090005,17.374917527686296
wiener,p257_375,low,2.0616652708091383,5.695740358419768,-3.7579331414841044,-0.6502591170200558,1.8067079782485962,1.1006944179534912,0.7538693200404544,6.078424904864587
wiener,p257_376,high,16.735258348026605,13.082575579843114,8.885507007124321,6.384232679035431,4.0167412757873535,2.9226272106170654,0.8889791315099524,12.890452402208954
wiener,p257_377,mid,11.02258732763052,21.040827954392057,4.150184944620601,12.07363273805999,3.8957459926605225,2.621119976043701,0.9420756821208173,21.00910258843244
wiener,p257_378,low,4.7097004045813415,16.504719320505373,-4.021051404935854,5.029546418279171,3.4918313026428223,2.617779493331909,0.7799492853879995,16.629168163212977
wiener,p257_379,low,1.301630293349019,10.353901522740525,-2.239692644166119,5.308360567621141,3.2642159461975098,2.4572126865386963,0.9650408591234323,17.751886130782975
wiener,p257_380,high,16.255370071808233,18.628335883944256,8.845162026714721,10.714870002498289,3.5923845767974854,2.438002347946167,0.9898862597445445,18.9561755261192
wiener,p257_381,mid,10.992484982984346,18.049503740080695,1.9071407679004555,8.033351923683147,3.229984760284424,2.42356014251709,0.9278410227224133,18.306767947436267
wiener,p257_382,mid,5.067746729129902,13.71491587786548,-3.0089063167462995,2.679556621124508,2.621521472930908,1.9381752014160156,0.897111527099601,14.192529123428205
wiener,p257_383,low,1.6164138280719915,14.455604216893382,-3.3257004654561353,5.057415064304412,2.4201176166534424,1.2436522245407104,0.924234325813604,15.005544484885645
wiener,p257_384,high,15.786920218254306,20.69996716046876,7.5166396417165355,11.222472983197958,4.175632953643799,3.2913618087768555,0.965628138725441,20.884214765240415
wiener,p257_385,mid,11.537749169872377,15.001719597203369,3.632903967915259,6.26959406337036,4.047607421875,2.8904054164886475,0.9366317288129564,14.931912814053865
wiener,p257_386,mid,5.450645318995538,19.845799144504102,-1.5316735394943024,9.282554942245884,4.114930629730225,2.938650131225586,0.9819775802671127,19.800624558921925
wiener,p257_387,low,-0.6810108024285859,11.604833862723423,-6.122403842842872,1.3548039927623474,2.7020251750946045,1.129325032234192,0.8325645464000244,14.628288779898336
wiener,p257_388,high,16.04424054808549,18.91881763481492,6.3919935088347275,7.637503680613179,3.3301210403442383,2.227933168411255,0.9616569990060484,19.826702991717323
wiener,p257_389,mid,11.857434011598807,15.750930733016384,4.618010212191859,7.649947597413011,2.6664376258850098,2.070901393890381,0.9402364760480781,16.112532964898154
wiener,p257_390,mid,5.996592860070664,12.601221653525435,-1.8172312456875135,2.3497669764933464,2.2632455825805664,1.5712978839874268,0.8979948116176334,12.662413397316488
wiener,p257_391,low,1.4506360080752438,12.173318862788191,-3.0133297339778737,4.429830793296729,2.4920501708984375,1.50340735912323,0.8444952356975663,11.925910638187911
wiener,p257_392,high,16.853624171511132,19.06875003456379,7.95187206931649,10.082966945944422,3.5373222827911377,2.598224639892578,0.9858006290058845,19.018787749417957
wiener,p257_393,mid,11.079778128413258,16.308541304646138,2.8055172040667045,7.783132653113389,3.347561836242676,2.54109787940979,0.9504427332050635,16.22793512836024
wiener,p257_394,mid,6.420030600830813,15.59923362431894,-0.5189344066622983,8.130127491176802,3.1485421657562256,2.3221700191497803,0.9638798710941209,15.538746421483937
wiener,p257_395,low,1.0897008793758898,4.685698483353611,-4.277437827482415,-1.8112939743773033,2.1708927154541016,1.4105656147003174,0.8996707559253638,4.985708527443275
wiener,p257_396,high,15.762296706174103,19.763557604333233,7.710425457719591,10.974434754450135,4.395537853240967,3.559497117996216,0.9959443386379842,19.887933632343678
wiener,p257_397,mid,10.376443333779994,20.233690027931488,1.762411060759335,9.952937232650731,4.279163837432861,3.3830792903900146,0.9955392150367247,20.452336606070155
wiener,p257_398,mid,5.3904837914098955,19.465918658292235,-1.3255196553961317,9.175729971943959,3.714754581451416,2.131254196166992,0.8744998449655017,20.156501141633516
wiener,p257_399,low,1.750645088778613,18.140419121103076,-2.9915324304037787,9.236730724479429,3.508028268814087,2.73862361907959,0.986280972067346,18.619991976035198
wiener,p257_400,high,15.655341805512194,20.461736078074203,6.286467263837097,10.268133254897608,3.5494518280029297,2.7725908756256104,0.9040121214846888,20.422559425573073
wiener,p257_401,mid,10.26569035007515,16.62532979839919,-0.1538755058761262,5.5229365358625975,3.0041494369506836,1.9807689189910889,0.9217888548376623,16.533612588139334
wiener,p257_402,mid,6.380214105072623,16.78341454313437,1.9641114626108667,9.012919692157595,3.351146936416626,1.7250888347625732,0.9639750427363017,16.78346207991695
wiener,p257_403,low,1.0430403772778325,13.586177881786167,-3.39471124346965,4.939040887775818,2.6333670616149902,2.112149715423584,0.9295536102049755,13.407818341465859
wiener,p257_404,high,15.222253916547832,18.3217914444854,7.366995892182905,8.37872330295864,4.269337177276611,3.543250799179077,0.9179817579824681,18.32173692366361
wiener,p257_405,mid,10.626429607854046,18.817839342592613,0.10734418290182876,8.3996984506492,3.1579246520996094,2.385009765625,0.8941669394629621,18.798677080358917
wiener,p257_406,mid,6.545836815478311,17.713986138139855,1.5818927734952393,10.278751626550758,4.092909336090088,3.6132426261901855,0.983813339040531,19.04352494235463
wiener,p257_407,low,1.3695580224173365,16.008715539444083,-3.1925169879635455,8.524751142950151,3.569129467010498,2.5975282192230225,0.9765104919521577,18.780256200343313
wiener,p257_408,high,16.158623506988988,16.62766875459827,5.635265470160091,6.256503880334185,2.8452141284942627,2.2189323902130127,0.931119030975847,16.5356364133075
wiener,p257_409,mid,10.098274071262745,16.65103538697184,-0.9892474299759159,3.225126628973194,2.687239646911621,1.9445173740386963,0.8917997945722453,16.56815978875608
wiener,p257_410,mid,6.5784080079088545,16.085361847149223,1.1929456895516664,7.562952072334305,2.9281773567199707,1.7523020505905151,0.9358291223889929,16.430001118707963
wiener,p257_411,low,1.8096293342400307,11.321432276132615,-0.7848059284827675,4.785374440016477,2.0283167362213135,1.2845745086669922,0.8940412882949335,11.224090329204033
wiener,p257_412,high,15.28688152986492,20.929389142970706,3.783468860379784,9.007082103512916,3.964324951171875,2.6648080348968506,0.9835907717096486,20.90654632136818
wiener,p257_413,mid,10.981548136140935,16.33704839805699,2.190215615953529,7.565715587919799,3.145599365234375,1.9536936283111572,0.9395019301821675,16.247944848780644
wiener,p257_414,mid,6.454198965740049,15.204022816612037,-1.3397413422309012,6.280777725197545,3.250124454498291,2.2615232467651367,0.9235062657218789,15.960518818909604
wiener,p257_415,low,0.6692530443864015,9.544285052624716,-4.99102059407286,0.13996144753953496,2.00164532661438,1.5360294580459595,0.8401778537457154,10.11785701905097
wiener,p257_416,high,16.015811213386318,22.18643144754474,7.141372316220246,12.364251214764606,4.166621685028076,3.4486141204833984,0.9967061286378212,22.341749995087376
wiener,p257_417,mid,10.385983877907792,22.609241450712368,-0.35021835878791896,10.071235562914117,3.705742120742798,2.9129810333251953,0.9895958649126309,24.49671186275109
wiener,p257_418,mid,6.299320137984421,20.16442122149231,0.5214932213931083,10.870855678889349,3.2001986503601074,2.3923323154449463,0.9528189447090544,20.66231935880107
wiener,p257_419,low,1.0645980836421147,18.230457250427207,-2.922496857731758,8.794963823173918,3.6263210773468018,2.573885440826416,0.9637638284424596,18.598660365942084
wiener,p257_420,high,15.151142148996454,20.469800335071135,3.9639819926490367,8.322855403613582,3.811720371246338,2.6946301460266113,0.9776707339465434,20.520715196410325
wiener,p257_421,mid,10.287918293538077,18.22579617903346,2.3647980094497605,7.745726749478455,3.770343065261841,2.4752962589263916,0.8503805622508308,18.178059167131284
wiener,p257_422,mid,6.448492168410304,11.349771253558137,-0.3367653180670993,4.602184803924193,2.0185108184814453,1.4756007194519043,0.8448742039554726,11.308366296862758
wiener,p257_423,low,0.3499491807957521,13.208248414447265,-4.537105079144383,2.948459578467699,2.603461503982544,1.0958123207092285,0.9110113544285323,14.128776285130245
wiener,p257_424,high,16.593330612230506,21.642159078221223,8.766963585414011,12.439678880192039,3.9952151775360107,2.8159127235412598,0.981461300185219,21.613321446457768
wiener,p257_425,low,4.7991625402783935,15.488497345060491,-2.8357488569321623,5.054537676624917,3.3518879413604736,2.4583563804626465,0.8978026545815807,15.766529267280713
wiener,p257_426,low,1.1936222733246755,6.824704023989533,-4.3035398211003,-0.6540815592644998,2.1963422298431396,1.4398436546325684,0.8419319485017235,9.190030156882482
wiener,p257_427,low,1.024359158414862,5.091973570936744,-4.147372244749678,-1.7357827806420965,1.6099979877471924,1.0998694896697998,0.7169938587865783,5.4316976537920505
wiener,p257_428,mid,11.167578571680504,18.309444357857018,2.9352910694162264,9.77725596871161,3.4573748111724854,2.827502965927124,0.9684583215172461,18.269785894879874
wiener,p257_429,mid,9.998056266731945,14.459621119019284,0.9683930747277808,5.373800596783781,2.7155914306640625,1.9183156490325928,0.8338229978087027,14.30284468912728
wiener,p257_430,mid,6.650070809986114,10.546680972520894,-0.1060625264534381,3.5484502023910376,2.3275041580200195,1.5851187705993652,0.8782512098187963,10.296300083944484
wiener,p257_431,mid,6.2782497587402775,13.077153334711651,-0.7197919742524268,5.0177317636446395,2.345182418823242,1.6778078079223633,0.9098926027748154,14.019647318388044
wiener,p257_432,mid,9.937230895654602,16.1263796592757,-1.1152400756883447,3.855345473718024,2.78478741645813,1.1108064651489258,0.7459445332552913,16.13140595497345
wiener,p257_433,mid,10.302933227286266,19.167168314490304,0.20297510711600675,8.28443227183393,3.5669033527374268,2.5757601261138916,0.9739179907466432,21.258925999142527
wiener,p257_434,low,0.30021139538668123,18.3689062410144,-4.600316750060813,6.783120376459492,3.515772819519043,2.5850415229797363,0.8831940312783386,18.498993800979786
